subject_id,meal_time,age,gender,bmi,weight_lb,height_in,a1c,fasting_glucose_lab,meal_hour,meal_type,calories,carbs,protein,fat,fiber,amount_consumed,premeal_glucose,glucose_sensor_used,glucose_120min,meal_day_of_week,is_weekend,carb_to_fiber_ratio,total_macros,carb_pct,protein_pct,fat_pct,glucose_diff_baseline
1,2020-05-01 14:23:00,27,M,22.26523858,133.8,65.0,5.4,91,14,Lunch,1170.0,85.0,88.0,54.2,12.0,100.0,109.4,dexcom,103.0,4,0,6.538461538461538,227.2,0.3741197183098592,0.38732394366197187,0.23855633802816903,18.400000000000006
1,2020-05-01 20:48:00,27,M,22.26523858,133.8,65.0,5.4,91,20,Dinner,80.0,18.0,0.0,0.0,0.0,100.0,114.8,dexcom,127.0,4,0,18.0,18.0,1.0,0.0,0.0,23.799999999999997
1,2020-05-02 00:15:00,27,M,22.26523858,133.8,65.0,5.4,91,0,Snack,110.0,24.0,0.0,2.0,0.0,100.0,97.4,dexcom,106.6,5,1,24.0,26.0,0.9230769230769231,0.0,0.07692307692307693,6.400000000000006
1,2020-05-02 08:18:00,27,M,22.26523858,133.8,65.0,5.4,91,8,Breakfast,448.0,66.0,22.0,10.5,0.0,100.0,101.8,dexcom,64.8,5,1,66.0,98.5,0.6700507614213198,0.2233502538071066,0.1065989847715736,10.799999999999997
1,2020-05-02 12:00:00,27,M,22.26523858,133.8,65.0,5.4,91,12,Lunch,840.0,89.0,17.0,42.0,3.0,100.0,80.0,dexcom,91.4,5,1,22.25,148.0,0.6013513513513513,0.11486486486486487,0.28378378378378377,-11.0
1,2020-05-02 16:37:00,27,M,22.26523858,133.8,65.0,5.4,91,16,Snack,38.0,9.0,0.0,0.0,0.0,100.0,96.0,dexcom,85.4,5,1,9.0,9.0,1.0,0.0,0.0,5.0
1,2020-05-02 19:52:00,27,M,22.26523858,133.8,65.0,5.4,91,19,Dinner,330.0,32.0,4.0,22.0,4.0,100.0,94.6,dexcom,133.6,5,1,6.4,58.0,0.5517241379310345,0.06896551724137931,0.3793103448275862,3.5999999999999943
1,2020-05-03 00:03:00,27,M,22.26523858,133.8,65.0,5.4,91,0,Snack,160.0,29.0,2.0,4.0,0.0,100.0,97.8,dexcom,116.8,6,1,29.0,35.0,0.8285714285714286,0.05714285714285714,0.11428571428571428,6.799999999999997
1,2020-05-03 09:07:00,27,M,22.26523858,133.8,65.0,5.4,91,9,Breakfast,608.0,66.0,66.0,10.5,0.0,100.0,95.2,dexcom,87.8,6,1,66.0,142.5,0.4631578947368421,0.4631578947368421,0.07368421052631578,4.200000000000003
1,2020-05-03 14:51:00,27,M,22.26523858,133.8,65.0,5.4,91,14,Lunch,615.0,26.0,67.0,30.0,3.0,100.0,94.0,dexcom,95.4,6,1,6.5,123.0,0.21138211382113822,0.5447154471544715,0.24390243902439024,3.0
1,2020-05-03 20:02:00,27,M,22.26523858,133.8,65.0,5.4,91,20,Dinner,240.0,28.0,9.0,10.0,3.0,100.0,90.6,dexcom,103.6,6,1,7.0,47.0,0.5957446808510638,0.19148936170212766,0.2127659574468085,-0.4000000000000057
1,2020-05-03 20:48:00,27,M,22.26523858,133.8,65.0,5.4,91,20,Snack,90.0,22.0,1.0,0.0,0.0,100.0,101.0,dexcom,111.8,6,1,22.0,23.0,0.9565217391304348,0.043478260869565216,0.0,10.0
1,2020-05-03 22:26:00,27,M,22.26523858,133.8,65.0,5.4,91,22,Snack,107.0,11.0,7.0,3.0,0.0,100.0,103.4,dexcom,114.2,6,1,11.0,21.0,0.5238095238095238,0.3333333333333333,0.14285714285714285,12.400000000000006
1,2020-05-04 09:17:00,27,M,22.26523858,133.8,65.0,5.4,91,9,Breakfast,712.0,66.0,22.0,42.0,0.0,100.0,106.4,dexcom,102.0,0,0,66.0,130.0,0.5076923076923077,0.16923076923076924,0.3230769230769231,15.400000000000006
1,2020-05-04 12:59:00,27,M,22.26523858,133.8,65.0,5.4,91,12,Lunch,555.0,94.0,12.0,13.0,3.0,100.0,101.0,dexcom,121.0,0,0,23.5,119.0,0.7899159663865546,0.10084033613445378,0.1092436974789916,10.0
1,2020-05-04 17:26:00,27,M,22.26523858,133.8,65.0,5.4,91,17,Snack,100.0,27.0,0.0,0.0,0.0,100.0,100.2,dexcom,80.6,0,0,27.0,27.0,1.0,0.0,0.0,9.200000000000003
1,2020-05-04 19:42:00,27,M,22.26523858,133.8,65.0,5.4,91,19,Dinner,210.0,1.0,13.0,17.0,0.0,100.0,92.2,dexcom,103.0,0,0,1.0,31.0,0.03225806451612903,0.41935483870967744,0.5483870967741935,1.2000000000000028
1,2020-05-04 21:47:00,27,M,22.26523858,133.8,65.0,5.4,91,21,Snack,100.0,22.0,0.0,2.0,0.0,100.0,101.2,dexcom,104.0,0,0,22.0,24.0,0.9166666666666666,0.0,0.08333333333333333,10.200000000000003
1,2020-05-05 09:22:00,27,M,22.26523858,133.8,65.0,5.4,91,9,Breakfast,902.0,73.0,66.0,42.0,7.0,100.0,105.2,dexcom,101.0,1,0,9.125,181.0,0.40331491712707185,0.36464088397790057,0.23204419889502761,14.200000000000003
1,2020-05-05 13:16:00,27,M,22.26523858,133.8,65.0,5.4,91,13,Lunch,425.0,28.0,27.0,23.0,3.0,100.0,108.0,dexcom,91.2,1,0,7.0,78.0,0.358974358974359,0.34615384615384615,0.2948717948717949,17.0
1,2020-05-05 21:05:00,27,M,22.26523858,133.8,65.0,5.4,91,21,Dinner,133.0,1.0,27.0,2.0,0.0,100.0,83.0,dexcom,105.6,1,0,1.0,30.0,0.03333333333333333,0.9,0.06666666666666667,-8.0
1,2020-05-05 21:18:00,27,M,22.26523858,133.8,65.0,5.4,91,21,Dinner,60.0,14.0,0.0,0.0,1.0,100.0,85.6,dexcom,104.8,1,0,7.0,14.0,1.0,0.0,0.0,-5.400000000000006
1,2020-05-06 08:54:00,27,M,22.26523858,133.8,65.0,5.4,91,8,Breakfast,268.0,24.0,22.0,10.5,0.0,100.0,110.0,dexcom,94.0,2,0,24.0,56.5,0.4247787610619469,0.3893805309734513,0.18584070796460178,19.0
1,2020-05-06 12:25:00,27,M,22.26523858,133.8,65.0,5.4,91,12,Lunch,1110.0,93.0,84.0,44.0,3.0,100.0,103.8,dexcom,107.0,2,0,23.25,221.0,0.42081447963800905,0.38009049773755654,0.19909502262443438,12.799999999999997
1,2020-05-06 19:56:00,27,M,22.26523858,133.8,65.0,5.4,91,19,Dinner,242.0,42.0,7.0,5.0,0.0,100.0,89.0,dexcom,89.6,2,0,42.0,54.0,0.7777777777777778,0.12962962962962962,0.09259259259259259,-2.0
1,2020-05-06 20:58:00,27,M,22.26523858,133.8,65.0,5.4,91,20,Dinner,193.0,32.0,5.0,4.0,3.0,100.0,98.4,dexcom,101.2,2,0,8.0,41.0,0.7804878048780488,0.12195121951219512,0.0975609756097561,7.400000000000006
1,2020-05-07 10:07:00,27,M,22.26523858,133.8,65.0,5.4,91,10,Breakfast,448.0,66.0,22.0,10.5,0.0,100.0,112.2,dexcom,110.8,3,0,66.0,98.5,0.6700507614213198,0.2233502538071066,0.1065989847715736,21.200000000000003
1,2020-05-07 14:12:00,27,M,22.26523858,133.8,65.0,5.4,91,14,Lunch,575.0,76.0,22.0,19.0,12.0,100.0,96.8,dexcom,120.2,3,0,5.846153846153846,117.0,0.6495726495726496,0.18803418803418803,0.1623931623931624,5.799999999999997
1,2020-05-07 19:36:00,27,M,22.26523858,133.8,65.0,5.4,91,19,Dinner,420.0,0.0,17.0,8.0,0.0,100.0,99.4,dexcom,134.8,3,0,0.0,25.0,0.0,0.68,0.32,8.400000000000006
1,2020-05-07 21:50:00,27,M,22.26523858,133.8,65.0,5.4,91,21,Snack,98.0,18.0,1.9,2.0,0.0,100.0,105.8,dexcom,100.8,3,0,18.0,21.9,0.8219178082191781,0.0867579908675799,0.09132420091324202,14.799999999999997
1,2020-05-08 09:58:00,27,M,22.26523858,133.8,65.0,5.4,91,9,Breakfast,608.0,66.0,66.0,10.5,0.0,100.0,109.4,dexcom,118.2,4,0,66.0,142.5,0.4631578947368421,0.4631578947368421,0.07368421052631578,18.400000000000006
1,2020-05-08 13:26:00,27,M,22.26523858,133.8,65.0,5.4,91,13,Lunch,585.0,40.0,76.0,17.0,12.0,100.0,110.0,dexcom,97.2,4,0,3.076923076923077,133.0,0.3007518796992481,0.5714285714285714,0.12781954887218044,19.0
1,2020-05-08 20:16:00,27,M,22.26523858,133.8,65.0,5.4,91,20,Dinner,370.0,32.0,16.0,21.0,0.0,100.0,100.4,dexcom,126.4,4,0,32.0,69.0,0.463768115942029,0.2318840579710145,0.30434782608695654,9.400000000000006
1,2020-05-08 20:22:00,27,M,22.26523858,133.8,65.0,5.4,91,20,Dinner,133.0,12.0,2.7,8.0,0.0,100.0,98.6,dexcom,128.2,4,0,12.0,22.7,0.5286343612334802,0.11894273127753305,0.3524229074889868,7.599999999999994
1,2020-05-08 22:29:00,27,M,22.26523858,133.8,65.0,5.4,91,22,Snack,120.0,28.0,1.0,0.0,0.0,100.0,138.0,dexcom,125.0,4,0,28.0,29.0,0.9655172413793104,0.034482758620689655,0.0,47.0
1,2020-05-09 09:35:00,27,M,22.26523858,133.8,65.0,5.4,91,9,Breakfast,712.0,66.0,22.0,42.0,0.0,100.0,107.4,dexcom,92.0,5,1,66.0,130.0,0.5076923076923077,0.16923076923076924,0.3230769230769231,16.400000000000006
1,2020-05-09 13:46:00,27,M,22.26523858,133.8,65.0,5.4,91,13,Lunch,445.0,43.0,20.0,20.0,12.0,100.0,115.6,dexcom,117.6,5,1,3.3076923076923075,83.0,0.5180722891566265,0.24096385542168675,0.24096385542168675,24.599999999999994
1,2020-05-09 18:26:00,27,M,22.26523858,133.8,65.0,5.4,91,18,Dinner,120.0,28.0,1.0,0.0,0.0,100.0,120.4,dexcom,143.6,5,1,28.0,29.0,0.9655172413793104,0.034482758620689655,0.0,29.400000000000006
1,2020-05-09 18:41:00,27,M,22.26523858,133.8,65.0,5.4,91,18,Dinner,120.0,0.0,20.0,5.0,0.0,100.0,153.8,dexcom,140.2,5,1,0.0,25.0,0.0,0.8,0.2,62.80000000000001
1,2020-05-10 09:27:00,27,M,22.26523858,133.8,65.0,5.4,91,9,Breakfast,268.0,24.0,22.0,10.5,0.0,100.0,116.0,dexcom,116.0,6,1,24.0,56.5,0.4247787610619469,0.3893805309734513,0.18584070796460178,25.0
1,2020-05-10 12:47:00,27,M,22.26523858,133.8,65.0,5.4,91,12,Lunch,735.0,94.0,44.0,20.0,,100.0,108.4,dexcom,118.8,6,1,,158.0,0.5949367088607594,0.27848101265822783,0.12658227848101267,17.400000000000006
1,2020-05-10 19:59:00,27,M,22.26523858,133.8,65.0,5.4,91,19,Dinner,100.0,26.0,0.0,0.0,0.0,100.0,106.0,dexcom,123.0,6,1,26.0,26.0,1.0,0.0,0.0,15.0
1,2020-05-11 10:58:00,27,M,22.26523858,133.8,65.0,5.4,91,10,Breakfast,902.0,73.0,22.0,42.0,7.0,100.0,89.1333,libre,95.1333,0,0,9.125,137.0,0.5328467153284672,0.16058394160583941,0.30656934306569344,-1.8666999999999945
2,2019-11-16 10:03:00,49,F,30.94674189,169.2,62.0,5.5,93,10,Breakfast,448.0,66.0,22.0,10.5,0.0,100.0,103.8,dexcom,138.4,5,1,66.0,98.5,0.6700507614213198,0.2233502538071066,0.1065989847715736,10.799999999999997
2,2019-11-16 13:27:00,49,F,30.94674189,169.2,62.0,5.5,93,13,Lunch,830.0,92.0,17.0,42.0,10.0,100.0,67.8,dexcom,137.6,5,1,8.363636363636363,151.0,0.609271523178808,0.11258278145695365,0.2781456953642384,-25.200000000000003
2,2019-11-16 15:21:00,49,F,30.94674189,169.2,62.0,5.5,93,15,Snack,192.0,0.0,7.0,0.0,2.0,100.0,125.0,dexcom,94.0,5,1,0.0,7.0,0.0,1.0,0.0,32.0
2,2019-11-16 17:14:00,49,F,30.94674189,169.2,62.0,5.5,93,17,Dinner,560.0,47.0,21.0,32.0,4.0,100.0,94.0,dexcom,123.0,5,1,9.4,100.0,0.47,0.21,0.32,1.0
2,2019-11-16 19:18:00,49,F,30.94674189,169.2,62.0,5.5,93,19,Snack,191.0,26.0,4.0,7.0,0.0,100.0,116.6,dexcom,176.4,5,1,26.0,37.0,0.7027027027027027,0.10810810810810811,0.1891891891891892,23.599999999999994
2,2019-11-17 10:33:00,49,F,30.94674189,169.2,62.0,5.5,93,10,Breakfast,608.0,66.0,66.0,10.5,0.0,100.0,108.4,dexcom,145.2,6,1,66.0,142.5,0.4631578947368421,0.4631578947368421,0.07368421052631578,15.400000000000006
2,2019-11-17 14:24:00,49,F,30.94674189,169.2,62.0,5.5,93,14,Lunch,435.0,16.0,66.0,14.0,4.0,100.0,107.0,dexcom,96.0,6,1,3.2,96.0,0.16666666666666666,0.6875,0.14583333333333334,14.0
2,2019-11-17 19:34:00,49,F,30.94674189,169.2,62.0,5.5,93,19,Snack,85.0,21.0,2.0,0.0,1.0,100.0,108.0,dexcom,130.0,6,1,10.5,23.0,0.9130434782608695,0.08695652173913043,0.0,15.0
2,2019-11-18 09:41:00,49,F,30.94674189,169.2,62.0,5.5,93,9,Breakfast,712.0,66.0,22.0,42.0,0.0,100.0,100.0,dexcom,191.6,0,0,66.0,130.0,0.5076923076923077,0.16923076923076924,0.3230769230769231,7.0
2,2019-11-18 13:15:00,49,F,30.94674189,169.2,62.0,5.5,93,13,Lunch,555.0,94.0,12.0,13.0,5.0,100.0,67.4,dexcom,207.2,0,0,15.666666666666666,119.0,0.7899159663865546,0.10084033613445378,0.1092436974789916,-25.599999999999994
2,2019-11-18 18:03:00,49,F,30.94674189,169.2,62.0,5.5,93,18,Dinner,488.0,21.0,22.0,13.0,4.0,100.0,104.0,dexcom,137.4,0,0,4.2,56.0,0.375,0.39285714285714285,0.23214285714285715,11.0
2,2019-11-19 09:28:00,49,F,30.94674189,169.2,62.0,5.5,93,9,Breakfast,902.0,73.0,66.0,42.0,7.0,100.0,152.2,dexcom,128.2,1,0,9.125,181.0,0.40331491712707185,0.36464088397790057,0.23204419889502761,59.19999999999999
2,2019-11-19 13:05:00,49,F,30.94674189,169.2,62.0,5.5,93,13,Lunch,355.0,19.0,32.0,15.0,5.0,100.0,108.8,dexcom,114.8,1,0,3.1666666666666665,66.0,0.2878787878787879,0.48484848484848486,0.22727272727272727,15.799999999999997
2,2019-11-19 19:09:00,49,F,30.94674189,169.2,62.0,5.5,93,19,Dinner,140.0,27.0,5.0,1.0,1.0,100.0,114.0,dexcom,208.0,1,0,13.5,33.0,0.8181818181818182,0.15151515151515152,0.030303030303030304,21.0
2,2019-11-19 19:15:00,49,F,30.94674189,169.2,62.0,5.5,93,19,Dinner,158.0,2.0,32.0,1.0,0.0,100.0,113.2,dexcom,206.2,1,0,2.0,35.0,0.05714285714285714,0.9142857142857143,0.02857142857142857,20.200000000000003
2,2019-11-19 19:26:00,49,F,30.94674189,169.2,62.0,5.5,93,19,Dinner,132.0,11.0,1.0,9.0,2.0,100.0,110.8,dexcom,192.0,1,0,3.6666666666666665,21.0,0.5238095238095238,0.047619047619047616,0.42857142857142855,17.799999999999997
2,2019-11-20 07:35:00,49,F,30.94674189,169.2,62.0,5.5,93,7,Breakfast,268.0,24.0,22.0,10.5,0.0,100.0,106.0,dexcom,96.2,2,0,24.0,56.5,0.4247787610619469,0.3893805309734513,0.18584070796460178,13.0
2,2019-11-20 12:25:00,49,F,30.94674189,169.2,62.0,5.5,93,12,Lunch,1110.0,93.0,84.0,44.0,4.0,100.0,109.6,dexcom,175.4,2,0,18.6,221.0,0.42081447963800905,0.38009049773755654,0.19909502262443438,16.599999999999994
2,2019-11-20 18:54:00,49,F,30.94674189,169.2,62.0,5.5,93,18,Dinner,148.0,18.0,3.0,7.0,2.0,100.0,105.0,dexcom,144.0,2,0,6.0,28.0,0.6428571428571429,0.10714285714285714,0.25,12.0
2,2019-11-20 18:56:00,49,F,30.94674189,169.2,62.0,5.5,93,18,Dinner,48.0,2.0,0.0,0.0,0.0,100.0,102.2,dexcom,142.8,2,0,2.0,2.0,1.0,0.0,0.0,9.200000000000003
2,2019-11-21 09:55:00,49,F,30.94674189,169.2,62.0,5.5,93,9,Breakfast,448.0,66.0,22.0,10.5,0.0,100.0,95.0,dexcom,202.6,3,0,66.0,98.5,0.6700507614213198,0.2233502538071066,0.1065989847715736,2.0
2,2019-11-21 13:49:00,49,F,30.94674189,169.2,62.0,5.5,93,13,Lunch,575.0,76.0,22.0,18.5,11.0,100.0,73.0,dexcom,169.0,3,0,6.333333333333333,116.5,0.6523605150214592,0.1888412017167382,0.15879828326180256,-20.0
2,2019-11-21 18:17:00,49,F,30.94674189,169.2,62.0,5.5,93,18,Dinner,348.0,10.0,26.0,22.0,2.0,100.0,107.0,dexcom,188.8,3,0,3.3333333333333335,58.0,0.1724137931034483,0.4482758620689655,0.3793103448275862,14.0
2,2019-11-21 18:53:00,49,F,30.94674189,169.2,62.0,5.5,93,18,Dinner,193.0,0.0,0.0,0.0,0.0,50.0,112.8,dexcom,176.4,3,0,0.0,0.0,0.0,0.0,0.0,19.799999999999997
2,2019-11-21 19:40:00,49,F,30.94674189,169.2,62.0,5.5,93,19,Dinner,41.0,3.0,2.0,2.0,0.0,80.0,204.6,dexcom,166.8,3,0,3.0,7.0,0.42857142857142855,0.2857142857142857,0.2857142857142857,111.6
2,2019-11-22 08:48:00,49,F,30.94674189,169.2,62.0,5.5,93,8,Breakfast,608.0,66.0,66.0,10.5,0.0,100.0,110.0,dexcom,131.6,4,0,66.0,142.5,0.4631578947368421,0.4631578947368421,0.07368421052631578,17.0
2,2019-11-22 13:16:00,49,F,30.94674189,169.2,62.0,5.5,93,13,Lunch,585.0,40.0,76.0,17.0,13.0,100.0,96.2,dexcom,129.0,4,0,2.857142857142857,133.0,0.3007518796992481,0.5714285714285714,0.12781954887218044,3.200000000000003
2,2019-11-22 18:50:00,49,F,30.94674189,169.2,62.0,5.5,93,18,Dinner,626.0,42.0,25.0,38.0,2.0,100.0,134.0,dexcom,138.4,4,0,14.0,105.0,0.4,0.23809523809523808,0.3619047619047619,41.0
2,2019-11-23 09:59:00,49,F,30.94674189,169.2,62.0,5.5,93,9,Breakfast,712.0,66.0,22.0,42.0,0.0,100.0,111.0,dexcom,152.0,5,1,66.0,130.0,0.5076923076923077,0.16923076923076924,0.3230769230769231,18.0
2,2019-11-23 14:30:00,49,F,30.94674189,169.2,62.0,5.5,93,14,Lunch,445.0,43.0,20.0,20.0,13.0,100.0,99.8,dexcom,166.0,5,1,3.0714285714285716,83.0,0.5180722891566265,0.24096385542168675,0.24096385542168675,6.799999999999997
2,2019-11-23 19:04:00,49,F,30.94674189,169.2,62.0,5.5,93,19,Dinner,382.0,30.0,46.0,57.0,2.0,100.0,108.0,dexcom,150.0,5,1,10.0,133.0,0.22556390977443608,0.3458646616541353,0.42857142857142855,15.0
2,2019-11-23 19:21:00,49,F,30.94674189,169.2,62.0,5.5,93,19,Dinner,291.0,33.0,6.0,14.0,1.0,100.0,107.8,dexcom,142.8,5,1,16.5,53.0,0.6226415094339622,0.11320754716981132,0.2641509433962264,14.799999999999997
2,2019-11-24 08:09:00,49,F,30.94674189,169.2,62.0,5.5,93,8,Breakfast,268.0,24.0,22.0,10.5,0.0,100.0,112.0,dexcom,130.0,6,1,24.0,56.5,0.4247787610619469,0.3893805309734513,0.18584070796460178,19.0
2,2019-11-24 11:48:00,49,F,30.94674189,169.2,62.0,5.5,93,11,Lunch,725.0,94.0,44.0,20.0,4.0,100.0,101.2,dexcom,198.6,6,1,18.8,158.0,0.5949367088607594,0.27848101265822783,0.12658227848101267,8.200000000000003
2,2019-11-24 17:58:00,49,F,30.94674189,169.2,62.0,5.5,93,17,Dinner,694.0,90.0,33.0,19.0,11.0,100.0,109.2,dexcom,150.6,6,1,7.5,142.0,0.6338028169014085,0.2323943661971831,0.13380281690140844,16.200000000000003
2,2019-11-24 18:18:00,49,F,30.94674189,169.2,62.0,5.5,93,18,Dinner,246.0,7.0,2.0,22.0,1.0,100.0,121.8,dexcom,157.0,6,1,3.5,31.0,0.22580645161290322,0.06451612903225806,0.7096774193548387,28.799999999999997
2,2019-11-25 20:23:00,49,F,30.94674189,169.2,62.0,5.5,93,20,Breakfast,902.0,73.0,22.0,42.0,7.0,100.0,75.4667,libre,70.5333,0,0,9.125,137.0,0.5328467153284672,0.16058394160583941,0.30656934306569344,-17.533299999999997
3,2020-03-11 12:09:00,59,F,26.94868993,157.0,64.0,6.5,118,12,Lunch,1180.0,81.0,88.0,54.5,18.0,50.0,111.0,dexcom,167.0,2,0,4.2631578947368425,223.5,0.3624161073825503,0.39373601789709173,0.24384787472035793,-7.0
3,2020-03-11 19:38:00,59,F,26.94868993,157.0,64.0,6.5,118,19,Dinner,360.0,57.0,12.0,1.0,9.0,100.0,104.8,dexcom,175.4,2,0,5.7,70.0,0.8142857142857143,0.17142857142857143,0.014285714285714285,-13.200000000000003
3,2020-03-12 10:17:00,59,F,26.94868993,157.0,64.0,6.5,118,10,Breakfast,448.0,66.0,22.0,10.5,0.0,100.0,121.6,dexcom,137.6,3,0,66.0,98.5,0.6700507614213198,0.2233502538071066,0.1065989847715736,3.5999999999999943
3,2020-03-12 14:25:00,59,F,26.94868993,157.0,64.0,6.5,118,14,Lunch,830.0,92.0,17.0,42.0,10.0,90.0,85.2,dexcom,153.0,3,0,8.363636363636363,151.0,0.609271523178808,0.11258278145695365,0.2781456953642384,-32.8
3,2020-03-12 20:04:00,59,F,26.94868993,157.0,64.0,6.5,118,20,Dinner,549.0,54.0,49.0,16.0,8.0,100.0,101.0,dexcom,151.0,3,0,6.0,119.0,0.453781512605042,0.4117647058823529,0.13445378151260504,-17.0
3,2020-03-13 08:27:00,59,F,26.94868993,157.0,64.0,6.5,118,8,Breakfast,608.0,66.0,66.0,10.5,0.0,100.0,116.8,dexcom,114.6,4,0,66.0,142.5,0.4631578947368421,0.4631578947368421,0.07368421052631578,-1.2000000000000028
3,2020-03-13 12:33:00,59,F,26.94868993,157.0,64.0,6.5,118,12,Lunch,435.0,16.0,66.0,14.0,4.0,60.0,101.2,dexcom,102.4,4,0,3.2,96.0,0.16666666666666666,0.6875,0.14583333333333334,-16.799999999999997
3,2020-03-13 17:03:00,59,F,26.94868993,157.0,64.0,6.5,118,17,Snack,57.0,9.0,1.0,1.0,2.0,100.0,119.8,dexcom,95.0,4,0,3.0,11.0,0.8181818181818182,0.09090909090909091,0.09090909090909091,1.7999999999999972
3,2020-03-13 20:53:00,59,F,26.94868993,157.0,64.0,6.5,118,20,Snack,420.0,23.0,2.0,12.0,2.0,100.0,90.8,dexcom,163.2,4,0,7.666666666666667,37.0,0.6216216216216216,0.05405405405405406,0.32432432432432434,-27.200000000000003
3,2020-03-14 09:35:00,59,F,26.94868993,157.0,64.0,6.5,118,9,Breakfast,712.0,66.0,22.0,42.0,0.0,100.0,112.2,dexcom,149.8,5,1,66.0,130.0,0.5076923076923077,0.16923076923076924,0.3230769230769231,-5.799999999999997
3,2020-03-14 13:33:00,59,F,26.94868993,157.0,64.0,6.5,118,13,Lunch,555.0,94.0,12.0,13.0,5.0,60.0,83.0,dexcom,184.6,5,1,15.666666666666666,119.0,0.7899159663865546,0.10084033613445378,0.1092436974789916,-35.0
3,2020-03-14 19:57:00,59,F,26.94868993,157.0,64.0,6.5,118,19,Dinner,706.0,72.0,48.0,13.0,2.0,100.0,95.6,dexcom,158.2,5,1,24.0,133.0,0.5413533834586466,0.3609022556390977,0.09774436090225563,-22.400000000000006
3,2020-03-15 09:12:00,59,F,26.94868993,157.0,64.0,6.5,118,9,Breakfast,902.0,73.0,66.0,42.0,7.0,100.0,117.8,dexcom,154.4,6,1,9.125,181.0,0.40331491712707185,0.36464088397790057,0.23204419889502761,-0.20000000000000284
3,2020-03-15 14:06:00,59,F,26.94868993,157.0,64.0,6.5,118,14,Lunch,355.0,19.0,32.0,15.0,5.0,60.0,93.6,dexcom,97.0,6,1,3.1666666666666665,66.0,0.2878787878787879,0.48484848484848486,0.22727272727272727,-24.400000000000006
3,2020-03-15 20:05:00,59,F,26.94868993,157.0,64.0,6.5,118,20,Dinner,257.0,26.0,34.0,2.0,9.0,100.0,111.8,dexcom,110.4,6,1,2.6,62.0,0.41935483870967744,0.5483870967741935,0.03225806451612903,-6.200000000000003
3,2020-03-16 08:14:00,59,F,26.94868993,157.0,64.0,6.5,118,8,Breakfast,268.0,24.0,22.0,10.5,0.0,100.0,108.0,dexcom,99.0,0,0,24.0,56.5,0.4247787610619469,0.3893805309734513,0.18584070796460178,-10.0
3,2020-03-16 13:32:00,59,F,26.94868993,157.0,64.0,6.5,118,13,Lunch,1110.0,93.0,84.0,44.0,4.0,70.0,102.0,dexcom,137.0,0,0,18.6,221.0,0.42081447963800905,0.38009049773755654,0.19909502262443438,-16.0
3,2020-03-16 17:20:00,59,F,26.94868993,157.0,64.0,6.5,118,17,Snack,17.0,4.0,0.0,0.0,2.0,100.0,99.8,dexcom,104.0,0,0,1.3333333333333333,4.0,1.0,0.0,0.0,-18.200000000000003
3,2020-03-16 20:15:00,59,F,26.94868993,157.0,64.0,6.5,118,20,Dinner,318.0,57.0,20.0,1.0,10.0,100.0,121.0,dexcom,144.8,0,0,5.181818181818182,78.0,0.7307692307692307,0.2564102564102564,0.01282051282051282,3.0
3,2020-03-17 09:07:00,59,F,26.94868993,157.0,64.0,6.5,118,9,Breakfast,448.0,66.0,22.0,10.5,0.0,100.0,117.0,dexcom,132.4,1,0,66.0,98.5,0.6700507614213198,0.2233502538071066,0.1065989847715736,-1.0
3,2020-03-17 13:24:00,59,F,26.94868993,157.0,64.0,6.5,118,13,Lunch,575.0,76.0,22.0,18.5,11.0,100.0,83.0,dexcom,177.0,1,0,6.333333333333333,116.5,0.6523605150214592,0.1888412017167382,0.15879828326180256,-35.0
3,2020-03-17 20:02:00,59,F,26.94868993,157.0,64.0,6.5,118,20,Dinner,690.0,89.0,33.0,22.0,3.0,100.0,104.2,dexcom,146.2,1,0,22.25,144.0,0.6180555555555556,0.22916666666666666,0.1527777777777778,-13.799999999999997
3,2020-03-18 09:15:00,59,F,26.94868993,157.0,64.0,6.5,118,9,Breakfast,608.0,66.0,66.0,10.5,0.0,100.0,114.8,dexcom,106.0,2,0,66.0,142.5,0.4631578947368421,0.4631578947368421,0.07368421052631578,-3.200000000000003
3,2020-03-18 13:34:00,59,F,26.94868993,157.0,64.0,6.5,118,13,Lunch,585.0,40.0,76.0,17.0,13.0,60.0,110.0,dexcom,110.0,2,0,2.857142857142857,133.0,0.3007518796992481,0.5714285714285714,0.12781954887218044,-8.0
3,2020-03-18 16:56:00,59,F,26.94868993,157.0,64.0,6.5,118,16,Snack,104.0,27.0,1.0,0.0,1.0,100.0,108.2,dexcom,105.0,2,0,13.5,28.0,0.9642857142857143,0.03571428571428571,0.0,-9.799999999999997
3,2020-03-18 20:12:00,59,F,26.94868993,157.0,64.0,6.5,118,20,Dinner,559.0,27.0,27.0,39.0,3.0,100.0,94.6,dexcom,121.4,2,0,6.75,93.0,0.2903225806451613,0.2903225806451613,0.41935483870967744,-23.400000000000006
3,2020-03-19 10:08:00,59,F,26.94868993,157.0,64.0,6.5,118,10,Breakfast,712.0,66.0,22.0,42.0,0.0,100.0,112.6,dexcom,140.2,3,0,66.0,130.0,0.5076923076923077,0.16923076923076924,0.3230769230769231,-5.400000000000006
3,2020-03-19 14:07:00,59,F,26.94868993,157.0,64.0,6.5,118,14,Lunch,445.0,43.0,20.0,20.0,13.0,70.0,84.8,dexcom,124.8,3,0,3.0714285714285716,83.0,0.5180722891566265,0.24096385542168675,0.24096385542168675,-33.2
3,2020-03-19 18:20:00,59,F,26.94868993,157.0,64.0,6.5,118,18,Snack,57.0,9.0,1.0,1.0,2.0,100.0,101.0,dexcom,118.8,3,0,3.0,11.0,0.8181818181818182,0.09090909090909091,0.09090909090909091,-17.0
3,2020-03-19 19:46:00,59,F,26.94868993,157.0,64.0,6.5,118,19,Dinner,450.0,48.0,16.0,21.0,3.0,100.0,125.0,dexcom,146.2,3,0,12.0,85.0,0.5647058823529412,0.18823529411764706,0.24705882352941178,7.0
3,2020-03-20 08:13:00,59,F,26.94868993,157.0,64.0,6.5,118,8,Breakfast,268.0,24.0,22.0,10.5,0.0,100.0,110.8,dexcom,99.2,4,0,24.0,56.5,0.4247787610619469,0.3893805309734513,0.18584070796460178,-7.200000000000003
3,2020-03-20 12:45:00,59,F,26.94868993,157.0,64.0,6.5,118,12,Lunch,725.0,94.0,44.0,20.0,4.0,50.0,109.0,dexcom,139.2,4,0,18.8,158.0,0.5949367088607594,0.27848101265822783,0.12658227848101267,-9.0
3,2020-03-20 17:52:00,59,F,26.94868993,157.0,64.0,6.5,118,17,Snack,95.0,25.0,0.0,0.0,4.0,100.0,111.2,dexcom,98.6,4,0,5.0,25.0,1.0,0.0,0.0,-6.799999999999997
3,2020-03-20 19:46:00,59,F,26.94868993,157.0,64.0,6.5,118,19,Dinner,684.0,52.0,28.0,43.0,9.0,100.0,97.4,dexcom,101.4,4,0,5.2,123.0,0.42276422764227645,0.22764227642276422,0.34959349593495936,-20.599999999999994
3,2020-03-21 07:56:00,59,F,26.94868993,157.0,64.0,6.5,118,7,Breakfast,902.0,73.0,22.0,42.0,7.0,100.0,118.8,libre,117.4,5,1,9.125,137.0,0.5328467153284672,0.16058394160583941,0.30656934306569344,0.7999999999999972
4,2023-09-11 11:30:00,33,F,42.38427939,262.6,66.0,5.5,105,11,Lunch,1180.0,81.0,88.0,54.5,18.0,100.0,104.6,dexcom,119.4,0,0,4.2631578947368425,223.5,0.3624161073825503,0.39373601789709173,0.24384787472035793,-0.4000000000000057
4,2023-09-11 18:57:00,33,F,42.38427939,262.6,66.0,5.5,105,18,Dinner,1038.0,108.0,46.0,45.0,13.0,100.0,110.6,dexcom,162.8,0,0,7.714285714285714,199.0,0.542713567839196,0.23115577889447236,0.22613065326633167,5.599999999999994
4,2023-09-11 19:53:00,33,F,42.38427939,262.6,66.0,5.5,105,19,Dinner,330.0,41.0,6.0,6.0,0.0,100.0,141.0,dexcom,147.4,0,0,41.0,53.0,0.7735849056603774,0.11320754716981132,0.11320754716981132,36.0
4,2023-09-12 09:52:00,33,F,42.38427939,262.6,66.0,5.5,105,9,Breakfast,448.0,66.0,22.0,10.5,0.0,100.0,115.0,dexcom,150.4,1,0,66.0,98.5,0.6700507614213198,0.2233502538071066,0.1065989847715736,10.0
4,2023-09-12 13:29:00,33,F,42.38427939,262.6,66.0,5.5,105,13,Lunch,830.0,92.0,17.0,42.0,10.0,100.0,94.0,dexcom,102.0,1,0,8.363636363636363,151.0,0.609271523178808,0.11258278145695365,0.2781456953642384,-11.0
4,2023-09-12 18:11:00,33,F,42.38427939,262.6,66.0,5.5,105,18,Snack,110.0,14.0,1.0,5.0,1.0,100.0,91.0,dexcom,100.8,1,0,7.0,20.0,0.7,0.05,0.25,-14.0
4,2023-09-12 18:43:00,33,F,42.38427939,262.6,66.0,5.5,105,18,Snack,80.0,19.0,1.0,0.0,0.0,100.0,92.6,dexcom,116.6,1,0,19.0,20.0,0.95,0.05,0.0,-12.400000000000006
4,2023-09-12 19:40:00,33,F,42.38427939,262.6,66.0,5.5,105,19,Dinner,1012.0,123.0,60.0,25.0,4.0,100.0,133.2,dexcom,119.2,1,0,24.6,208.0,0.5913461538461539,0.28846153846153844,0.1201923076923077,28.19999999999999
4,2023-09-12 20:31:00,33,F,42.38427939,262.6,66.0,5.5,105,20,Snack,1030.0,112.0,14.0,59.0,1.0,100.0,110.2,dexcom,105.6,1,0,56.0,185.0,0.6054054054054054,0.07567567567567568,0.31891891891891894,5.200000000000003
4,2023-09-13 09:49:00,33,F,42.38427939,262.6,66.0,5.5,105,9,Breakfast,608.0,66.0,66.0,10.5,0.0,100.0,102.0,dexcom,135.0,2,0,66.0,142.5,0.4631578947368421,0.4631578947368421,0.07368421052631578,-3.0
4,2023-09-13 13:37:00,33,F,42.38427939,262.6,66.0,5.5,105,13,Lunch,435.0,16.0,66.0,14.0,4.0,100.0,91.4,dexcom,97.0,2,0,3.2,96.0,0.16666666666666666,0.6875,0.14583333333333334,-13.599999999999994
4,2023-09-13 16:45:00,33,F,42.38427939,262.6,66.0,5.5,105,16,Dinner,595.0,74.0,17.0,26.0,6.0,100.0,105.0,dexcom,97.8,2,0,10.571428571428571,117.0,0.6324786324786325,0.1452991452991453,0.2222222222222222,0.0
4,2023-09-13 16:49:00,33,F,42.38427939,262.6,66.0,5.5,105,16,Dinner,798.0,73.0,31.0,43.0,15.0,100.0,105.0,dexcom,97.0,2,0,4.5625,147.0,0.4965986394557823,0.2108843537414966,0.2925170068027211,0.0
4,2023-09-13 21:14:00,33,F,42.38427939,262.6,66.0,5.5,105,21,Snack,150.0,13.0,3.0,20.0,7.0,100.0,108.0,dexcom,124.0,2,0,1.625,36.0,0.3611111111111111,0.08333333333333333,0.5555555555555556,3.0
4,2023-09-14 08:55:00,33,F,42.38427939,262.6,66.0,5.5,105,8,Breakfast,712.0,66.0,22.0,42.0,0.0,100.0,103.2,dexcom,150.6,3,0,66.0,130.0,0.5076923076923077,0.16923076923076924,0.3230769230769231,-1.7999999999999972
4,2023-09-14 12:31:00,33,F,42.38427939,262.6,66.0,5.5,105,12,Lunch,555.0,94.0,12.0,13.0,5.0,100.0,88.8,dexcom,157.0,3,0,15.666666666666666,119.0,0.7899159663865546,0.10084033613445378,0.1092436974789916,-16.200000000000003
4,2023-09-14 15:47:00,33,F,42.38427939,262.6,66.0,5.5,105,15,Snack,350.0,37.0,14.0,18.0,6.0,100.0,121.2,dexcom,112.8,3,0,5.285714285714286,69.0,0.5362318840579711,0.2028985507246377,0.2608695652173913,16.200000000000003
4,2023-09-14 19:54:00,33,F,42.38427939,262.6,66.0,5.5,105,19,Dinner,1860.0,204.0,102.0,72.0,9.0,100.0,100.0,dexcom,138.0,3,0,20.4,378.0,0.5396825396825397,0.2698412698412698,0.19047619047619047,-5.0
4,2023-09-15 09:01:00,33,F,42.38427939,262.6,66.0,5.5,105,9,Breakfast,902.0,73.0,66.0,42.0,7.0,100.0,107.0,dexcom,131.4,4,0,9.125,181.0,0.40331491712707185,0.36464088397790057,0.23204419889502761,2.0
4,2023-09-15 12:34:00,33,F,42.38427939,262.6,66.0,5.5,105,12,Lunch,355.0,19.0,32.0,15.0,5.0,100.0,96.0,dexcom,95.0,4,0,3.1666666666666665,66.0,0.2878787878787879,0.48484848484848486,0.22727272727272727,-9.0
4,2023-09-15 15:59:00,33,F,42.38427939,262.6,66.0,5.5,105,15,Snack,540.0,44.0,21.0,34.0,8.0,100.0,94.0,dexcom,123.0,4,0,4.888888888888889,99.0,0.4444444444444444,0.21212121212121213,0.3434343434343434,-11.0
4,2023-09-15 18:03:00,33,F,42.38427939,262.6,66.0,5.5,105,18,Dinner,1240.0,136.0,68.0,48.0,6.0,100.0,120.6,dexcom,122.8,4,0,19.428571428571427,252.0,0.5396825396825397,0.2698412698412698,0.19047619047619047,15.599999999999994
4,2023-09-15 20:23:00,33,F,42.38427939,262.6,66.0,5.5,105,20,Dinner,458.0,17.0,25.0,11.0,7.0,100.0,123.2,dexcom,129.8,4,0,2.125,53.0,0.32075471698113206,0.4716981132075472,0.20754716981132076,18.200000000000003
4,2023-09-15 20:45:00,33,F,42.38427939,262.6,66.0,5.5,105,20,Dinner,230.0,27.0,3.0,12.0,0.0,100.0,117.2,dexcom,128.6,4,0,27.0,42.0,0.6428571428571429,0.07142857142857142,0.2857142857142857,12.200000000000003
4,2023-09-16 08:56:00,33,F,42.38427939,262.6,66.0,5.5,105,8,Breakfast,268.0,24.0,22.0,10.5,0.0,100.0,96.4,dexcom,87.0,5,1,24.0,56.5,0.4247787610619469,0.3893805309734513,0.18584070796460178,-8.599999999999994
4,2023-09-16 12:25:00,33,F,42.38427939,262.6,66.0,5.5,105,12,Lunch,1110.0,93.0,84.0,44.0,4.0,100.0,96.6,dexcom,126.4,5,1,18.6,221.0,0.42081447963800905,0.38009049773755654,0.19909502262443438,-8.400000000000006
4,2023-09-16 15:46:00,33,F,42.38427939,262.6,66.0,5.5,105,15,Snack,195.0,42.0,5.0,2.0,3.0,100.0,106.2,dexcom,91.2,5,1,10.5,49.0,0.8571428571428571,0.10204081632653061,0.04081632653061224,1.2000000000000028
4,2023-09-16 17:42:00,33,F,42.38427939,262.6,66.0,5.5,105,17,Dinner,580.0,47.0,45.0,25.0,4.0,100.0,92.8,dexcom,107.4,5,1,9.4,117.0,0.4017094017094017,0.38461538461538464,0.21367521367521367,-12.200000000000003
4,2023-09-16 22:39:00,33,F,42.38427939,262.6,66.0,5.5,105,22,Dinner,140.0,17.0,2.0,8.0,0.0,100.0,100.0,dexcom,107.0,5,1,17.0,27.0,0.6296296296296297,0.07407407407407407,0.2962962962962963,-5.0
4,2023-09-17 08:49:00,33,F,42.38427939,262.6,66.0,5.5,105,8,Breakfast,448.0,66.0,22.0,10.5,0.0,100.0,94.0,dexcom,141.0,6,1,66.0,98.5,0.6700507614213198,0.2233502538071066,0.1065989847715736,-11.0
4,2023-09-17 12:26:00,33,F,42.38427939,262.6,66.0,5.5,105,12,Lunch,575.0,76.0,22.0,18.5,11.0,100.0,81.4,dexcom,137.2,6,1,6.333333333333333,116.5,0.6523605150214592,0.1888412017167382,0.15879828326180256,-23.599999999999994
4,2023-09-17 15:31:00,33,F,42.38427939,262.6,66.0,5.5,105,15,Snack,566.0,46.0,61.0,15.0,0.0,100.0,105.0,dexcom,109.8,6,1,46.0,122.0,0.3770491803278688,0.5,0.12295081967213115,0.0
4,2023-09-17 15:42:00,33,F,42.38427939,262.6,66.0,5.5,105,15,Snack,66.0,10.0,1.0,3.0,0.0,100.0,106.0,dexcom,109.8,6,1,10.0,14.0,0.7142857142857143,0.07142857142857142,0.21428571428571427,1.0
4,2023-09-17 18:59:00,33,F,42.38427939,262.6,66.0,5.5,105,18,Snack,300.0,38.0,4.0,16.0,2.0,100.0,97.0,dexcom,157.0,6,1,12.666666666666666,58.0,0.6551724137931034,0.06896551724137931,0.27586206896551724,-8.0
4,2023-09-17 20:02:00,33,F,42.38427939,262.6,66.0,5.5,105,20,Dinner,440.0,34.0,25.0,23.0,2.0,100.0,136.8,dexcom,95.4,6,1,11.333333333333334,82.0,0.4146341463414634,0.3048780487804878,0.2804878048780488,31.80000000000001
4,2023-09-17 20:17:00,33,F,42.38427939,262.6,66.0,5.5,105,20,Dinner,360.0,40.0,14.0,16.0,2.0,100.0,159.6,dexcom,92.6,6,1,13.333333333333334,70.0,0.5714285714285714,0.2,0.22857142857142856,54.599999999999994
4,2023-09-17 20:44:00,33,F,42.38427939,262.6,66.0,5.5,105,20,Snack,470.0,65.0,18.0,15.0,0.0,100.0,144.0,dexcom,110.0,6,1,65.0,98.0,0.6632653061224489,0.1836734693877551,0.15306122448979592,39.0
4,2023-09-18 08:57:00,33,F,42.38427939,262.6,66.0,5.5,105,8,Breakfast,608.0,66.0,66.0,10.5,0.0,100.0,92.2,dexcom,121.6,0,0,66.0,142.5,0.4631578947368421,0.4631578947368421,0.07368421052631578,-12.799999999999997
4,2023-09-18 12:23:00,33,F,42.38427939,262.6,66.0,5.5,105,12,Lunch,585.0,40.0,76.0,17.0,13.0,100.0,89.0,dexcom,99.8,0,0,2.857142857142857,133.0,0.3007518796992481,0.5714285714285714,0.12781954887218044,-16.0
4,2023-09-18 15:34:00,33,F,42.38427939,262.6,66.0,5.5,105,15,Snack,194.0,42.0,18.0,8.0,0.0,100.0,102.0,dexcom,111.0,0,0,42.0,68.0,0.6176470588235294,0.2647058823529412,0.11764705882352941,-3.0
4,2023-09-18 18:13:00,33,F,42.38427939,262.6,66.0,5.5,105,18,Snack,501.0,30.0,57.0,15.0,0.0,100.0,98.2,dexcom,109.2,0,0,30.0,102.0,0.29411764705882354,0.5588235294117647,0.14705882352941177,-6.799999999999997
4,2023-09-18 18:28:00,33,F,42.38427939,262.6,66.0,5.5,105,18,Dinner,1592.0,229.0,27.0,67.0,16.0,100.0,100.6,dexcom,122.0,0,0,13.470588235294118,323.0,0.7089783281733746,0.08359133126934984,0.20743034055727555,-4.400000000000006
4,2023-09-18 18:33:00,33,F,42.38427939,262.6,66.0,5.5,105,18,Dinner,140.0,39.0,0.0,0.0,0.0,100.0,101.0,dexcom,127.0,0,0,39.0,39.0,1.0,0.0,0.0,-4.0
4,2023-09-18 22:16:00,33,F,42.38427939,262.6,66.0,5.5,105,22,Dinner,486.0,64.0,32.0,12.0,16.0,100.0,115.8,dexcom,110.4,0,0,3.764705882352941,108.0,0.5925925925925926,0.2962962962962963,0.1111111111111111,10.799999999999997
4,2023-09-18 23:01:00,33,F,42.38427939,262.6,66.0,5.5,105,23,Snack,35.0,5.0,0.0,2.0,0.0,100.0,129.0,dexcom,116.6,0,0,5.0,7.0,0.7142857142857143,0.0,0.2857142857142857,24.0
4,2023-09-19 09:33:00,33,F,42.38427939,262.6,66.0,5.5,105,9,Breakfast,712.0,66.0,22.0,42.0,0.0,100.0,94.4,dexcom,136.8,1,0,66.0,130.0,0.5076923076923077,0.16923076923076924,0.3230769230769231,-10.599999999999994
4,2023-09-19 15:02:00,33,F,42.38427939,262.6,66.0,5.5,105,15,Lunch,445.0,43.0,20.0,20.0,13.0,100.0,100.0,dexcom,98.4,1,0,3.0714285714285716,83.0,0.5180722891566265,0.24096385542168675,0.24096385542168675,-5.0
4,2023-09-19 18:19:00,33,F,42.38427939,262.6,66.0,5.5,105,18,Dinner,2250.0,124.0,116.0,141.0,16.0,100.0,101.0,dexcom,110.0,1,0,7.294117647058823,381.0,0.32545931758530183,0.30446194225721784,0.3700787401574803,-4.0
4,2023-09-19 18:57:00,33,F,42.38427939,262.6,66.0,5.5,105,18,Dinner,730.0,126.0,12.0,13.0,4.0,100.0,94.6,dexcom,117.2,1,0,25.2,151.0,0.8344370860927153,0.07947019867549669,0.08609271523178808,-10.400000000000006
4,2023-09-19 19:08:00,33,F,42.38427939,262.6,66.0,5.5,105,19,Snack,300.0,32.0,8.0,14.0,6.0,100.0,98.6,dexcom,125.6,1,0,4.571428571428571,54.0,0.5925925925925926,0.14814814814814814,0.25925925925925924,-6.400000000000006
4,2023-09-19 20:00:00,33,F,42.38427939,262.6,66.0,5.5,105,20,Dinner,50.0,14.0,0.0,0.0,0.0,100.0,106.4,dexcom,116.0,1,0,14.0,14.0,1.0,0.0,0.0,1.4000000000000057
4,2023-09-19 20:16:00,33,F,42.38427939,262.6,66.0,5.5,105,20,Snack,140.0,39.0,0.0,0.0,0.0,100.0,109.4,dexcom,106.4,1,0,39.0,39.0,1.0,0.0,0.0,4.400000000000006
4,2023-09-19 20:31:00,33,F,42.38427939,262.6,66.0,5.5,105,20,Snack,139.0,35.0,0.0,0.0,0.0,100.0,109.4,dexcom,114.0,1,0,35.0,35.0,1.0,0.0,0.0,4.400000000000006
4,2023-09-19 21:59:00,33,F,42.38427939,262.6,66.0,5.5,105,21,Dinner,440.0,34.0,44.0,14.0,6.0,100.0,117.0,dexcom,103.0,1,0,4.857142857142857,92.0,0.3695652173913043,0.4782608695652174,0.15217391304347827,12.0
4,2023-09-20 09:30:00,33,F,42.38427939,262.6,66.0,5.5,105,9,Breakfast,268.0,24.0,22.0,10.5,0.0,100.0,93.4,dexcom,89.0,2,0,24.0,56.5,0.4247787610619469,0.3893805309734513,0.18584070796460178,-11.599999999999994
4,2023-09-20 13:18:00,33,F,42.38427939,262.6,66.0,5.5,105,13,Lunch,725.0,94.0,44.0,20.0,4.0,100.0,91.6,dexcom,139.6,2,0,18.8,158.0,0.5949367088607594,0.27848101265822783,0.12658227848101267,-13.400000000000006
4,2023-09-20 16:39:00,33,F,42.38427939,262.6,66.0,5.5,105,16,Snack,230.0,27.0,3.0,12.0,0.0,100.0,121.0,dexcom,110.0,2,0,27.0,42.0,0.6428571428571429,0.07142857142857142,0.2857142857142857,16.0
4,2023-09-20 16:47:00,33,F,42.38427939,262.6,66.0,5.5,105,16,Snack,180.0,24.0,21.0,6.0,15.0,100.0,116.6,dexcom,99.2,2,0,1.5,51.0,0.47058823529411764,0.4117647058823529,0.11764705882352941,11.599999999999994
4,2023-09-20 17:01:00,33,F,42.38427939,262.6,66.0,5.5,105,17,Snack,160.0,15.0,2.0,10.0,1.0,100.0,104.4,dexcom,102.0,2,0,7.5,27.0,0.5555555555555556,0.07407407407407407,0.37037037037037035,-0.5999999999999943
4,2023-09-20 18:01:00,33,F,42.38427939,262.6,66.0,5.5,105,18,Dinner,860.0,100.0,32.0,36.0,4.0,100.0,96.8,dexcom,136.2,2,0,20.0,168.0,0.5952380952380952,0.19047619047619047,0.21428571428571427,-8.200000000000003
4,2023-09-20 20:30:00,33,F,42.38427939,262.6,66.0,5.5,105,20,Dinner,215.0,25.0,8.0,9.0,1.0,100.0,109.0,dexcom,139.2,2,0,12.5,42.0,0.5952380952380952,0.19047619047619047,0.21428571428571427,4.0
5,2020-08-17 13:08:00,51,F,30.95753448,172.0,62.5,6.6,144,13,Lunch,1180.0,81.0,88.0,54.5,18.0,100.0,116.0,dexcom,85.0,0,0,4.2631578947368425,223.5,0.3624161073825503,0.39373601789709173,0.24384787472035793,-28.0
5,2020-08-17 19:42:00,51,F,30.95753448,172.0,62.5,6.6,144,19,Dinner,410.0,61.0,24.0,6.0,9.0,100.0,118.0,dexcom,142.2,0,0,6.1,91.0,0.6703296703296703,0.26373626373626374,0.06593406593406594,-26.0
5,2020-08-18 09:51:00,51,F,30.95753448,172.0,62.5,6.6,144,9,Breakfast,448.0,66.0,22.0,10.5,0.0,100.0,159.4,dexcom,276.4,1,0,66.0,98.5,0.6700507614213198,0.2233502538071066,0.1065989847715736,15.400000000000006
5,2020-08-18 13:28:00,51,F,30.95753448,172.0,62.5,6.6,144,13,Lunch,830.0,92.0,17.0,42.0,10.0,100.0,199.0,dexcom,192.0,1,0,8.363636363636363,151.0,0.609271523178808,0.11258278145695365,0.2781456953642384,55.0
5,2020-08-18 19:55:00,51,F,30.95753448,172.0,62.5,6.6,144,19,Dinner,352.0,16.0,32.0,11.0,1.0,100.0,111.6,dexcom,177.8,1,0,8.0,59.0,0.2711864406779661,0.5423728813559322,0.1864406779661017,-32.400000000000006
5,2020-08-18 21:35:00,51,F,30.95753448,172.0,62.5,6.6,144,21,Snack,240.0,25.0,4.0,13.0,7.0,100.0,178.4,dexcom,157.2,1,0,3.125,42.0,0.5952380952380952,0.09523809523809523,0.30952380952380953,34.400000000000006
5,2020-08-19 09:50:00,51,F,30.95753448,172.0,62.5,6.6,144,9,Breakfast,608.0,66.0,66.0,10.5,0.0,100.0,154.2,dexcom,206.2,2,0,66.0,142.5,0.4631578947368421,0.4631578947368421,0.07368421052631578,10.199999999999989
5,2020-08-19 13:22:00,51,F,30.95753448,172.0,62.5,6.6,144,13,Lunch,435.0,16.0,66.0,14.0,4.0,100.0,161.6,dexcom,113.0,2,0,3.2,96.0,0.16666666666666666,0.6875,0.14583333333333334,17.599999999999994
5,2020-08-19 18:19:00,51,F,30.95753448,172.0,62.5,6.6,144,18,Dinner,252.0,33.0,24.0,5.0,0.0,100.0,116.8,dexcom,158.4,2,0,33.0,62.0,0.532258064516129,0.3870967741935484,0.08064516129032258,-27.200000000000003
5,2020-08-19 21:35:00,51,F,30.95753448,172.0,62.5,6.6,144,21,Snack,206.0,36.0,5.0,0.0,10.0,100.0,128.6,dexcom,188.8,2,0,3.272727272727273,41.0,0.8780487804878049,0.12195121951219512,0.0,-15.400000000000006
5,2020-08-20 10:00:00,51,F,30.95753448,172.0,62.5,6.6,144,10,Breakfast,712.0,66.0,22.0,42.0,0.0,100.0,163.2,dexcom,201.4,3,0,66.0,130.0,0.5076923076923077,0.16923076923076924,0.3230769230769231,19.19999999999999
5,2020-08-20 14:58:00,51,F,30.95753448,172.0,62.5,6.6,144,14,Lunch,555.0,94.0,12.0,13.0,5.0,100.0,101.0,dexcom,209.0,3,0,15.666666666666666,119.0,0.7899159663865546,0.10084033613445378,0.1092436974789916,-43.0
5,2020-08-20 19:12:00,51,F,30.95753448,172.0,62.5,6.6,144,19,Snack,115.0,3.0,5.0,9.0,3.0,100.0,197.8,dexcom,106.0,3,0,0.75,17.0,0.17647058823529413,0.29411764705882354,0.5294117647058824,53.80000000000001
5,2020-08-20 20:22:00,51,F,30.95753448,172.0,62.5,6.6,144,20,Dinner,418.0,48.0,29.0,12.0,6.0,100.0,158.6,dexcom,139.0,3,0,6.857142857142857,89.0,0.5393258426966292,0.3258426966292135,0.1348314606741573,14.599999999999994
5,2020-08-21 09:56:00,51,F,30.95753448,172.0,62.5,6.6,144,9,Breakfast,902.0,73.0,66.0,42.0,7.0,100.0,150.4,dexcom,192.2,4,0,9.125,181.0,0.40331491712707185,0.36464088397790057,0.23204419889502761,6.400000000000006
5,2020-08-21 13:57:00,51,F,30.95753448,172.0,62.5,6.6,144,13,Lunch,355.0,19.0,32.0,15.0,5.0,100.0,109.0,dexcom,109.8,4,0,3.1666666666666665,66.0,0.2878787878787879,0.48484848484848486,0.22727272727272727,-35.0
5,2020-08-21 17:42:00,51,F,30.95753448,172.0,62.5,6.6,144,17,Snack,68.0,18.0,2.0,0.0,2.0,100.0,119.6,dexcom,119.4,4,0,6.0,20.0,0.9,0.1,0.0,-24.400000000000006
5,2020-08-21 20:21:00,51,F,30.95753448,172.0,62.5,6.6,144,20,Dinner,306.0,22.0,29.0,13.0,8.0,100.0,109.0,dexcom,148.2,4,0,2.4444444444444446,64.0,0.34375,0.453125,0.203125,-35.0
5,2020-08-21 21:02:00,51,F,30.95753448,172.0,62.5,6.6,144,21,Snack,442.0,69.0,6.0,18.0,2.0,100.0,110.0,dexcom,157.2,4,0,23.0,93.0,0.7419354838709677,0.06451612903225806,0.1935483870967742,-34.0
5,2020-08-22 08:52:00,51,F,30.95753448,172.0,62.5,6.6,144,8,Breakfast,268.0,24.0,22.0,10.5,0.0,100.0,153.0,dexcom,229.0,5,1,24.0,56.5,0.4247787610619469,0.3893805309734513,0.18584070796460178,9.0
5,2020-08-22 12:36:00,51,F,30.95753448,172.0,62.5,6.6,144,12,Lunch,1110.0,93.0,84.0,44.0,4.0,100.0,110.4,dexcom,168.6,5,1,18.6,221.0,0.42081447963800905,0.38009049773755654,0.19909502262443438,-33.599999999999994
5,2020-08-22 16:48:00,51,F,30.95753448,172.0,62.5,6.6,144,16,Snack,102.0,27.0,3.0,0.0,3.0,100.0,147.0,dexcom,143.0,5,1,6.75,30.0,0.9,0.1,0.0,3.0
5,2020-08-22 20:13:00,51,F,30.95753448,172.0,62.5,6.6,144,20,Dinner,545.0,67.0,22.0,18.0,9.0,100.0,121.0,dexcom,138.0,5,1,6.7,107.0,0.6261682242990654,0.205607476635514,0.16822429906542055,-23.0
5,2020-08-22 21:44:00,51,F,30.95753448,172.0,62.5,6.6,144,21,Snack,160.0,24.0,2.0,5.0,0.0,100.0,132.2,dexcom,195.8,5,1,24.0,31.0,0.7741935483870968,0.06451612903225806,0.16129032258064516,-11.800000000000011
5,2020-08-22 21:59:00,51,F,30.95753448,172.0,62.5,6.6,144,21,Snack,225.0,24.0,5.0,14.0,2.0,100.0,137.2,dexcom,182.0,5,1,8.0,43.0,0.5581395348837209,0.11627906976744186,0.32558139534883723,-6.800000000000011
5,2020-08-22 22:53:00,51,F,30.95753448,172.0,62.5,6.6,144,22,Snack,320.0,12.0,14.0,26.0,4.0,100.0,183.0,dexcom,214.0,5,1,2.4,52.0,0.23076923076923078,0.2692307692307692,0.5,39.0
5,2020-08-23 10:48:00,51,F,30.95753448,172.0,62.5,6.6,144,10,Breakfast,448.0,66.0,22.0,10.5,0.0,100.0,167.0,dexcom,263.0,6,1,66.0,98.5,0.6700507614213198,0.2233502538071066,0.1065989847715736,23.0
5,2020-08-23 15:37:00,51,F,30.95753448,172.0,62.5,6.6,144,15,Lunch,575.0,76.0,22.0,18.5,11.0,100.0,86.6,dexcom,138.4,6,1,6.333333333333333,116.5,0.6523605150214592,0.1888412017167382,0.15879828326180256,-57.400000000000006
5,2020-08-23 19:50:00,51,F,30.95753448,172.0,62.5,6.6,144,19,Dinner,351.0,62.0,12.0,7.0,6.0,100.0,136.6,dexcom,176.0,6,1,8.857142857142858,81.0,0.7654320987654321,0.14814814814814814,0.08641975308641975,-7.400000000000006
5,2020-08-24 08:04:00,51,F,30.95753448,172.0,62.5,6.6,144,8,Breakfast,608.0,66.0,66.0,10.5,0.0,100.0,153.0,dexcom,248.4,0,0,66.0,142.5,0.4631578947368421,0.4631578947368421,0.07368421052631578,9.0
5,2020-08-24 12:57:00,51,F,30.95753448,172.0,62.5,6.6,144,12,Lunch,585.0,40.0,76.0,17.0,13.0,100.0,112.8,dexcom,149.8,0,0,2.857142857142857,133.0,0.3007518796992481,0.5714285714285714,0.12781954887218044,-31.200000000000003
5,2020-08-24 17:33:00,51,F,30.95753448,172.0,62.5,6.6,144,17,Snack,100.0,23.0,1.0,0.0,0.0,100.0,123.0,dexcom,138.0,0,0,23.0,24.0,0.9583333333333334,0.041666666666666664,0.0,-21.0
5,2020-08-24 17:35:00,51,F,30.95753448,172.0,62.5,6.6,144,17,Snack,201.0,17.0,6.0,14.0,2.0,100.0,123.4,dexcom,138.0,0,0,5.666666666666667,37.0,0.4594594594594595,0.16216216216216217,0.3783783783783784,-20.599999999999994
5,2020-08-24 19:47:00,51,F,30.95753448,172.0,62.5,6.6,144,19,Dinner,481.0,28.0,50.0,37.0,6.0,100.0,132.0,dexcom,123.6,0,0,4.0,115.0,0.24347826086956523,0.43478260869565216,0.3217391304347826,-12.0
5,2020-08-24 20:25:00,51,F,30.95753448,172.0,62.5,6.6,144,20,Dinner,137.0,23.0,1.0,5.0,0.0,100.0,117.6,dexcom,128.6,0,0,23.0,29.0,0.7931034482758621,0.034482758620689655,0.1724137931034483,-26.400000000000006
5,2020-08-25 08:13:00,51,F,30.95753448,172.0,62.5,6.6,144,8,Breakfast,712.0,66.0,22.0,42.0,0.0,100.0,158.0,dexcom,288.0,1,0,66.0,130.0,0.5076923076923077,0.16923076923076924,0.3230769230769231,14.0
5,2020-08-25 13:11:00,51,F,30.95753448,172.0,62.5,6.6,144,13,Lunch,445.0,43.0,20.0,20.0,13.0,100.0,100.6,dexcom,136.4,1,0,3.0714285714285716,83.0,0.5180722891566265,0.24096385542168675,0.24096385542168675,-43.400000000000006
5,2020-08-25 17:26:00,51,F,30.95753448,172.0,62.5,6.6,144,17,Snack,194.0,15.0,5.0,13.0,5.0,100.0,116.6,dexcom,133.6,1,0,2.5,33.0,0.45454545454545453,0.15151515151515152,0.3939393939393939,-27.400000000000006
5,2020-08-25 19:29:00,51,F,30.95753448,172.0,62.5,6.6,144,19,Snack,30.0,6.0,2.0,0.0,2.0,100.0,134.2,dexcom,142.2,1,0,2.0,8.0,0.75,0.25,0.0,-9.800000000000011
5,2020-08-25 20:22:00,51,F,30.95753448,172.0,62.5,6.6,144,20,Dinner,305.0,47.0,11.0,9.0,5.0,100.0,129.0,dexcom,193.2,1,0,7.833333333333333,67.0,0.7014925373134329,0.16417910447761194,0.13432835820895522,-15.0
5,2020-08-25 21:11:00,51,F,30.95753448,172.0,62.5,6.6,144,21,Dinner,130.0,18.0,1.0,7.0,1.0,100.0,135.2,dexcom,226.8,1,0,9.0,26.0,0.6923076923076923,0.038461538461538464,0.2692307692307692,-8.800000000000011
5,2020-08-26 08:19:00,51,F,30.95753448,172.0,62.5,6.6,144,8,Breakfast,268.0,24.0,22.0,10.5,0.0,100.0,156.0,dexcom,262.8,2,0,24.0,56.5,0.4247787610619469,0.3893805309734513,0.18584070796460178,12.0
5,2020-08-26 14:48:00,51,F,30.95753448,172.0,62.5,6.6,144,14,Lunch,725.0,94.0,44.0,20.0,4.0,100.0,113.0,dexcom,218.0,2,0,18.8,158.0,0.5949367088607594,0.27848101265822783,0.12658227848101267,-31.0
5,2020-08-26 19:18:00,51,F,30.95753448,172.0,62.5,6.6,144,19,Snack,60.0,15.0,0.0,0.0,0.0,100.0,165.0,dexcom,133.0,2,0,15.0,15.0,1.0,0.0,0.0,21.0
5,2020-08-26 19:44:00,51,F,30.95753448,172.0,62.5,6.6,144,19,Dinner,168.0,24.0,10.0,4.0,5.0,100.0,141.2,dexcom,113.6,2,0,4.0,38.0,0.631578947368421,0.2631578947368421,0.10526315789473684,-2.8000000000000114
5,2020-08-27 09:06:00,51,F,30.95753448,172.0,62.5,6.6,144,9,Breakfast,902.0,73.0,22.0,42.0,7.0,100.0,101.5333,libre,212.0667,3,0,9.125,137.0,0.5328467153284672,0.16058394160583941,0.30656934306569344,-42.4667
6,2023-04-07 13:08:00,51,F,29.30345134,197.0,68.75,5.2,96,13,Lunch,1180.0,81.0,88.0,54.5,18.0,100.0,107.0,dexcom,101.8,4,0,4.2631578947368425,223.5,0.3624161073825503,0.39373601789709173,0.24384787472035793,11.0
6,2023-04-07 19:15:00,51,F,29.30345134,197.0,68.75,5.2,96,19,Dinner,260.0,25.0,29.0,5.0,3.0,100.0,118.2,dexcom,125.2,4,0,6.25,59.0,0.423728813559322,0.4915254237288136,0.0847457627118644,22.200000000000003
6,2023-04-08 07:18:00,51,F,29.30345134,197.0,68.75,5.2,96,7,Breakfast,448.0,66.0,22.0,10.5,0.0,100.0,106.6,dexcom,126.8,5,1,66.0,98.5,0.6700507614213198,0.2233502538071066,0.1065989847715736,10.599999999999994
6,2023-04-08 12:06:00,51,F,29.30345134,197.0,68.75,5.2,96,12,Lunch,830.0,92.0,17.0,42.0,10.0,100.0,113.8,dexcom,118.8,5,1,8.363636363636363,151.0,0.609271523178808,0.11258278145695365,0.2781456953642384,17.799999999999997
6,2023-04-08 16:42:00,51,F,29.30345134,197.0,68.75,5.2,96,16,Snack,221.0,27.0,6.0,10.0,6.0,100.0,113.0,dexcom,69.0,5,1,3.857142857142857,43.0,0.627906976744186,0.13953488372093023,0.23255813953488372,17.0
6,2023-04-08 19:21:00,51,F,29.30345134,197.0,68.75,5.2,96,19,Dinner,523.0,43.0,15.0,21.0,2.0,100.0,71.4,dexcom,93.2,5,1,14.333333333333334,79.0,0.5443037974683544,0.189873417721519,0.26582278481012656,-24.599999999999994
6,2023-04-09 07:30:00,51,F,29.30345134,197.0,68.75,5.2,96,7,Breakfast,608.0,66.0,66.0,10.5,0.0,100.0,94.0,dexcom,95.6,6,1,66.0,142.5,0.4631578947368421,0.4631578947368421,0.07368421052631578,-2.0
6,2023-04-09 12:48:00,51,F,29.30345134,197.0,68.75,5.2,96,12,Lunch,435.0,16.0,66.0,14.0,4.0,100.0,101.0,dexcom,106.4,6,1,3.2,96.0,0.16666666666666666,0.6875,0.14583333333333334,5.0
6,2023-04-09 18:42:00,51,F,29.30345134,197.0,68.75,5.2,96,18,Dinner,588.0,47.0,16.0,42.0,21.0,100.0,106.0,dexcom,112.0,6,1,2.1363636363636362,105.0,0.44761904761904764,0.1523809523809524,0.4,10.0
6,2023-04-09 20:57:00,51,F,29.30345134,197.0,68.75,5.2,96,20,Snack,163.0,29.0,1.0,4.0,1.0,100.0,112.0,dexcom,167.0,6,1,14.5,34.0,0.8529411764705882,0.029411764705882353,0.11764705882352941,16.0
6,2023-04-10 06:50:00,51,F,29.30345134,197.0,68.75,5.2,96,6,Breakfast,712.0,66.0,22.0,42.0,0.0,100.0,94.2,dexcom,119.0,0,0,66.0,130.0,0.5076923076923077,0.16923076923076924,0.3230769230769231,-1.7999999999999972
6,2023-04-10 12:07:00,51,F,29.30345134,197.0,68.75,5.2,96,12,Lunch,555.0,94.0,12.0,13.0,5.0,100.0,110.0,dexcom,152.0,0,0,15.666666666666666,119.0,0.7899159663865546,0.10084033613445378,0.1092436974789916,14.0
6,2023-04-10 19:26:00,51,F,29.30345134,197.0,68.75,5.2,96,19,Dinner,899.0,87.0,35.0,44.0,19.0,100.0,106.8,dexcom,128.8,0,0,4.35,166.0,0.5240963855421686,0.21084337349397592,0.26506024096385544,10.799999999999997
6,2023-04-11 08:50:00,51,F,29.30345134,197.0,68.75,5.2,96,8,Breakfast,902.0,73.0,66.0,42.0,7.0,100.0,105.0,dexcom,116.8,1,0,9.125,181.0,0.40331491712707185,0.36464088397790057,0.23204419889502761,9.0
6,2023-04-11 13:23:00,51,F,29.30345134,197.0,68.75,5.2,96,13,Lunch,355.0,19.0,32.0,15.0,5.0,100.0,104.8,dexcom,107.4,1,0,3.1666666666666665,66.0,0.2878787878787879,0.48484848484848486,0.22727272727272727,8.799999999999997
6,2023-04-11 19:16:00,51,F,29.30345134,197.0,68.75,5.2,96,19,Dinner,808.0,101.0,29.0,28.0,12.0,100.0,101.8,dexcom,169.6,1,0,7.769230769230769,158.0,0.6392405063291139,0.18354430379746836,0.17721518987341772,5.799999999999997
6,2023-04-12 10:04:00,51,F,29.30345134,197.0,68.75,5.2,96,10,Breakfast,268.0,24.0,22.0,10.5,0.0,100.0,89.4,dexcom,84.4,2,0,24.0,56.5,0.4247787610619469,0.3893805309734513,0.18584070796460178,-6.599999999999994
6,2023-04-12 14:56:00,51,F,29.30345134,197.0,68.75,5.2,96,14,Lunch,1110.0,93.0,84.0,44.0,4.0,100.0,98.2,dexcom,120.8,2,0,18.6,221.0,0.42081447963800905,0.38009049773755654,0.19909502262443438,2.200000000000003
6,2023-04-12 21:06:00,51,F,29.30345134,197.0,68.75,5.2,96,21,Dinner,499.0,66.0,22.0,21.0,7.0,100.0,103.2,dexcom,153.4,2,0,8.25,109.0,0.6055045871559633,0.2018348623853211,0.1926605504587156,7.200000000000003
6,2023-04-12 21:58:00,51,F,29.30345134,197.0,68.75,5.2,96,21,Snack,660.0,118.0,7.0,20.0,0.0,100.0,108.2,dexcom,163.2,2,0,118.0,145.0,0.8137931034482758,0.04827586206896552,0.13793103448275862,12.200000000000003
6,2023-04-13 10:05:00,51,F,29.30345134,197.0,68.75,5.2,96,10,Breakfast,448.0,66.0,22.0,10.5,0.0,100.0,99.6,dexcom,125.0,3,0,66.0,98.5,0.6700507614213198,0.2233502538071066,0.1065989847715736,3.5999999999999943
6,2023-04-13 15:07:00,51,F,29.30345134,197.0,68.75,5.2,96,15,Lunch,575.0,76.0,22.0,18.5,11.0,100.0,115.0,dexcom,169.0,3,0,6.333333333333333,116.5,0.6523605150214592,0.1888412017167382,0.15879828326180256,19.0
6,2023-04-13 20:17:00,51,F,29.30345134,197.0,68.75,5.2,96,20,Dinner,290.0,45.0,7.0,13.0,11.0,100.0,118.0,dexcom,174.0,3,0,3.75,65.0,0.6923076923076923,0.1076923076923077,0.2,22.0
6,2023-04-13 20:26:00,51,F,29.30345134,197.0,68.75,5.2,96,20,Dinner,290.0,34.0,3.0,16.0,2.0,100.0,115.2,dexcom,170.6,3,0,11.333333333333334,53.0,0.6415094339622641,0.05660377358490566,0.3018867924528302,19.200000000000003
6,2023-04-14 09:08:00,51,F,29.30345134,197.0,68.75,5.2,96,9,Breakfast,608.0,66.0,66.0,10.5,0.0,100.0,97.6,dexcom,114.0,4,0,66.0,142.5,0.4631578947368421,0.4631578947368421,0.07368421052631578,1.5999999999999943
6,2023-04-14 14:30:00,51,F,29.30345134,197.0,68.75,5.2,96,14,Lunch,585.0,40.0,76.0,17.0,13.0,100.0,101.6,dexcom,82.2,4,0,2.857142857142857,133.0,0.3007518796992481,0.5714285714285714,0.12781954887218044,5.599999999999994
6,2023-04-14 18:09:00,51,F,29.30345134,197.0,68.75,5.2,96,18,Snack,70.0,19.0,1.0,0.0,4.0,100.0,93.6,dexcom,101.4,4,0,3.8,20.0,0.95,0.05,0.0,-2.4000000000000057
6,2023-04-14 18:58:00,51,F,29.30345134,197.0,68.75,5.2,96,18,Dinner,655.0,87.0,19.0,18.0,19.0,100.0,114.6,dexcom,97.4,4,0,4.35,124.0,0.7016129032258065,0.1532258064516129,0.14516129032258066,18.599999999999994
6,2023-04-14 22:11:00,51,F,29.30345134,197.0,68.75,5.2,96,22,Snack,140.0,17.0,1.0,7.0,1.0,100.0,106.6,dexcom,122.0,4,0,8.5,25.0,0.68,0.04,0.28,10.599999999999994
6,2023-04-15 08:45:00,51,F,29.30345134,197.0,68.75,5.2,96,8,Breakfast,712.0,66.0,22.0,42.0,0.0,100.0,103.6,dexcom,130.4,5,1,66.0,130.0,0.5076923076923077,0.16923076923076924,0.3230769230769231,7.599999999999994
6,2023-04-15 12:52:00,51,F,29.30345134,197.0,68.75,5.2,96,12,Lunch,445.0,43.0,20.0,20.0,13.0,100.0,91.0,dexcom,97.0,5,1,3.0714285714285716,83.0,0.5180722891566265,0.24096385542168675,0.24096385542168675,-5.0
6,2023-04-15 20:19:00,51,F,29.30345134,197.0,68.75,5.2,96,20,Dinner,158.0,41.0,2.0,1.0,6.0,100.0,120.2,dexcom,169.4,5,1,5.857142857142857,44.0,0.9318181818181818,0.045454545454545456,0.022727272727272728,24.200000000000003
6,2023-04-16 07:16:00,51,F,29.30345134,197.0,68.75,5.2,96,7,Breakfast,268.0,24.0,22.0,10.5,0.0,100.0,108.0,dexcom,101.0,6,1,24.0,56.5,0.4247787610619469,0.3893805309734513,0.18584070796460178,12.0
6,2023-04-16 13:48:00,51,F,29.30345134,197.0,68.75,5.2,96,13,Lunch,725.0,94.0,44.0,20.0,4.0,100.0,109.8,dexcom,120.8,6,1,18.8,158.0,0.5949367088607594,0.27848101265822783,0.12658227848101267,13.799999999999997
6,2023-04-16 17:39:00,51,F,29.30345134,197.0,68.75,5.2,96,17,Snack,99.0,26.0,2.0,0.0,4.0,100.0,91.0,dexcom,106.4,6,1,5.2,28.0,0.9285714285714286,0.07142857142857142,0.0,-5.0
6,2023-04-16 19:15:00,51,F,29.30345134,197.0,68.75,5.2,96,19,Dinner,439.0,59.0,17.0,5.0,13.0,100.0,103.8,dexcom,110.0,6,1,4.214285714285714,81.0,0.7283950617283951,0.20987654320987653,0.06172839506172839,7.799999999999997
6,2023-04-16 20:26:00,51,F,29.30345134,197.0,68.75,5.2,96,20,Snack,425.0,60.0,4.0,19.0,2.0,100.0,87.0,dexcom,137.0,6,1,20.0,83.0,0.7228915662650602,0.04819277108433735,0.2289156626506024,-9.0
6,2023-04-17 07:00:00,51,F,29.30345134,197.0,68.75,5.2,96,7,Breakfast,902.0,73.0,22.0,42.0,7.0,100.0,92.0,dexcom,111.6,0,0,9.125,137.0,0.5328467153284672,0.16058394160583941,0.30656934306569344,-4.0
7,2023-11-03 12:38:00,66,F,27.0703267,199.6,72.0,5.9,108,12,Lunch,1180.0,81.0,88.0,54.5,18.0,100.0,71.2,dexcom,113.0,4,0,4.2631578947368425,223.5,0.3624161073825503,0.39373601789709173,0.24384787472035793,-36.8
7,2023-11-03 19:26:00,66,F,27.0703267,199.6,72.0,5.9,108,19,Dinner,352.0,24.0,40.0,4.0,0.0,100.0,111.0,dexcom,121.8,4,0,24.0,68.0,0.35294117647058826,0.5882352941176471,0.058823529411764705,3.0
7,2023-11-04 19:16:00,66,F,27.0703267,199.6,72.0,5.9,108,19,Dinner,442.0,49.0,40.0,4.0,0.0,200.0,109.0,dexcom,181.6,5,1,49.0,93.0,0.5268817204301075,0.43010752688172044,0.043010752688172046,1.0
7,2023-11-05 08:38:00,66,F,27.0703267,199.6,72.0,5.9,108,8,Breakfast,608.0,66.0,66.0,10.5,0.0,100.0,111.4,dexcom,123.0,6,1,66.0,142.5,0.4631578947368421,0.4631578947368421,0.07368421052631578,3.4000000000000057
7,2023-11-05 12:23:00,66,F,27.0703267,199.6,72.0,5.9,108,12,Lunch,435.0,16.0,66.0,14.0,4.0,100.0,112.8,dexcom,85.0,6,1,3.2,96.0,0.16666666666666666,0.6875,0.14583333333333334,4.799999999999997
7,2023-11-05 19:18:00,66,F,27.0703267,199.6,72.0,5.9,108,19,Dinner,341.0,29.0,29.0,13.0,0.0,200.0,102.2,dexcom,153.0,6,1,29.0,71.0,0.4084507042253521,0.4084507042253521,0.18309859154929578,-5.799999999999997
7,2023-11-06 07:51:00,66,F,27.0703267,199.6,72.0,5.9,108,7,Breakfast,902.0,73.0,22.0,42.0,7.0,100.0,97.0,dexcom,120.0,0,0,9.125,137.0,0.5328467153284672,0.16058394160583941,0.30656934306569344,-11.0
7,2023-11-06 08:31:00,66,F,27.0703267,199.6,72.0,5.9,108,8,Breakfast,712.0,66.0,22.0,42.0,0.0,100.0,95.0,dexcom,135.0,0,0,66.0,130.0,0.5076923076923077,0.16923076923076924,0.3230769230769231,-13.0
7,2023-11-06 18:54:00,66,F,27.0703267,199.6,72.0,5.9,108,18,Dinner,590.0,46.0,44.0,52.0,7.0,300.0,96.4,dexcom,124.2,0,0,5.75,142.0,0.323943661971831,0.30985915492957744,0.36619718309859156,-11.599999999999994
7,2023-11-07 08:32:00,66,F,27.0703267,199.6,72.0,5.9,108,8,Breakfast,902.0,73.0,66.0,42.0,7.0,100.0,99.2,dexcom,129.2,1,0,9.125,181.0,0.40331491712707185,0.36464088397790057,0.23204419889502761,-8.799999999999997
7,2023-11-07 12:18:00,66,F,27.0703267,199.6,72.0,5.9,108,12,Lunch,355.0,19.0,32.0,15.0,5.0,100.0,123.8,dexcom,98.6,1,0,3.1666666666666665,66.0,0.2878787878787879,0.48484848484848486,0.22727272727272727,15.799999999999997
7,2023-11-08 08:47:00,66,F,27.0703267,199.6,72.0,5.9,108,8,Breakfast,268.0,24.0,22.0,10.5,0.0,100.0,100.0,dexcom,112.2,2,0,24.0,56.5,0.4247787610619469,0.3893805309734513,0.18584070796460178,-8.0
7,2023-11-08 12:12:00,66,F,27.0703267,199.6,72.0,5.9,108,12,Lunch,1110.0,93.0,84.0,44.0,4.0,100.0,99.8,dexcom,126.6,2,0,18.6,221.0,0.42081447963800905,0.38009049773755654,0.19909502262443438,-8.200000000000003
7,2023-11-08 20:29:00,66,F,27.0703267,199.6,72.0,5.9,108,20,Snack,95.0,25.0,1.0,0.0,4.0,100.0,109.8,dexcom,151.2,2,0,5.0,26.0,0.9615384615384616,0.038461538461538464,0.0,1.7999999999999972
7,2023-11-09 12:51:00,66,F,27.0703267,199.6,72.0,5.9,108,12,Lunch,575.0,76.0,22.0,18.5,11.0,100.0,83.0,dexcom,125.4,3,0,6.333333333333333,116.5,0.6523605150214592,0.1888412017167382,0.15879828326180256,-25.0
7,2023-11-09 18:30:00,66,F,27.0703267,199.6,72.0,5.9,108,18,Dinner,659.0,40.0,24.0,25.0,17.0,400.0,102.6,dexcom,120.2,3,0,2.2222222222222223,89.0,0.449438202247191,0.2696629213483146,0.2808988764044944,-5.400000000000006
7,2023-11-10 12:24:00,66,F,27.0703267,199.6,72.0,5.9,108,12,Lunch,585.0,40.0,76.0,17.0,13.0,100.0,103.6,dexcom,93.4,4,0,2.857142857142857,133.0,0.3007518796992481,0.5714285714285714,0.12781954887218044,-4.400000000000006
8,2023-01-30 12:34:00,54,M,39.94543989,218.4,62.0,5.8,112,12,Lunch,1180.0,81.0,88.0,54.5,18.0,100.0,71.8,libre,116.4,0,0,4.2631578947368425,223.5,0.3624161073825503,0.39373601789709173,0.24384787472035793,-40.2
8,2023-01-30 19:26:00,54,M,39.94543989,218.4,62.0,5.8,112,19,Dinner,368.0,39.0,28.0,11.0,8.0,100.0,94.2,dexcom,85.4,0,0,4.333333333333333,78.0,0.5,0.358974358974359,0.14102564102564102,-17.799999999999997
8,2023-01-31 09:17:00,54,M,39.94543989,218.4,62.0,5.8,112,9,Breakfast,448.0,66.0,22.0,10.5,0.0,100.0,119.2,dexcom,157.8,1,0,66.0,98.5,0.6700507614213198,0.2233502538071066,0.1065989847715736,7.200000000000003
8,2023-01-31 12:50:00,54,M,39.94543989,218.4,62.0,5.8,112,12,Lunch,830.0,92.0,17.0,42.0,10.0,100.0,69.0,dexcom,165.2,1,0,8.363636363636363,151.0,0.609271523178808,0.11258278145695365,0.2781456953642384,-43.0
8,2023-01-31 20:40:00,54,M,39.94543989,218.4,62.0,5.8,112,20,Dinner,1680.0,168.0,50.0,110.0,0.0,100.0,94.4,dexcom,151.0,1,0,168.0,328.0,0.5121951219512195,0.1524390243902439,0.3353658536585366,-17.599999999999994
8,2023-02-01 07:52:00,54,M,39.94543989,218.4,62.0,5.8,112,7,Breakfast,608.0,66.0,66.0,10.5,0.0,100.0,123.2,dexcom,140.8,2,0,66.0,142.5,0.4631578947368421,0.4631578947368421,0.07368421052631578,11.200000000000003
8,2023-02-01 12:22:00,54,M,39.94543989,218.4,62.0,5.8,112,12,Lunch,435.0,16.0,66.0,14.0,4.0,100.0,91.2,dexcom,106.4,2,0,3.2,96.0,0.16666666666666666,0.6875,0.14583333333333334,-20.799999999999997
8,2023-02-01 19:18:00,54,M,39.94543989,218.4,62.0,5.8,112,19,Dinner,551.0,58.0,17.0,27.0,0.0,100.0,103.0,dexcom,129.0,2,0,58.0,102.0,0.5686274509803921,0.16666666666666666,0.2647058823529412,-9.0
8,2023-02-02 08:01:00,54,M,39.94543989,218.4,62.0,5.8,112,8,Breakfast,712.0,66.0,22.0,42.0,0.0,100.0,116.6,dexcom,172.2,3,0,66.0,130.0,0.5076923076923077,0.16923076923076924,0.3230769230769231,4.599999999999994
8,2023-02-02 12:17:00,54,M,39.94543989,218.4,62.0,5.8,112,12,Lunch,555.0,94.0,12.0,13.0,5.0,100.0,85.0,dexcom,239.0,3,0,15.666666666666666,119.0,0.7899159663865546,0.10084033613445378,0.1092436974789916,-27.0
8,2023-02-02 18:48:00,54,M,39.94543989,218.4,62.0,5.8,112,18,Dinner,961.0,86.0,74.0,39.0,16.0,100.0,75.0,dexcom,140.0,3,0,5.0588235294117645,199.0,0.4321608040201005,0.37185929648241206,0.19597989949748743,-37.0
8,2023-02-03 08:06:00,54,M,39.94543989,218.4,62.0,5.8,112,8,Breakfast,902.0,73.0,66.0,42.0,7.0,100.0,114.4,dexcom,125.6,4,0,9.125,181.0,0.40331491712707185,0.36464088397790057,0.23204419889502761,2.4000000000000057
8,2023-02-03 13:41:00,54,M,39.94543989,218.4,62.0,5.8,112,13,Lunch,355.0,19.0,32.0,15.0,5.0,100.0,83.8,dexcom,114.2,4,0,3.1666666666666665,66.0,0.2878787878787879,0.48484848484848486,0.22727272727272727,-28.200000000000003
8,2023-02-03 18:29:00,54,M,39.94543989,218.4,62.0,5.8,112,18,Dinner,890.0,89.0,29.0,46.0,7.0,100.0,107.8,dexcom,173.6,4,0,11.125,164.0,0.5426829268292683,0.17682926829268292,0.2804878048780488,-4.200000000000003
8,2023-02-04 09:26:00,54,M,39.94543989,218.4,62.0,5.8,112,9,Breakfast,268.0,24.0,22.0,10.5,0.0,100.0,109.2,dexcom,85.6,5,1,24.0,56.5,0.4247787610619469,0.3893805309734513,0.18584070796460178,-2.799999999999997
8,2023-02-04 14:38:00,54,M,39.94543989,218.4,62.0,5.8,112,14,Lunch,1110.0,93.0,84.0,44.0,4.0,100.0,88.0,dexcom,148.0,5,1,18.6,221.0,0.42081447963800905,0.38009049773755654,0.19909502262443438,-24.0
8,2023-02-04 20:30:00,54,M,39.94543989,218.4,62.0,5.8,112,20,Dinner,1098.0,49.0,10.0,11.0,0.0,100.0,117.2,dexcom,109.6,5,1,49.0,70.0,0.7,0.14285714285714285,0.15714285714285714,5.200000000000003
8,2023-02-05 09:57:00,54,M,39.94543989,218.4,62.0,5.8,112,9,Breakfast,448.0,66.0,22.0,10.5,0.0,100.0,121.4,dexcom,169.0,6,1,66.0,98.5,0.6700507614213198,0.2233502538071066,0.1065989847715736,9.400000000000006
8,2023-02-05 13:15:00,54,M,39.94543989,218.4,62.0,5.8,112,13,Lunch,575.0,76.0,22.0,18.5,11.0,100.0,71.0,dexcom,151.8,6,1,6.333333333333333,116.5,0.6523605150214592,0.1888412017167382,0.15879828326180256,-41.0
8,2023-02-05 20:23:00,54,M,39.94543989,218.4,62.0,5.8,112,20,Dinner,789.0,64.0,37.0,43.0,4.0,100.0,115.0,dexcom,129.0,6,1,12.8,144.0,0.4444444444444444,0.2569444444444444,0.2986111111111111,3.0
8,2023-02-06 08:13:00,54,M,39.94543989,218.4,62.0,5.8,112,8,Breakfast,608.0,66.0,66.0,10.5,0.0,100.0,116.0,dexcom,108.0,0,0,66.0,142.5,0.4631578947368421,0.4631578947368421,0.07368421052631578,4.0
8,2023-02-06 12:24:00,54,M,39.94543989,218.4,62.0,5.8,112,12,Lunch,585.0,40.0,76.0,17.0,13.0,100.0,82.8,dexcom,118.6,0,0,2.857142857142857,133.0,0.3007518796992481,0.5714285714285714,0.12781954887218044,-29.200000000000003
8,2023-02-06 18:46:00,54,M,39.94543989,218.4,62.0,5.8,112,18,Dinner,2015.0,42.0,12.0,86.0,0.0,100.0,82.4,libre,104.6,0,0,42.0,140.0,0.3,0.08571428571428572,0.6142857142857143,-29.599999999999994
8,2023-02-07 08:07:00,54,M,39.94543989,218.4,62.0,5.8,112,8,Breakfast,712.0,66.0,22.0,42.0,0.0,100.0,127.4,dexcom,136.6,1,0,66.0,130.0,0.5076923076923077,0.16923076923076924,0.3230769230769231,15.400000000000006
8,2023-02-07 12:30:00,54,M,39.94543989,218.4,62.0,5.8,112,12,Lunch,445.0,43.0,20.0,20.0,13.0,100.0,79.0,dexcom,144.0,1,0,3.0714285714285716,83.0,0.5180722891566265,0.24096385542168675,0.24096385542168675,-33.0
8,2023-02-07 17:53:00,54,M,39.94543989,218.4,62.0,5.8,112,17,Dinner,1734.0,78.0,148.0,91.0,15.0,100.0,116.0,dexcom,115.0,1,0,4.875,317.0,0.24605678233438485,0.4668769716088328,0.2870662460567823,4.0
8,2023-02-08 08:01:00,54,M,39.94543989,218.4,62.0,5.8,112,8,Breakfast,268.0,24.0,22.0,10.5,0.0,100.0,118.0,dexcom,92.8,2,0,24.0,56.5,0.4247787610619469,0.3893805309734513,0.18584070796460178,6.0
8,2023-02-08 12:14:00,54,M,39.94543989,218.4,62.0,5.8,112,12,Lunch,725.0,94.0,44.0,20.0,4.0,100.0,96.8,dexcom,166.2,2,0,18.8,158.0,0.5949367088607594,0.27848101265822783,0.12658227848101267,-15.200000000000003
8,2023-02-08 18:12:00,54,M,39.94543989,218.4,62.0,5.8,112,18,Dinner,915.0,117.0,33.0,36.0,6.0,100.0,84.0,dexcom,155.6,2,0,16.714285714285715,186.0,0.6290322580645161,0.1774193548387097,0.1935483870967742,-28.0
8,2023-02-09 08:12:00,54,M,39.94543989,218.4,62.0,5.8,112,8,Breakfast,902.0,73.0,22.0,42.0,7.0,100.0,98.6667,libre,139.6667,3,0,9.125,137.0,0.5328467153284672,0.16058394160583941,0.30656934306569344,-13.333299999999994
9,2020-09-15 12:13:00,34,F,37.00150587,183.2,59.0,5.7,122,12,Lunch,1180.0,81.0,88.0,54.5,18.0,100.0,78.8,dexcom,40.0,1,0,4.2631578947368425,223.5,0.3624161073825503,0.39373601789709173,0.24384787472035793,-43.2
9,2020-09-15 19:16:00,34,F,37.00150587,183.2,59.0,5.7,122,19,Dinner,495.0,39.0,48.0,17.0,6.0,100.0,77.6,dexcom,167.4,1,0,5.571428571428571,104.0,0.375,0.46153846153846156,0.16346153846153846,-44.400000000000006
9,2020-09-16 09:10:00,34,F,37.00150587,183.2,59.0,5.7,122,9,Breakfast,448.0,66.0,22.0,10.5,0.0,100.0,108.6,dexcom,170.8,2,0,66.0,98.5,0.6700507614213198,0.2233502538071066,0.1065989847715736,-13.400000000000006
9,2020-09-16 12:53:00,34,F,37.00150587,183.2,59.0,5.7,122,12,Lunch,830.0,92.0,17.0,42.0,10.0,100.0,171.8,dexcom,172.8,2,0,8.363636363636363,151.0,0.609271523178808,0.11258278145695365,0.2781456953642384,49.80000000000001
9,2020-09-16 17:49:00,34,F,37.00150587,183.2,59.0,5.7,122,17,Snack,378.0,46.0,12.0,18.0,3.0,100.0,133.0,dexcom,138.0,2,0,11.5,76.0,0.6052631578947368,0.15789473684210525,0.23684210526315788,11.0
9,2020-09-16 20:54:00,34,F,37.00150587,183.2,59.0,5.7,122,20,Snack,190.0,31.0,3.0,7.0,1.0,100.0,140.0,dexcom,187.0,2,0,15.5,41.0,0.7560975609756098,0.07317073170731707,0.17073170731707318,18.0
9,2020-09-17 07:54:00,34,F,37.00150587,183.2,59.0,5.7,122,7,Breakfast,608.0,66.0,66.0,10.5,0.0,100.0,116.0,dexcom,123.0,3,0,66.0,142.5,0.4631578947368421,0.4631578947368421,0.07368421052631578,-6.0
9,2020-09-17 11:09:00,34,F,37.00150587,183.2,59.0,5.7,122,11,Lunch,435.0,16.0,66.0,14.0,4.0,100.0,146.0,dexcom,100.0,3,0,3.2,96.0,0.16666666666666666,0.6875,0.14583333333333334,24.0
9,2020-09-17 14:54:00,34,F,37.00150587,183.2,59.0,5.7,122,14,Snack,99.0,25.0,1.0,1.0,3.0,100.0,102.0,dexcom,146.0,3,0,6.25,27.0,0.9259259259259259,0.037037037037037035,0.037037037037037035,-20.0
9,2020-09-17 22:31:00,34,F,37.00150587,183.2,59.0,5.7,122,22,Snack,138.0,26.0,2.0,3.0,1.0,100.0,161.0,dexcom,167.8,3,0,13.0,31.0,0.8387096774193549,0.06451612903225806,0.0967741935483871,39.0
9,2020-09-18 09:28:00,34,F,37.00150587,183.2,59.0,5.7,122,9,Breakfast,712.0,66.0,22.0,42.0,0.0,100.0,96.4,dexcom,108.0,4,0,66.0,130.0,0.5076923076923077,0.16923076923076924,0.3230769230769231,-25.599999999999994
9,2020-09-18 12:57:00,34,F,37.00150587,183.2,59.0,5.7,122,12,Lunch,555.0,94.0,12.0,13.0,5.0,100.0,129.6,dexcom,109.0,4,0,15.666666666666666,119.0,0.7899159663865546,0.10084033613445378,0.1092436974789916,7.599999999999994
9,2020-09-18 16:35:00,34,F,37.00150587,183.2,59.0,5.7,122,16,Snack,105.0,27.0,1.0,0.0,3.0,100.0,114.0,dexcom,125.0,4,0,6.75,28.0,0.9642857142857143,0.03571428571428571,0.0,-8.0
9,2020-09-18 17:27:00,34,F,37.00150587,183.2,59.0,5.7,122,17,Dinner,490.0,38.0,29.0,25.0,6.0,100.0,105.0,dexcom,136.4,4,0,5.428571428571429,92.0,0.41304347826086957,0.31521739130434784,0.2717391304347826,-17.0
9,2020-09-18 21:17:00,34,F,37.00150587,183.2,59.0,5.7,122,21,Snack,273.0,38.0,9.0,11.0,0.0,100.0,130.6,dexcom,144.8,4,0,38.0,58.0,0.6551724137931034,0.15517241379310345,0.1896551724137931,8.599999999999994
9,2020-09-19 07:38:00,34,F,37.00150587,183.2,59.0,5.7,122,7,Breakfast,902.0,73.0,66.0,42.0,7.0,100.0,115.4,dexcom,126.4,5,1,9.125,181.0,0.40331491712707185,0.36464088397790057,0.23204419889502761,-6.599999999999994
9,2020-09-19 13:05:00,34,F,37.00150587,183.2,59.0,5.7,122,13,Lunch,355.0,19.0,32.0,15.0,5.0,100.0,109.0,dexcom,131.2,5,1,3.1666666666666665,66.0,0.2878787878787879,0.48484848484848486,0.22727272727272727,-13.0
9,2020-09-19 17:47:00,34,F,37.00150587,183.2,59.0,5.7,122,17,Snack,99.0,25.0,1.0,1.0,3.0,100.0,110.0,dexcom,114.2,5,1,6.25,27.0,0.9259259259259259,0.037037037037037035,0.037037037037037035,-12.0
9,2020-09-19 18:29:00,34,F,37.00150587,183.2,59.0,5.7,122,18,Dinner,186.0,12.0,11.0,10.0,2.0,100.0,110.0,dexcom,118.0,5,1,4.0,33.0,0.36363636363636365,0.3333333333333333,0.30303030303030304,-12.0
9,2020-09-19 22:13:00,34,F,37.00150587,183.2,59.0,5.7,122,22,Snack,138.0,26.0,2.0,3.0,1.0,100.0,136.2,dexcom,126.0,5,1,13.0,31.0,0.8387096774193549,0.06451612903225806,0.0967741935483871,14.199999999999989
9,2020-09-20 08:24:00,34,F,37.00150587,183.2,59.0,5.7,122,8,Breakfast,268.0,24.0,22.0,10.5,0.0,100.0,132.0,dexcom,131.0,6,1,24.0,56.5,0.4247787610619469,0.3893805309734513,0.18584070796460178,10.0
9,2020-09-20 12:38:00,34,F,37.00150587,183.2,59.0,5.7,122,12,Lunch,1110.0,93.0,84.0,44.0,4.0,100.0,91.0,dexcom,124.4,6,1,18.6,221.0,0.42081447963800905,0.38009049773755654,0.19909502262443438,-31.0
9,2020-09-20 16:52:00,34,F,37.00150587,183.2,59.0,5.7,122,16,Snack,99.0,25.0,1.0,1.0,3.0,100.0,109.0,dexcom,129.8,6,1,6.25,27.0,0.9259259259259259,0.037037037037037035,0.037037037037037035,-13.0
9,2020-09-20 18:13:00,34,F,37.00150587,183.2,59.0,5.7,122,18,Dinner,256.0,14.0,14.0,15.0,3.0,100.0,123.4,dexcom,133.8,6,1,3.5,43.0,0.32558139534883723,0.32558139534883723,0.3488372093023256,1.4000000000000057
9,2020-09-20 21:27:00,34,F,37.00150587,183.2,59.0,5.7,122,21,Snack,138.0,26.0,2.0,3.0,1.0,100.0,134.0,dexcom,148.8,6,1,13.0,31.0,0.8387096774193549,0.06451612903225806,0.0967741935483871,12.0
9,2020-09-21 08:39:00,34,F,37.00150587,183.2,59.0,5.7,122,8,Breakfast,448.0,66.0,22.0,10.5,0.0,100.0,139.0,dexcom,184.0,0,0,66.0,98.5,0.6700507614213198,0.2233502538071066,0.1065989847715736,17.0
9,2020-09-21 12:13:00,34,F,37.00150587,183.2,59.0,5.7,122,12,Lunch,575.0,76.0,22.0,18.5,11.0,100.0,101.8,dexcom,147.0,0,0,6.333333333333333,116.5,0.6523605150214592,0.1888412017167382,0.15879828326180256,-20.200000000000003
9,2020-09-21 15:18:00,34,F,37.00150587,183.2,59.0,5.7,122,15,Snack,91.0,5.0,1.0,0.0,2.0,25.0,143.2,dexcom,136.0,0,0,1.6666666666666667,6.0,0.8333333333333334,0.16666666666666666,0.0,21.19999999999999
9,2020-09-21 16:17:00,34,F,37.00150587,183.2,59.0,5.7,122,16,Dinner,775.0,77.0,38.0,40.0,5.0,100.0,137.6,dexcom,140.2,0,0,12.833333333333334,155.0,0.4967741935483871,0.24516129032258063,0.25806451612903225,15.599999999999994
9,2020-09-22 07:37:00,34,F,37.00150587,183.2,59.0,5.7,122,7,Breakfast,608.0,66.0,66.0,10.5,0.0,100.0,127.0,dexcom,149.2,1,0,66.0,142.5,0.4631578947368421,0.4631578947368421,0.07368421052631578,5.0
9,2020-09-22 12:24:00,34,F,37.00150587,183.2,59.0,5.7,122,12,Lunch,585.0,40.0,76.0,17.0,13.0,100.0,99.0,dexcom,117.0,1,0,2.857142857142857,133.0,0.3007518796992481,0.5714285714285714,0.12781954887218044,-23.0
9,2020-09-22 18:57:00,34,F,37.00150587,183.2,59.0,5.7,122,18,Dinner,210.0,0.0,50.0,25.0,0.0,100.0,120.4,dexcom,136.6,1,0,0.0,75.0,0.0,0.6666666666666666,0.3333333333333333,-1.5999999999999943
9,2020-09-22 21:55:00,34,F,37.00150587,183.2,59.0,5.7,122,21,Snack,138.0,26.0,2.0,3.0,1.0,100.0,129.0,dexcom,126.8,1,0,13.0,31.0,0.8387096774193549,0.06451612903225806,0.0967741935483871,7.0
9,2020-09-23 07:29:00,34,F,37.00150587,183.2,59.0,5.7,122,7,Breakfast,712.0,66.0,22.0,42.0,0.0,100.0,127.0,dexcom,161.0,2,0,66.0,130.0,0.5076923076923077,0.16923076923076924,0.3230769230769231,5.0
9,2020-09-23 12:23:00,34,F,37.00150587,183.2,59.0,5.7,122,12,Lunch,445.0,43.0,20.0,20.0,13.0,100.0,106.8,dexcom,141.4,2,0,3.0714285714285716,83.0,0.5180722891566265,0.24096385542168675,0.24096385542168675,-15.200000000000003
9,2020-09-23 17:59:00,34,F,37.00150587,183.2,59.0,5.7,122,17,Dinner,1081.0,124.0,47.0,36.0,7.0,100.0,144.0,dexcom,201.0,2,0,15.5,207.0,0.5990338164251208,0.22705314009661837,0.17391304347826086,22.0
9,2020-09-23 20:22:00,34,F,37.00150587,183.2,59.0,5.7,122,20,Snack,5.0,0.0,0.0,0.0,0.0,100.0,161.4,dexcom,130.0,2,0,0.0,0.0,0.0,0.0,0.0,39.400000000000006
9,2020-09-24 07:51:00,34,F,37.00150587,183.2,59.0,5.7,122,7,Breakfast,268.0,24.0,22.0,10.5,0.0,100.0,137.4,dexcom,130.0,3,0,24.0,56.5,0.4247787610619469,0.3893805309734513,0.18584070796460178,15.400000000000006
9,2020-09-24 12:29:00,34,F,37.00150587,183.2,59.0,5.7,122,12,Lunch,725.0,94.0,44.0,20.0,4.0,100.0,98.0,dexcom,150.0,3,0,18.8,158.0,0.5949367088607594,0.27848101265822783,0.12658227848101267,-24.0
9,2020-09-24 19:29:00,34,F,37.00150587,183.2,59.0,5.7,122,19,Dinner,1254.0,133.0,32.0,67.0,8.0,100.0,99.0,dexcom,171.0,3,0,14.777777777777779,232.0,0.5732758620689655,0.13793103448275862,0.28879310344827586,-23.0
10,2020-06-21 11:47:00,54,F,35.81189162,195.8,62.0,5.7,100,11,Lunch,1180.0,81.0,88.0,54.5,18.0,100.0,86.8,dexcom,132.0,6,1,4.2631578947368425,223.5,0.3624161073825503,0.39373601789709173,0.24384787472035793,-13.200000000000003
10,2020-06-21 18:43:00,54,F,35.81189162,195.8,62.0,5.7,100,18,Dinner,480.0,78.0,17.0,5.0,6.0,100.0,113.0,dexcom,146.0,6,1,11.142857142857142,100.0,0.78,0.17,0.05,13.0
10,2020-06-22 06:40:00,54,F,35.81189162,195.8,62.0,5.7,100,6,Breakfast,448.0,66.0,22.0,10.5,0.0,100.0,133.2,dexcom,172.0,0,0,66.0,98.5,0.6700507614213198,0.2233502538071066,0.1065989847715736,33.19999999999999
10,2020-06-22 11:00:00,54,F,35.81189162,195.8,62.0,5.7,100,11,Lunch,830.0,92.0,17.0,42.0,10.0,100.0,81.8,dexcom,178.0,0,0,8.363636363636363,151.0,0.609271523178808,0.11258278145695365,0.2781456953642384,-18.200000000000003
10,2020-06-22 17:36:00,54,F,35.81189162,195.8,62.0,5.7,100,17,Dinner,401.0,32.0,24.0,7.0,2.0,100.0,170.0,dexcom,125.0,0,0,10.666666666666666,63.0,0.5079365079365079,0.38095238095238093,0.1111111111111111,70.0
10,2020-06-23 06:41:00,54,F,35.81189162,195.8,62.0,5.7,100,6,Breakfast,608.0,66.0,66.0,10.5,0.0,100.0,129.0,dexcom,126.0,1,0,66.0,142.5,0.4631578947368421,0.4631578947368421,0.07368421052631578,29.0
10,2020-06-23 11:33:00,54,F,35.81189162,195.8,62.0,5.7,100,11,Lunch,435.0,16.0,66.0,14.0,4.0,100.0,163.8,dexcom,110.6,1,0,3.2,96.0,0.16666666666666666,0.6875,0.14583333333333334,63.80000000000001
10,2020-06-23 12:01:00,54,F,35.81189162,195.8,62.0,5.7,100,12,Snack,0.0,0.0,0.0,0.0,0.0,100.0,154.0,dexcom,155.0,1,0,0.0,0.0,0.0,0.0,0.0,54.0
10,2020-06-23 16:00:00,54,F,35.81189162,195.8,62.0,5.7,100,16,Snack,80.0,22.0,0.0,0.0,5.0,100.0,121.8,dexcom,111.6,1,0,3.6666666666666665,22.0,1.0,0.0,0.0,21.799999999999997
10,2020-06-23 18:15:00,54,F,35.81189162,195.8,62.0,5.7,100,18,Dinner,281.0,0.0,26.0,9.0,4.0,100.0,103.4,dexcom,144.2,1,0,0.0,35.0,0.0,0.7428571428571429,0.2571428571428571,3.4000000000000057
10,2020-06-24 06:48:00,54,F,35.81189162,195.8,62.0,5.7,100,6,Breakfast,712.0,66.0,22.0,42.0,0.0,100.0,123.6,dexcom,118.2,2,0,66.0,130.0,0.5076923076923077,0.16923076923076924,0.3230769230769231,23.599999999999994
10,2020-06-24 11:21:00,54,F,35.81189162,195.8,62.0,5.7,100,11,Lunch,555.0,94.0,12.0,13.0,5.0,75.0,107.0,dexcom,204.0,2,0,15.666666666666666,119.0,0.7899159663865546,0.10084033613445378,0.1092436974789916,7.0
10,2020-06-24 15:57:00,54,F,35.81189162,195.8,62.0,5.7,100,15,Snack,100.0,24.0,1.0,0.0,1.0,100.0,117.4,dexcom,158.2,2,0,12.0,25.0,0.96,0.04,0.0,17.400000000000006
10,2020-06-24 16:30:00,54,F,35.81189162,195.8,62.0,5.7,100,16,Snack,261.0,27.0,6.0,14.0,3.0,100.0,124.4,dexcom,174.0,2,0,6.75,47.0,0.574468085106383,0.1276595744680851,0.2978723404255319,24.400000000000006
10,2020-06-24 19:42:00,54,F,35.81189162,195.8,62.0,5.7,100,19,Dinner,160.0,24.0,6.0,5.0,0.0,100.0,126.2,dexcom,122.6,2,0,24.0,35.0,0.6857142857142857,0.17142857142857143,0.14285714285714285,26.200000000000003
10,2020-06-25 04:57:00,54,F,35.81189162,195.8,62.0,5.7,100,4,Breakfast,902.0,73.0,66.0,42.0,7.0,100.0,109.8,dexcom,124.6,3,0,9.125,181.0,0.40331491712707185,0.36464088397790057,0.23204419889502761,9.799999999999997
10,2020-06-25 08:21:00,54,F,35.81189162,195.8,62.0,5.7,100,8,Snack,0.0,4.0,0.0,0.0,0.0,100.0,116.0,dexcom,95.0,3,0,4.0,4.0,1.0,0.0,0.0,16.0
10,2020-06-25 11:53:00,54,F,35.81189162,195.8,62.0,5.7,100,11,Lunch,355.0,19.0,32.0,15.0,5.0,100.0,97.8,dexcom,111.4,3,0,3.1666666666666665,66.0,0.2878787878787879,0.48484848484848486,0.22727272727272727,-2.200000000000003
10,2020-06-25 15:59:00,54,F,35.81189162,195.8,62.0,5.7,100,15,Snack,110.0,27.0,0.0,0.0,0.0,100.0,113.0,dexcom,162.0,3,0,27.0,27.0,1.0,0.0,0.0,13.0
10,2020-06-25 17:41:00,54,F,35.81189162,195.8,62.0,5.7,100,17,Snack,200.0,39.0,5.0,2.0,4.0,100.0,144.0,dexcom,135.0,3,0,7.8,46.0,0.8478260869565217,0.10869565217391304,0.043478260869565216,44.0
10,2020-06-25 18:07:00,54,F,35.81189162,195.8,62.0,5.7,100,18,Snack,100.0,24.0,1.0,0.0,1.0,100.0,158.4,dexcom,126.0,3,0,12.0,25.0,0.96,0.04,0.0,58.400000000000006
10,2020-06-25 20:23:00,54,F,35.81189162,195.8,62.0,5.7,100,20,Dinner,160.0,28.0,2.0,1.0,0.0,100.0,118.0,dexcom,121.4,3,0,28.0,31.0,0.9032258064516129,0.06451612903225806,0.03225806451612903,18.0
10,2020-06-26 05:03:00,54,F,35.81189162,195.8,62.0,5.7,100,5,Breakfast,268.0,24.0,22.0,10.5,0.0,100.0,108.4,dexcom,99.6,4,0,24.0,56.5,0.4247787610619469,0.3893805309734513,0.18584070796460178,8.400000000000006
10,2020-06-26 11:46:00,54,F,35.81189162,195.8,62.0,5.7,100,11,Lunch,1110.0,93.0,84.0,44.0,4.0,100.0,103.0,dexcom,122.0,4,0,18.6,221.0,0.42081447963800905,0.38009049773755654,0.19909502262443438,3.0
10,2020-06-26 15:30:00,54,F,35.81189162,195.8,62.0,5.7,100,15,Snack,110.0,20.0,1.0,3.0,1.0,100.0,124.6,dexcom,122.6,4,0,10.0,24.0,0.8333333333333334,0.041666666666666664,0.125,24.599999999999994
10,2020-06-26 18:26:00,54,F,35.81189162,195.8,62.0,5.7,100,18,Snack,291.0,29.0,10.0,13.0,6.0,100.0,127.0,dexcom,104.0,4,0,4.142857142857143,52.0,0.5576923076923077,0.19230769230769232,0.25,27.0
10,2020-06-27 05:25:00,54,F,35.81189162,195.8,62.0,5.7,100,5,Breakfast,448.0,66.0,22.0,10.5,0.0,100.0,107.6,dexcom,136.8,5,1,66.0,98.5,0.6700507614213198,0.2233502538071066,0.1065989847715736,7.599999999999994
10,2020-06-27 08:45:00,54,F,35.81189162,195.8,62.0,5.7,100,8,Snack,2.0,0.0,0.0,0.0,0.0,100.0,99.0,dexcom,104.4,5,1,0.0,0.0,0.0,0.0,0.0,-1.0
10,2020-06-27 11:20:00,54,F,35.81189162,195.8,62.0,5.7,100,11,Lunch,575.0,76.0,22.0,18.5,11.0,100.0,107.0,dexcom,141.6,5,1,6.333333333333333,116.5,0.6523605150214592,0.1888412017167382,0.15879828326180256,7.0
10,2020-06-27 15:55:00,54,F,35.81189162,195.8,62.0,5.7,100,15,Snack,140.0,35.0,7.0,0.0,2.0,100.0,89.6,dexcom,143.2,5,1,11.666666666666666,42.0,0.8333333333333334,0.16666666666666666,0.0,-10.400000000000006
10,2020-06-27 16:46:00,54,F,35.81189162,195.8,62.0,5.7,100,16,Dinner,770.0,69.0,65.0,26.0,12.0,100.0,152.0,dexcom,125.0,5,1,5.3076923076923075,160.0,0.43125,0.40625,0.1625,52.0
10,2020-06-28 05:16:00,54,F,35.81189162,195.8,62.0,5.7,100,5,Breakfast,608.0,66.0,66.0,10.5,0.0,100.0,123.0,dexcom,141.0,6,1,66.0,142.5,0.4631578947368421,0.4631578947368421,0.07368421052631578,23.0
10,2020-06-28 11:46:00,54,F,35.81189162,195.8,62.0,5.7,100,11,Lunch,585.0,40.0,76.0,17.0,13.0,100.0,104.0,dexcom,129.0,6,1,2.857142857142857,133.0,0.3007518796992481,0.5714285714285714,0.12781954887218044,4.0
10,2020-06-28 15:01:00,54,F,35.81189162,195.8,62.0,5.7,100,15,Snack,285.0,34.0,10.0,7.0,0.0,100.0,86.0,dexcom,93.0,6,1,34.0,51.0,0.6666666666666666,0.19607843137254902,0.13725490196078433,-14.0
10,2020-06-28 15:18:00,54,F,35.81189162,195.8,62.0,5.7,100,15,Snack,195.0,26.0,8.0,0.0,0.0,100.0,84.8,dexcom,107.0,6,1,26.0,34.0,0.7647058823529411,0.23529411764705882,0.0,-15.200000000000003
10,2020-06-29 06:06:00,54,F,35.81189162,195.8,62.0,5.7,100,6,Breakfast,712.0,66.0,22.0,42.0,0.0,100.0,107.0,dexcom,187.0,0,0,66.0,130.0,0.5076923076923077,0.16923076923076924,0.3230769230769231,7.0
10,2020-06-29 11:10:00,54,F,35.81189162,195.8,62.0,5.7,100,11,Lunch,445.0,43.0,20.0,20.0,13.0,100.0,98.4,dexcom,145.4,0,0,3.0714285714285716,83.0,0.5180722891566265,0.24096385542168675,0.24096385542168675,-1.5999999999999943
10,2020-06-29 17:19:00,54,F,35.81189162,195.8,62.0,5.7,100,17,Snack,558.0,82.0,10.0,23.0,11.0,100.0,190.2,dexcom,128.2,0,0,6.833333333333333,115.0,0.7130434782608696,0.08695652173913043,0.2,90.19999999999999
10,2020-06-29 17:35:00,54,F,35.81189162,195.8,62.0,5.7,100,17,Snack,365.0,34.0,7.0,23.0,11.0,50.0,214.4,dexcom,125.4,0,0,2.8333333333333335,64.0,0.53125,0.109375,0.359375,114.4
10,2020-06-29 20:07:00,54,F,35.81189162,195.8,62.0,5.7,100,20,Dinner,160.0,28.0,2.0,1.0,0.0,100.0,108.6,dexcom,131.6,0,0,28.0,31.0,0.9032258064516129,0.06451612903225806,0.03225806451612903,8.599999999999994
10,2020-06-30 07:27:00,54,F,35.81189162,195.8,62.0,5.7,100,7,Breakfast,268.0,24.0,22.0,10.5,0.0,100.0,132.6,dexcom,98.0,1,0,24.0,56.5,0.4247787610619469,0.3893805309734513,0.18584070796460178,32.599999999999994
10,2020-06-30 13:19:00,54,F,35.81189162,195.8,62.0,5.7,100,13,Lunch,725.0,94.0,44.0,20.0,4.0,100.0,154.8,dexcom,154.4,1,0,18.8,158.0,0.5949367088607594,0.27848101265822783,0.12658227848101267,54.80000000000001
10,2020-06-30 16:27:00,54,F,35.81189162,195.8,62.0,5.7,100,16,Snack,150.0,2.0,4.0,14.0,3.0,100.0,108.2,dexcom,150.0,1,0,0.5,20.0,0.1,0.2,0.7,8.200000000000003
10,2020-06-30 17:40:00,54,F,35.81189162,195.8,62.0,5.7,100,17,Snack,228.0,24.0,21.0,8.0,3.0,100.0,126.0,dexcom,94.2,1,0,6.0,53.0,0.4528301886792453,0.39622641509433965,0.1509433962264151,26.0
10,2020-07-01 05:40:00,54,F,35.81189162,195.8,62.0,5.7,100,5,Breakfast,902.0,73.0,22.0,42.0,7.0,100.0,110.6,dexcom,127.8,2,0,9.125,137.0,0.5328467153284672,0.16058394160583941,0.30656934306569344,10.599999999999994
11,2020-10-03 12:17:00,34,M,29.16271975,186.2,67.0,5.7,109,12,Lunch,1180.0,81.0,88.0,54.5,18.0,100.0,122.4,dexcom,119.6,5,1,4.2631578947368425,223.5,0.3624161073825503,0.39373601789709173,0.24384787472035793,13.400000000000006
11,2020-10-03 15:15:00,34,M,29.16271975,186.2,67.0,5.7,109,15,Snack,150.0,3.0,30.0,3.0,0.0,100.0,86.0,dexcom,105.8,5,1,3.0,36.0,0.08333333333333333,0.8333333333333334,0.08333333333333333,-23.0
11,2020-10-03 19:00:00,34,M,29.16271975,186.2,67.0,5.7,109,19,Dinner,441.0,0.0,0.0,0.0,0.0,100.0,102.6,dexcom,141.8,5,1,0.0,0.0,0.0,0.0,0.0,-6.400000000000006
11,2020-10-04 07:25:00,34,M,29.16271975,186.2,67.0,5.7,109,7,Breakfast,448.0,66.0,22.0,10.5,0.0,100.0,109.8,dexcom,148.2,6,1,66.0,98.5,0.6700507614213198,0.2233502538071066,0.1065989847715736,0.7999999999999972
11,2020-10-04 12:00:00,34,M,29.16271975,186.2,67.0,5.7,109,12,Lunch,830.0,92.0,17.0,42.0,10.0,100.0,102.4,dexcom,143.0,6,1,8.363636363636363,151.0,0.609271523178808,0.11258278145695365,0.2781456953642384,-6.599999999999994
11,2020-10-04 15:00:00,34,M,29.16271975,186.2,67.0,5.7,109,15,Snack,430.0,36.0,36.0,15.0,10.0,100.0,116.2,dexcom,144.4,6,1,3.272727272727273,87.0,0.41379310344827586,0.41379310344827586,0.1724137931034483,7.200000000000003
11,2020-10-04 19:00:00,34,M,29.16271975,186.2,67.0,5.7,109,19,Dinner,682.0,51.0,45.0,35.0,10.0,100.0,115.0,dexcom,150.4,6,1,4.636363636363637,131.0,0.3893129770992366,0.3435114503816794,0.26717557251908397,6.0
11,2020-10-05 07:30:00,34,M,29.16271975,186.2,67.0,5.7,109,7,Breakfast,608.0,66.0,66.0,10.5,0.0,100.0,104.0,dexcom,123.4,0,0,66.0,142.5,0.4631578947368421,0.4631578947368421,0.07368421052631578,-5.0
11,2020-10-05 11:58:00,34,M,29.16271975,186.2,67.0,5.7,109,11,Lunch,435.0,16.0,66.0,14.0,4.0,100.0,104.8,dexcom,109.8,0,0,3.2,96.0,0.16666666666666666,0.6875,0.14583333333333334,-4.200000000000003
11,2020-10-05 18:53:00,34,M,29.16271975,186.2,67.0,5.7,109,18,Dinner,1080.0,148.0,30.0,44.0,8.0,100.0,114.8,dexcom,163.2,0,0,16.444444444444443,222.0,0.6666666666666666,0.13513513513513514,0.1981981981981982,5.799999999999997
11,2020-10-05 23:52:00,34,M,29.16271975,186.2,67.0,5.7,109,23,Snack,150.0,3.0,30.0,3.0,0.0,100.0,109.8,dexcom,125.4,0,0,3.0,36.0,0.08333333333333333,0.8333333333333334,0.08333333333333333,0.7999999999999972
11,2020-10-06 07:32:00,34,M,29.16271975,186.2,67.0,5.7,109,7,Breakfast,712.0,66.0,22.0,42.0,0.0,100.0,126.4,dexcom,155.0,1,0,66.0,130.0,0.5076923076923077,0.16923076923076924,0.3230769230769231,17.400000000000006
11,2020-10-06 12:01:00,34,M,29.16271975,186.2,67.0,5.7,109,12,Lunch,555.0,94.0,12.0,13.0,5.0,100.0,99.6,dexcom,223.6,1,0,15.666666666666666,119.0,0.7899159663865546,0.10084033613445378,0.1092436974789916,-9.400000000000006
11,2020-10-06 15:38:00,34,M,29.16271975,186.2,67.0,5.7,109,15,Snack,140.0,10.0,6.0,1.0,0.0,100.0,166.4,dexcom,144.6,1,0,10.0,17.0,0.5882352941176471,0.35294117647058826,0.058823529411764705,57.400000000000006
11,2020-10-06 19:05:00,34,M,29.16271975,186.2,67.0,5.7,109,19,Dinner,689.0,22.0,119.0,13.0,10.0,100.0,111.6,dexcom,122.8,1,0,2.0,154.0,0.14285714285714285,0.7727272727272727,0.08441558441558442,2.5999999999999943
11,2020-10-07 07:00:00,34,M,29.16271975,186.2,67.0,5.7,109,7,Breakfast,902.0,73.0,66.0,42.0,7.0,100.0,122.8,dexcom,129.4,2,0,9.125,181.0,0.40331491712707185,0.36464088397790057,0.23204419889502761,13.799999999999997
11,2020-10-07 13:34:00,34,M,29.16271975,186.2,67.0,5.7,109,13,Lunch,355.0,19.0,32.0,15.0,5.0,100.0,123.0,dexcom,94.0,2,0,3.1666666666666665,66.0,0.2878787878787879,0.48484848484848486,0.22727272727272727,14.0
11,2020-10-07 17:58:00,34,M,29.16271975,186.2,67.0,5.7,109,17,Dinner,970.0,58.0,57.0,57.0,0.0,100.0,99.4,dexcom,126.2,2,0,58.0,172.0,0.3372093023255814,0.3313953488372093,0.3313953488372093,-9.599999999999994
11,2020-10-07 18:19:00,34,M,29.16271975,186.2,67.0,5.7,109,18,Dinner,160.0,39.0,1.0,0.0,0.0,100.0,122.0,dexcom,128.0,2,0,39.0,40.0,0.975,0.025,0.0,13.0
11,2020-10-07 21:27:00,34,M,29.16271975,186.2,67.0,5.7,109,21,Snack,34.0,6.0,2.0,0.0,2.0,100.0,122.4,dexcom,131.2,2,0,2.0,8.0,0.75,0.25,0.0,13.400000000000006
11,2020-10-08 09:15:00,34,M,29.16271975,186.2,67.0,5.7,109,9,Breakfast,268.0,24.0,22.0,10.5,0.0,100.0,128.0,dexcom,134.6,3,0,24.0,56.5,0.4247787610619469,0.3893805309734513,0.18584070796460178,19.0
11,2020-10-08 12:57:00,34,M,29.16271975,186.2,67.0,5.7,109,12,Lunch,1110.0,93.0,84.0,44.0,4.0,100.0,121.0,dexcom,144.6,3,0,18.6,221.0,0.42081447963800905,0.38009049773755654,0.19909502262443438,12.0
11,2020-10-08 17:50:00,34,M,29.16271975,186.2,67.0,5.7,109,17,Dinner,1365.0,163.0,68.0,31.0,30.0,100.0,143.8,dexcom,142.6,3,0,5.258064516129032,262.0,0.6221374045801527,0.2595419847328244,0.1183206106870229,34.80000000000001
11,2020-10-09 10:22:00,34,M,29.16271975,186.2,67.0,5.7,109,10,Breakfast,448.0,66.0,22.0,10.5,0.0,100.0,131.8,dexcom,141.6,4,0,66.0,98.5,0.6700507614213198,0.2233502538071066,0.1065989847715736,22.80000000000001
11,2020-10-09 12:25:00,34,M,29.16271975,186.2,67.0,5.7,109,12,Lunch,575.0,76.0,22.0,18.5,11.0,100.0,139.4,dexcom,144.8,4,0,6.333333333333333,116.5,0.6523605150214592,0.1888412017167382,0.15879828326180256,30.400000000000006
11,2020-10-09 17:43:00,34,M,29.16271975,186.2,67.0,5.7,109,17,Dinner,1460.0,168.0,56.0,56.0,8.0,100.0,135.2,dexcom,132.2,4,0,18.666666666666668,280.0,0.6,0.2,0.2,26.19999999999999
11,2020-10-10 00:00:00,34,M,29.16271975,186.2,67.0,5.7,109,0,Snack,126.0,31.0,2.0,1.0,5.0,100.0,148.0,dexcom,126.6,5,1,5.166666666666667,34.0,0.9117647058823529,0.058823529411764705,0.029411764705882353,39.0
11,2020-10-10 07:52:00,34,M,29.16271975,186.2,67.0,5.7,109,7,Breakfast,608.0,66.0,66.0,10.5,0.0,100.0,123.0,dexcom,147.2,5,1,66.0,142.5,0.4631578947368421,0.4631578947368421,0.07368421052631578,14.0
11,2020-10-10 11:52:00,34,M,29.16271975,186.2,67.0,5.7,109,11,Lunch,585.0,40.0,76.0,17.0,13.0,100.0,127.0,dexcom,130.4,5,1,2.857142857142857,133.0,0.3007518796992481,0.5714285714285714,0.12781954887218044,18.0
11,2020-10-10 15:49:00,34,M,29.16271975,186.2,67.0,5.7,109,15,Snack,210.0,24.0,12.0,8.0,3.0,100.0,126.0,dexcom,132.0,5,1,6.0,44.0,0.5454545454545454,0.2727272727272727,0.18181818181818182,17.0
11,2020-10-10 19:04:00,34,M,29.16271975,186.2,67.0,5.7,109,19,Dinner,640.0,63.0,20.0,34.0,2.0,100.0,138.0,dexcom,124.0,5,1,21.0,117.0,0.5384615384615384,0.17094017094017094,0.2905982905982906,29.0
11,2020-10-11 07:30:00,34,M,29.16271975,186.2,67.0,5.7,109,7,Breakfast,712.0,66.0,22.0,42.0,0.0,100.0,111.4,dexcom,153.8,6,1,66.0,130.0,0.5076923076923077,0.16923076923076924,0.3230769230769231,2.4000000000000057
11,2020-10-11 11:54:00,34,M,29.16271975,186.2,67.0,5.7,109,11,Lunch,445.0,43.0,20.0,20.0,13.0,100.0,113.0,dexcom,141.0,6,1,3.0714285714285716,83.0,0.5180722891566265,0.24096385542168675,0.24096385542168675,4.0
11,2020-10-11 12:04:00,34,M,29.16271975,186.2,67.0,5.7,109,12,Snack,220.0,34.0,4.0,8.0,2.0,100.0,115.0,dexcom,136.0,6,1,11.333333333333334,46.0,0.7391304347826086,0.08695652173913043,0.17391304347826086,6.0
11,2020-10-11 18:33:00,34,M,29.16271975,186.2,67.0,5.7,109,18,Dinner,530.0,54.0,36.0,19.0,3.0,100.0,124.8,dexcom,143.8,6,1,13.5,109.0,0.4954128440366973,0.3302752293577982,0.1743119266055046,15.799999999999997
11,2020-10-12 07:30:00,34,M,29.16271975,186.2,67.0,5.7,109,7,Breakfast,268.0,24.0,22.0,10.5,0.0,100.0,114.2,dexcom,116.2,0,0,24.0,56.5,0.4247787610619469,0.3893805309734513,0.18584070796460178,5.200000000000003
11,2020-10-12 13:17:00,34,M,29.16271975,186.2,67.0,5.7,109,13,Lunch,725.0,94.0,44.0,20.0,4.0,100.0,167.4,dexcom,129.0,0,0,18.8,158.0,0.5949367088607594,0.27848101265822783,0.12658227848101267,58.400000000000006
11,2020-10-12 18:54:00,34,M,29.16271975,186.2,67.0,5.7,109,18,Dinner,850.0,108.0,33.0,31.0,0.0,100.0,123.0,dexcom,156.0,0,0,108.0,172.0,0.627906976744186,0.19186046511627908,0.18023255813953487,14.0
11,2020-10-13 07:31:00,34,M,29.16271975,186.2,67.0,5.7,109,7,Breakfast,902.0,73.0,22.0,42.0,7.0,100.0,115.3333,libre,145.6667,1,0,9.125,137.0,0.5328467153284672,0.16058394160583941,0.30656934306569344,6.333299999999994
12,2023-02-26 15:04:00,52,M,30.27287256,205.0,69.0,7.1,179,15,Lunch,1180.0,81.0,88.0,54.5,18.0,100.0,111.2,dexcom,143.8,6,1,4.2631578947368425,223.5,0.3624161073825503,0.39373601789709173,0.24384787472035793,-67.8
12,2023-02-26 20:48:00,52,M,30.27287256,205.0,69.0,7.1,179,20,Dinner,145.0,20.0,8.0,4.0,3.0,100.0,107.0,dexcom,214.8,6,1,5.0,32.0,0.625,0.25,0.125,-72.0
12,2023-02-27 09:16:00,52,M,30.27287256,205.0,69.0,7.1,179,9,Breakfast,448.0,66.0,22.0,10.5,0.0,100.0,143.8,dexcom,234.8,0,0,66.0,98.5,0.6700507614213198,0.2233502538071066,0.1065989847715736,-35.19999999999999
12,2023-02-27 14:22:00,52,M,30.27287256,205.0,69.0,7.1,179,14,Lunch,830.0,92.0,17.0,42.0,10.0,100.0,122.2,dexcom,149.8,0,0,8.363636363636363,151.0,0.609271523178808,0.11258278145695365,0.2781456953642384,-56.8
12,2023-02-27 20:49:00,52,M,30.27287256,205.0,69.0,7.1,179,20,Dinner,510.0,31.0,75.0,7.0,5.0,100.0,96.4,dexcom,164.2,0,0,5.166666666666667,113.0,0.2743362831858407,0.6637168141592921,0.061946902654867256,-82.6
12,2023-02-28 09:39:00,52,M,30.27287256,205.0,69.0,7.1,179,9,Breakfast,608.0,66.0,66.0,10.5,0.0,100.0,138.8,dexcom,174.8,1,0,66.0,142.5,0.4631578947368421,0.4631578947368421,0.07368421052631578,-40.19999999999999
12,2023-02-28 14:21:00,52,M,30.27287256,205.0,69.0,7.1,179,14,Lunch,435.0,16.0,66.0,14.0,4.0,100.0,84.4,dexcom,103.2,1,0,3.2,96.0,0.16666666666666666,0.6875,0.14583333333333334,-94.6
12,2023-02-28 17:53:00,52,M,30.27287256,205.0,69.0,7.1,179,17,Snack,488.0,72.0,28.0,12.0,16.0,100.0,92.0,dexcom,166.0,1,0,4.235294117647059,112.0,0.6428571428571429,0.25,0.10714285714285714,-87.0
12,2023-02-28 20:42:00,52,M,30.27287256,205.0,69.0,7.1,179,20,Dinner,280.0,25.0,4.0,0.0,1.0,100.0,149.6,dexcom,154.8,1,0,12.5,29.0,0.8620689655172413,0.13793103448275862,0.0,-29.400000000000006
12,2023-03-01 09:10:00,52,M,30.27287256,205.0,69.0,7.1,179,9,Breakfast,712.0,66.0,22.0,42.0,0.0,100.0,133.0,dexcom,212.0,2,0,66.0,130.0,0.5076923076923077,0.16923076923076924,0.3230769230769231,-46.0
12,2023-03-01 14:23:00,52,M,30.27287256,205.0,69.0,7.1,179,14,Lunch,555.0,94.0,12.0,13.0,5.0,100.0,77.2,dexcom,257.8,2,0,15.666666666666666,119.0,0.7899159663865546,0.10084033613445378,0.1092436974789916,-101.8
12,2023-03-01 17:37:00,52,M,30.27287256,205.0,69.0,7.1,179,17,Snack,72.0,18.0,1.0,0.0,4.0,100.0,245.6,dexcom,128.0,2,0,3.6,19.0,0.9473684210526315,0.05263157894736842,0.0,66.6
12,2023-03-01 20:59:00,52,M,30.27287256,205.0,69.0,7.1,179,20,Dinner,170.0,18.0,10.0,6.0,4.0,100.0,81.0,dexcom,122.6,2,0,3.6,34.0,0.5294117647058824,0.29411764705882354,0.17647058823529413,-98.0
12,2023-03-02 11:28:00,52,M,30.27287256,205.0,69.0,7.1,179,11,Breakfast,902.0,73.0,66.0,42.0,7.0,100.0,163.0,dexcom,118.8,3,0,9.125,181.0,0.40331491712707185,0.36464088397790057,0.23204419889502761,-16.0
12,2023-03-02 16:06:00,52,M,30.27287256,205.0,69.0,7.1,179,16,Lunch,355.0,19.0,32.0,15.0,5.0,100.0,104.4,dexcom,132.2,3,0,3.1666666666666665,66.0,0.2878787878787879,0.48484848484848486,0.22727272727272727,-74.6
12,2023-03-02 20:04:00,52,M,30.27287256,205.0,69.0,7.1,179,20,Dinner,170.0,18.0,10.0,6.0,4.0,100.0,104.8,dexcom,170.4,3,0,3.6,34.0,0.5294117647058824,0.29411764705882354,0.17647058823529413,-74.2
12,2023-03-03 09:46:00,52,M,30.27287256,205.0,69.0,7.1,179,9,Breakfast,712.0,66.0,22.0,42.0,0.0,100.0,131.4,dexcom,217.2,4,0,66.0,130.0,0.5076923076923077,0.16923076923076924,0.3230769230769231,-47.599999999999994
12,2023-03-03 14:27:00,52,M,30.27287256,205.0,69.0,7.1,179,14,Lunch,445.0,43.0,20.0,20.0,13.0,100.0,101.8,dexcom,153.8,4,0,3.0714285714285716,83.0,0.5180722891566265,0.24096385542168675,0.24096385542168675,-77.2
12,2023-03-03 21:24:00,52,M,30.27287256,205.0,69.0,7.1,179,21,Dinner,0.0,0.0,0.0,0.0,0.0,0.0,98.0,dexcom,165.8,4,0,0.0,0.0,0.0,0.0,0.0,-81.0
12,2023-03-04 09:23:00,52,M,30.27287256,205.0,69.0,7.1,179,9,Breakfast,448.0,66.0,22.0,10.5,0.0,100.0,130.4,dexcom,191.2,5,1,66.0,98.5,0.6700507614213198,0.2233502538071066,0.1065989847715736,-48.599999999999994
12,2023-03-04 15:01:00,52,M,30.27287256,205.0,69.0,7.1,179,15,Lunch,575.0,76.0,22.0,18.5,11.0,100.0,82.0,dexcom,196.2,5,1,6.333333333333333,116.5,0.6523605150214592,0.1888412017167382,0.15879828326180256,-97.0
12,2023-03-04 22:26:00,52,M,30.27287256,205.0,69.0,7.1,179,22,Dinner,160.0,34.0,3.0,2.0,2.0,100.0,86.8,dexcom,228.6,5,1,11.333333333333334,39.0,0.8717948717948718,0.07692307692307693,0.05128205128205128,-92.2
12,2023-03-05 09:58:00,52,M,30.27287256,205.0,69.0,7.1,179,9,Breakfast,608.0,66.0,66.0,10.5,0.0,100.0,108.0,dexcom,159.4,6,1,66.0,142.5,0.4631578947368421,0.4631578947368421,0.07368421052631578,-71.0
12,2023-03-05 14:25:00,52,M,30.27287256,205.0,69.0,7.1,179,14,Lunch,585.0,40.0,76.0,17.0,13.0,100.0,83.0,dexcom,128.0,6,1,2.857142857142857,133.0,0.3007518796992481,0.5714285714285714,0.12781954887218044,-96.0
12,2023-03-05 20:28:00,52,M,30.27287256,205.0,69.0,7.1,179,20,Dinner,129.0,1.0,17.0,7.0,0.0,100.0,90.4,dexcom,156.4,6,1,1.0,25.0,0.04,0.68,0.28,-88.6
12,2023-03-06 10:59:00,52,M,30.27287256,205.0,69.0,7.1,179,10,Breakfast,268.0,24.0,22.0,10.5,0.0,100.0,143.2,dexcom,112.4,0,0,24.0,56.5,0.4247787610619469,0.3893805309734513,0.18584070796460178,-35.80000000000001
12,2023-03-06 14:49:00,52,M,30.27287256,205.0,69.0,7.1,179,14,Lunch,1110.0,93.0,84.0,44.0,4.0,100.0,81.8,dexcom,93.6,0,0,18.6,221.0,0.42081447963800905,0.38009049773755654,0.19909502262443438,-97.2
12,2023-03-06 19:22:00,52,M,30.27287256,205.0,69.0,7.1,179,19,Dinner,94.0,0.0,19.0,2.0,0.0,100.0,86.0,dexcom,181.8,0,0,0.0,21.0,0.0,0.9047619047619048,0.09523809523809523,-93.0
12,2023-03-06 21:24:00,52,M,30.27287256,205.0,69.0,7.1,179,21,Dinner,138.0,60.0,3.0,7.0,0.0,100.0,180.6,dexcom,170.0,0,0,60.0,70.0,0.8571428571428571,0.04285714285714286,0.1,1.5999999999999943
12,2023-03-07 09:22:00,52,M,30.27287256,205.0,69.0,7.1,179,9,Breakfast,268.0,24.0,22.0,10.5,0.0,100.0,111.0,dexcom,112.0,1,0,24.0,56.5,0.4247787610619469,0.3893805309734513,0.18584070796460178,-68.0
12,2023-03-07 14:42:00,52,M,30.27287256,205.0,69.0,7.1,179,14,Lunch,725.0,94.0,44.0,20.0,4.0,100.0,95.0,dexcom,194.6,1,0,18.8,158.0,0.5949367088607594,0.27848101265822783,0.12658227848101267,-84.0
12,2023-03-07 21:00:00,52,M,30.27287256,205.0,69.0,7.1,179,21,Dinner,220.0,11.0,15.0,13.0,0.0,100.0,101.0,dexcom,104.0,1,0,11.0,39.0,0.28205128205128205,0.38461538461538464,0.3333333333333333,-78.0
12,2023-03-08 09:33:00,52,M,30.27287256,205.0,69.0,7.1,179,9,Breakfast,902.0,73.0,22.0,42.0,7.0,100.0,159.6667,libre,195.0,2,0,9.125,137.0,0.5328467153284672,0.16058394160583941,0.30656934306569344,-19.33330000000001
13,2024-01-25 11:52:00,56,F,32.62942526,178.4,62.0,6.2,103,11,Lunch,1180.0,81.0,88.0,54.5,18.0,100.0,63.8,dexcom,142.8,3,0,4.2631578947368425,223.5,0.3624161073825503,0.39373601789709173,0.24384787472035793,-39.2
13,2024-01-25 17:51:00,56,F,32.62942526,178.4,62.0,6.2,103,17,Dinner,558.0,33.0,48.0,22.0,5.0,100.0,139.8,dexcom,157.2,3,0,5.5,103.0,0.32038834951456313,0.46601941747572817,0.21359223300970873,36.80000000000001
13,2024-01-26 07:28:00,56,F,32.62942526,178.4,62.0,6.2,103,7,Breakfast,448.0,66.0,22.0,10.5,0.0,100.0,123.0,dexcom,186.0,4,0,66.0,98.5,0.6700507614213198,0.2233502538071066,0.1065989847715736,20.0
13,2024-01-26 11:37:00,56,F,32.62942526,178.4,62.0,6.2,103,11,Lunch,830.0,92.0,17.0,42.0,10.0,100.0,62.2,dexcom,178.4,4,0,8.363636363636363,151.0,0.609271523178808,0.11258278145695365,0.2781456953642384,-40.8
13,2024-01-26 16:04:00,56,F,32.62942526,178.4,62.0,6.2,103,16,Dinner,763.0,78.0,61.0,24.0,12.0,100.0,110.6,dexcom,147.6,4,0,6.0,163.0,0.4785276073619632,0.37423312883435583,0.147239263803681,7.599999999999994
13,2024-01-26 19:31:00,56,F,32.62942526,178.4,62.0,6.2,103,19,Snack,386.0,27.0,13.0,6.0,0.0,100.0,122.4,dexcom,122.0,4,0,27.0,46.0,0.5869565217391305,0.2826086956521739,0.13043478260869565,19.400000000000006
13,2024-01-27 08:42:00,56,F,32.62942526,178.4,62.0,6.2,103,8,Breakfast,608.0,66.0,66.0,10.5,0.0,100.0,107.8,dexcom,142.0,5,1,66.0,142.5,0.4631578947368421,0.4631578947368421,0.07368421052631578,4.799999999999997
13,2024-01-27 11:56:00,56,F,32.62942526,178.4,62.0,6.2,103,11,Lunch,435.0,16.0,66.0,14.0,4.0,100.0,134.2,dexcom,95.2,5,1,3.2,96.0,0.16666666666666666,0.6875,0.14583333333333334,31.19999999999999
13,2024-01-27 15:19:00,56,F,32.62942526,178.4,62.0,6.2,103,15,Dinner,826.0,54.0,40.0,50.0,4.0,100.0,74.6,dexcom,110.8,5,1,10.8,144.0,0.375,0.2777777777777778,0.3472222222222222,-28.400000000000006
13,2024-01-28 07:43:00,56,F,32.62942526,178.4,62.0,6.2,103,7,Breakfast,712.0,66.0,22.0,42.0,0.0,100.0,127.0,dexcom,138.0,6,1,66.0,130.0,0.5076923076923077,0.16923076923076924,0.3230769230769231,24.0
13,2024-01-28 11:45:00,56,F,32.62942526,178.4,62.0,6.2,103,11,Lunch,555.0,94.0,12.0,13.0,5.0,100.0,130.0,dexcom,194.4,6,1,15.666666666666666,119.0,0.7899159663865546,0.10084033613445378,0.1092436974789916,27.0
13,2024-01-28 16:07:00,56,F,32.62942526,178.4,62.0,6.2,103,16,Dinner,753.0,112.0,21.0,14.0,12.0,100.0,148.6,dexcom,173.6,6,1,8.615384615384615,147.0,0.7619047619047619,0.14285714285714285,0.09523809523809523,45.599999999999994
13,2024-01-29 07:49:00,56,F,32.62942526,178.4,62.0,6.2,103,7,Breakfast,902.0,73.0,66.0,42.0,7.0,100.0,126.8,dexcom,104.2,0,0,9.125,181.0,0.40331491712707185,0.36464088397790057,0.23204419889502761,23.799999999999997
13,2024-01-29 12:10:00,56,F,32.62942526,178.4,62.0,6.2,103,12,Lunch,355.0,19.0,32.0,15.0,5.0,100.0,111.0,dexcom,94.4,0,0,3.1666666666666665,66.0,0.2878787878787879,0.48484848484848486,0.22727272727272727,8.0
13,2024-01-29 16:23:00,56,F,32.62942526,178.4,62.0,6.2,103,16,Dinner,553.0,70.0,32.0,16.0,12.0,100.0,102.0,dexcom,158.0,0,0,5.384615384615385,118.0,0.5932203389830508,0.2711864406779661,0.13559322033898305,-1.0
13,2024-01-29 18:32:00,56,F,32.62942526,178.4,62.0,6.2,103,18,Snack,153.0,13.0,3.0,0.0,0.0,100.0,155.6,dexcom,102.0,0,0,13.0,16.0,0.8125,0.1875,0.0,52.599999999999994
13,2024-01-30 09:23:00,56,F,32.62942526,178.4,62.0,6.2,103,9,Breakfast,268.0,24.0,22.0,10.5,0.0,100.0,121.0,dexcom,161.0,1,0,24.0,56.5,0.4247787610619469,0.3893805309734513,0.18584070796460178,18.0
13,2024-01-30 12:25:00,56,F,32.62942526,178.4,62.0,6.2,103,12,Lunch,1110.0,93.0,84.0,44.0,4.0,100.0,90.4,dexcom,151.8,1,0,18.6,221.0,0.42081447963800905,0.38009049773755654,0.19909502262443438,-12.599999999999994
13,2024-01-30 15:58:00,56,F,32.62942526,178.4,62.0,6.2,103,15,Snack,80.0,21.0,1.0,0.0,3.0,100.0,106.0,dexcom,123.0,1,0,5.25,22.0,0.9545454545454546,0.045454545454545456,0.0,3.0
13,2024-01-30 16:25:00,56,F,32.62942526,178.4,62.0,6.2,103,16,Dinner,394.0,35.0,27.0,16.0,8.0,100.0,89.4,dexcom,85.0,1,0,3.888888888888889,78.0,0.44871794871794873,0.34615384615384615,0.20512820512820512,-13.599999999999994
13,2024-01-30 16:49:00,56,F,32.62942526,178.4,62.0,6.2,103,16,Snack,106.0,11.0,1.0,7.0,0.0,100.0,107.6,dexcom,82.6,1,0,11.0,19.0,0.5789473684210527,0.05263157894736842,0.3684210526315789,4.599999999999994
13,2024-01-31 07:21:00,56,F,32.62942526,178.4,62.0,6.2,103,7,Breakfast,448.0,66.0,22.0,10.5,0.0,100.0,127.0,dexcom,160.6,2,0,66.0,98.5,0.6700507614213198,0.2233502538071066,0.1065989847715736,24.0
13,2024-01-31 11:20:00,56,F,32.62942526,178.4,62.0,6.2,103,11,Lunch,575.0,76.0,22.0,18.5,11.0,100.0,76.8,dexcom,183.2,2,0,6.333333333333333,116.5,0.6523605150214592,0.1888412017167382,0.15879828326180256,-26.200000000000003
13,2024-01-31 15:56:00,56,F,32.62942526,178.4,62.0,6.2,103,15,Dinner,710.0,94.0,44.0,14.0,24.0,100.0,124.0,dexcom,150.8,2,0,3.76,152.0,0.618421052631579,0.2894736842105263,0.09210526315789473,21.0
13,2024-01-31 19:06:00,56,F,32.62942526,178.4,62.0,6.2,103,19,Snack,363.0,41.0,13.0,17.0,3.0,100.0,125.6,dexcom,113.8,2,0,10.25,71.0,0.5774647887323944,0.18309859154929578,0.23943661971830985,22.599999999999994
13,2024-02-01 06:57:00,56,F,32.62942526,178.4,62.0,6.2,103,6,Breakfast,608.0,66.0,66.0,10.5,0.0,100.0,131.4,dexcom,158.4,3,0,66.0,142.5,0.4631578947368421,0.4631578947368421,0.07368421052631578,28.400000000000006
13,2024-02-01 11:44:00,56,F,32.62942526,178.4,62.0,6.2,103,11,Lunch,585.0,40.0,76.0,17.0,13.0,100.0,96.8,dexcom,131.2,3,0,2.857142857142857,133.0,0.3007518796992481,0.5714285714285714,0.12781954887218044,-6.200000000000003
13,2024-02-01 16:20:00,56,F,32.62942526,178.4,62.0,6.2,103,16,Snack,85.0,2.0,0.0,0.0,0.0,100.0,92.0,dexcom,110.0,3,0,2.0,2.0,1.0,0.0,0.0,-11.0
13,2024-02-01 16:57:00,56,F,32.62942526,178.4,62.0,6.2,103,16,Dinner,423.0,27.0,5.0,2.0,0.0,100.0,101.0,dexcom,139.2,3,0,27.0,34.0,0.7941176470588235,0.14705882352941177,0.058823529411764705,-2.0
13,2024-02-01 19:53:00,56,F,32.62942526,178.4,62.0,6.2,103,19,Snack,270.0,48.0,7.0,5.0,0.0,100.0,96.0,dexcom,134.0,3,0,48.0,60.0,0.8,0.11666666666666667,0.08333333333333333,-7.0
13,2024-02-02 06:56:00,56,F,32.62942526,178.4,62.0,6.2,103,6,Breakfast,712.0,66.0,22.0,42.0,0.0,100.0,123.0,dexcom,127.8,4,0,66.0,130.0,0.5076923076923077,0.16923076923076924,0.3230769230769231,20.0
13,2024-02-02 12:39:00,56,F,32.62942526,178.4,62.0,6.2,103,12,Lunch,445.0,43.0,20.0,20.0,13.0,100.0,102.2,dexcom,153.0,4,0,3.0714285714285716,83.0,0.5180722891566265,0.24096385542168675,0.24096385542168675,-0.7999999999999972
13,2024-02-02 15:41:00,56,F,32.62942526,178.4,62.0,6.2,103,15,Dinner,1289.0,147.0,84.0,50.0,15.0,100.0,133.4,dexcom,120.0,4,0,9.1875,281.0,0.5231316725978647,0.298932384341637,0.17793594306049823,30.400000000000006
13,2024-02-02 18:19:00,56,F,32.62942526,178.4,62.0,6.2,103,18,Snack,310.0,41.0,20.0,12.0,3.0,100.0,148.2,dexcom,153.0,4,0,10.25,73.0,0.5616438356164384,0.273972602739726,0.1643835616438356,45.19999999999999
13,2024-02-03 08:08:00,56,F,32.62942526,178.4,62.0,6.2,103,8,Breakfast,268.0,24.0,22.0,10.5,0.0,100.0,112.0,dexcom,72.0,5,1,24.0,56.5,0.4247787610619469,0.3893805309734513,0.18584070796460178,9.0
13,2024-02-03 11:04:00,56,F,32.62942526,178.4,62.0,6.2,103,11,Lunch,725.0,94.0,44.0,20.0,4.0,100.0,68.0,dexcom,116.6,5,1,18.8,158.0,0.5949367088607594,0.27848101265822783,0.12658227848101267,-35.0
13,2024-02-03 15:00:00,56,F,32.62942526,178.4,62.0,6.2,103,15,Snack,681.0,72.0,29.0,32.0,1.0,100.0,102.6,dexcom,144.6,5,1,36.0,133.0,0.5413533834586466,0.21804511278195488,0.24060150375939848,-0.4000000000000057
13,2024-02-03 15:58:00,56,F,32.62942526,178.4,62.0,6.2,103,15,Dinner,996.0,104.0,64.0,33.0,6.0,100.0,90.0,dexcom,117.0,5,1,14.857142857142858,201.0,0.5174129353233831,0.31840796019900497,0.16417910447761194,-13.0
13,2024-02-04 07:07:00,56,F,32.62942526,178.4,62.0,6.2,103,7,Breakfast,902.0,73.0,22.0,42.0,7.0,100.0,139.6667,libre,121.6667,6,1,9.125,137.0,0.5328467153284672,0.16058394160583941,0.30656934306569344,36.66669999999999
14,2023-05-09 11:51:00,53,M,28.47358996,181.8,67.0,7.1,147,11,Lunch,1180.0,81.0,88.0,54.5,18.0,100.0,129.0,dexcom,147.8,1,0,4.2631578947368425,223.5,0.3624161073825503,0.39373601789709173,0.24384787472035793,-18.0
14,2023-05-09 19:01:00,53,M,28.47358996,181.8,67.0,7.1,147,19,Dinner,420.0,46.0,10.0,22.0,8.0,100.0,131.2,dexcom,129.4,1,0,5.111111111111111,78.0,0.5897435897435898,0.1282051282051282,0.28205128205128205,-15.800000000000011
14,2023-05-10 08:15:00,53,M,28.47358996,181.8,67.0,7.1,147,8,Breakfast,448.0,66.0,22.0,10.5,0.0,100.0,145.0,dexcom,194.0,2,0,66.0,98.5,0.6700507614213198,0.2233502538071066,0.1065989847715736,-2.0
14,2023-05-10 12:44:00,53,M,28.47358996,181.8,67.0,7.1,147,12,Lunch,830.0,92.0,17.0,42.0,10.0,100.0,95.0,dexcom,109.6,2,0,8.363636363636363,151.0,0.609271523178808,0.11258278145695365,0.2781456953642384,-52.0
14,2023-05-10 17:40:00,53,M,28.47358996,181.8,67.0,7.1,147,17,Dinner,460.0,40.0,15.0,30.0,13.0,100.0,122.4,dexcom,138.0,2,0,2.857142857142857,85.0,0.47058823529411764,0.17647058823529413,0.35294117647058826,-24.599999999999994
14,2023-05-10 21:16:00,53,M,28.47358996,181.8,67.0,7.1,147,21,Snack,124.0,30.0,0.0,0.0,5.0,100.0,122.6,dexcom,119.8,2,0,5.0,30.0,1.0,0.0,0.0,-24.400000000000006
14,2023-05-11 09:10:00,53,M,28.47358996,181.8,67.0,7.1,147,9,Breakfast,608.0,66.0,66.0,10.5,0.0,100.0,136.6,dexcom,141.0,3,0,66.0,142.5,0.4631578947368421,0.4631578947368421,0.07368421052631578,-10.400000000000006
14,2023-05-11 13:11:00,53,M,28.47358996,181.8,67.0,7.1,147,13,Lunch,435.0,16.0,66.0,14.0,4.0,100.0,95.2,dexcom,108.6,3,0,3.2,96.0,0.16666666666666666,0.6875,0.14583333333333334,-51.8
14,2023-05-11 18:06:00,53,M,28.47358996,181.8,67.0,7.1,147,18,Dinner,806.0,48.0,52.0,45.0,8.0,100.0,131.2,dexcom,168.2,3,0,5.333333333333333,145.0,0.3310344827586207,0.3586206896551724,0.3103448275862069,-15.800000000000011
14,2023-05-11 18:21:00,53,M,28.47358996,181.8,67.0,7.1,147,18,Snack,130.0,23.0,4.0,0.0,1.0,100.0,127.2,dexcom,180.8,3,0,11.5,27.0,0.8518518518518519,0.14814814814814814,0.0,-19.799999999999997
14,2023-05-12 08:31:00,53,M,28.47358996,181.8,67.0,7.1,147,8,Breakfast,712.0,66.0,22.0,42.0,0.0,100.0,117.8,dexcom,146.4,4,0,66.0,130.0,0.5076923076923077,0.16923076923076924,0.3230769230769231,-29.200000000000003
14,2023-05-12 12:38:00,53,M,28.47358996,181.8,67.0,7.1,147,12,Lunch,555.0,94.0,12.0,13.0,5.0,100.0,82.2,dexcom,223.6,4,0,15.666666666666666,119.0,0.7899159663865546,0.10084033613445378,0.1092436974789916,-64.8
14,2023-05-12 18:14:00,53,M,28.47358996,181.8,67.0,7.1,147,18,Dinner,723.0,64.0,53.0,30.0,3.0,100.0,105.0,dexcom,126.0,4,0,16.0,147.0,0.43537414965986393,0.36054421768707484,0.20408163265306123,-42.0
14,2023-05-12 18:54:00,53,M,28.47358996,181.8,67.0,7.1,147,18,Snack,80.0,19.0,2.0,0.0,0.0,100.0,116.0,dexcom,120.4,4,0,19.0,21.0,0.9047619047619048,0.09523809523809523,0.0,-31.0
14,2023-05-13 08:33:00,53,M,28.47358996,181.8,67.0,7.1,147,8,Breakfast,902.0,73.0,66.0,42.0,7.0,100.0,123.2,dexcom,141.6,5,1,9.125,181.0,0.40331491712707185,0.36464088397790057,0.23204419889502761,-23.799999999999997
14,2023-05-13 12:34:00,53,M,28.47358996,181.8,67.0,7.1,147,12,Lunch,355.0,19.0,32.0,15.0,5.0,100.0,117.2,dexcom,106.8,5,1,3.1666666666666665,66.0,0.2878787878787879,0.48484848484848486,0.22727272727272727,-29.799999999999997
14,2023-05-13 19:02:00,53,M,28.47358996,181.8,67.0,7.1,147,19,Dinner,393.0,86.0,11.0,3.0,3.0,100.0,129.0,dexcom,148.0,5,1,21.5,100.0,0.86,0.11,0.03,-18.0
14,2023-05-13 20:03:00,53,M,28.47358996,181.8,67.0,7.1,147,20,Snack,130.0,23.0,4.0,0.0,1.0,100.0,206.2,dexcom,111.6,5,1,11.5,27.0,0.8518518518518519,0.14814814814814814,0.0,59.19999999999999
14,2023-05-14 08:39:00,53,M,28.47358996,181.8,67.0,7.1,147,8,Breakfast,268.0,24.0,22.0,10.5,0.0,100.0,131.2,dexcom,97.4,6,1,24.0,56.5,0.4247787610619469,0.3893805309734513,0.18584070796460178,-15.800000000000011
14,2023-05-14 12:39:00,53,M,28.47358996,181.8,67.0,7.1,147,12,Lunch,1110.0,93.0,84.0,44.0,4.0,100.0,100.4,dexcom,151.2,6,1,18.6,221.0,0.42081447963800905,0.38009049773755654,0.19909502262443438,-46.599999999999994
14,2023-05-14 17:34:00,53,M,28.47358996,181.8,67.0,7.1,147,17,Dinner,490.0,50.0,21.0,14.0,3.0,100.0,117.4,dexcom,112.6,6,1,12.5,85.0,0.5882352941176471,0.24705882352941178,0.16470588235294117,-29.599999999999994
14,2023-05-15 07:29:00,53,M,28.47358996,181.8,67.0,7.1,147,7,Breakfast,448.0,66.0,22.0,10.5,0.0,100.0,154.6,dexcom,178.4,0,0,66.0,98.5,0.6700507614213198,0.2233502538071066,0.1065989847715736,7.599999999999994
14,2023-05-15 11:42:00,53,M,28.47358996,181.8,67.0,7.1,147,11,Lunch,575.0,76.0,22.0,18.5,11.0,100.0,92.0,dexcom,175.0,0,0,6.333333333333333,116.5,0.6523605150214592,0.1888412017167382,0.15879828326180256,-55.0
14,2023-05-15 16:49:00,53,M,28.47358996,181.8,67.0,7.1,147,16,Dinner,773.0,80.0,39.0,32.0,5.0,100.0,111.8,dexcom,145.8,0,0,13.333333333333334,151.0,0.5298013245033113,0.2582781456953642,0.2119205298013245,-35.2
14,2023-05-15 21:29:00,53,M,28.47358996,181.8,67.0,7.1,147,21,Snack,340.0,7.0,6.0,18.0,2.0,100.0,124.8,dexcom,192.2,0,0,2.3333333333333335,31.0,0.22580645161290322,0.1935483870967742,0.5806451612903226,-22.200000000000003
14,2023-05-16 07:28:00,53,M,28.47358996,181.8,67.0,7.1,147,7,Breakfast,608.0,66.0,66.0,10.5,0.0,100.0,165.2,dexcom,110.0,1,0,66.0,142.5,0.4631578947368421,0.4631578947368421,0.07368421052631578,18.19999999999999
14,2023-05-16 14:44:00,53,M,28.47358996,181.8,67.0,7.1,147,14,Lunch,585.0,40.0,76.0,17.0,13.0,100.0,115.6,dexcom,129.2,1,0,2.857142857142857,133.0,0.3007518796992481,0.5714285714285714,0.12781954887218044,-31.400000000000006
14,2023-05-16 20:02:00,53,M,28.47358996,181.8,67.0,7.1,147,20,Dinner,380.0,37.0,14.0,27.0,11.0,100.0,111.0,dexcom,133.0,1,0,3.0833333333333335,78.0,0.47435897435897434,0.1794871794871795,0.34615384615384615,-36.0
14,2023-05-16 22:03:00,53,M,28.47358996,181.8,67.0,7.1,147,22,Snack,124.0,30.0,0.0,0.0,5.0,100.0,133.0,dexcom,133.6,1,0,5.0,30.0,1.0,0.0,0.0,-14.0
14,2023-05-16 22:23:00,53,M,28.47358996,181.8,67.0,7.1,147,22,Snack,140.0,0.0,0.0,0.0,0.0,100.0,135.0,dexcom,132.6,1,0,0.0,0.0,0.0,0.0,0.0,-12.0
14,2023-05-17 08:34:00,53,M,28.47358996,181.8,67.0,7.1,147,8,Breakfast,712.0,66.0,22.0,42.0,0.0,100.0,127.4,dexcom,155.6,2,0,66.0,130.0,0.5076923076923077,0.16923076923076924,0.3230769230769231,-19.599999999999994
14,2023-05-17 12:19:00,53,M,28.47358996,181.8,67.0,7.1,147,12,Lunch,445.0,43.0,20.0,20.0,13.0,100.0,117.0,dexcom,126.0,2,0,3.0714285714285716,83.0,0.5180722891566265,0.24096385542168675,0.24096385542168675,-30.0
14,2023-05-17 19:46:00,53,M,28.47358996,181.8,67.0,7.1,147,19,Dinner,390.0,65.0,7.0,16.0,11.0,100.0,119.0,dexcom,154.6,2,0,5.416666666666667,88.0,0.7386363636363636,0.07954545454545454,0.18181818181818182,-28.0
14,2023-05-17 22:49:00,53,M,28.47358996,181.8,67.0,7.1,147,22,Snack,340.0,7.0,6.0,18.0,2.0,100.0,109.8,dexcom,122.4,2,0,2.3333333333333335,31.0,0.22580645161290322,0.1935483870967742,0.5806451612903226,-37.2
14,2023-05-18 08:15:00,53,M,28.47358996,181.8,67.0,7.1,147,8,Breakfast,268.0,24.0,22.0,10.5,0.0,100.0,128.4,dexcom,116.4,3,0,24.0,56.5,0.4247787610619469,0.3893805309734513,0.18584070796460178,-18.599999999999994
14,2023-05-18 12:25:00,53,M,28.47358996,181.8,67.0,7.1,147,12,Lunch,725.0,94.0,44.0,20.0,4.0,100.0,100.6,dexcom,192.0,3,0,18.8,158.0,0.5949367088607594,0.27848101265822783,0.12658227848101267,-46.400000000000006
14,2023-05-18 18:53:00,53,M,28.47358996,181.8,67.0,7.1,147,18,Dinner,1086.0,97.0,34.0,52.0,3.0,100.0,126.0,dexcom,178.0,3,0,24.25,183.0,0.5300546448087432,0.18579234972677597,0.28415300546448086,-21.0
14,2023-05-18 19:11:00,53,M,28.47358996,181.8,67.0,7.1,147,19,Dinner,120.0,18.0,3.0,4.0,0.0,100.0,116.8,dexcom,178.0,3,0,18.0,25.0,0.72,0.12,0.16,-30.200000000000003
14,2023-05-18 21:47:00,53,M,28.47358996,181.8,67.0,7.1,147,21,Snack,0.0,0.0,0.0,0.0,0.0,100.0,177.0,dexcom,149.0,3,0,0.0,0.0,0.0,0.0,0.0,30.0
14,2023-05-19 08:17:00,53,M,28.47358996,181.8,67.0,7.1,147,8,Breakfast,902.0,73.0,22.0,42.0,7.0,100.0,116.6667,libre,117.9333,4,0,9.125,137.0,0.5328467153284672,0.16058394160583941,0.30656934306569344,-30.333299999999994
15,2024-01-25 11:51:00,47,F,24.33627734,128.8,61.0,5.4,89,11,Lunch,1180.0,81.0,88.0,54.5,18.0,100.0,100.0,dexcom,110.0,3,0,4.2631578947368425,223.5,0.3624161073825503,0.39373601789709173,0.24384787472035793,11.0
15,2024-01-25 18:27:00,47,F,24.33627734,128.8,61.0,5.4,89,18,Dinner,205.0,11.0,18.0,10.0,4.0,100.0,80.4,dexcom,105.0,3,0,2.2,39.0,0.28205128205128205,0.46153846153846156,0.2564102564102564,-8.599999999999994
15,2024-01-25 18:54:00,47,F,24.33627734,128.8,61.0,5.4,89,18,Dinner,39.0,10.0,1.0,0.0,1.0,100.0,84.8,dexcom,109.4,3,0,5.0,11.0,0.9090909090909091,0.09090909090909091,0.0,-4.200000000000003
15,2024-01-25 19:42:00,47,F,24.33627734,128.8,61.0,5.4,89,19,Snack,100.0,9.0,6.0,4.0,2.0,100.0,123.0,dexcom,121.2,3,0,3.0,19.0,0.47368421052631576,0.3157894736842105,0.21052631578947367,34.0
15,2024-01-25 21:42:00,47,F,24.33627734,128.8,61.0,5.4,89,21,Snack,80.0,1.0,0.0,0.0,0.0,100.0,121.2,dexcom,116.2,3,0,1.0,1.0,1.0,0.0,0.0,32.2
15,2024-01-26 07:50:00,47,F,24.33627734,128.8,61.0,5.4,89,7,Breakfast,448.0,66.0,22.0,10.5,0.0,100.0,81.4,dexcom,100.6,4,0,66.0,98.5,0.6700507614213198,0.2233502538071066,0.1065989847715736,-7.599999999999994
15,2024-01-26 11:52:00,47,F,24.33627734,128.8,61.0,5.4,89,11,Lunch,830.0,92.0,17.0,42.0,10.0,100.0,90.8,dexcom,101.2,4,0,8.363636363636363,151.0,0.609271523178808,0.11258278145695365,0.2781456953642384,1.7999999999999972
15,2024-01-26 18:49:00,47,F,24.33627734,128.8,61.0,5.4,89,18,Snack,110.0,5.0,12.0,4.0,0.0,100.0,94.0,dexcom,93.2,4,0,5.0,21.0,0.23809523809523808,0.5714285714285714,0.19047619047619047,5.0
15,2024-01-26 20:34:00,47,F,24.33627734,128.8,61.0,5.4,89,20,Dinner,340.0,40.0,0.0,0.0,0.0,100.0,97.4,dexcom,94.6,4,0,40.0,40.0,1.0,0.0,0.0,8.400000000000006
15,2024-01-26 20:54:00,47,F,24.33627734,128.8,61.0,5.4,89,20,Dinner,613.0,73.0,46.0,10.0,1.0,100.0,92.0,dexcom,111.0,4,0,36.5,129.0,0.5658914728682171,0.35658914728682173,0.07751937984496124,3.0
15,2024-01-26 21:58:00,47,F,24.33627734,128.8,61.0,5.4,89,21,Snack,100.0,10.0,1.0,7.0,0.0,100.0,93.8,dexcom,92.0,4,0,10.0,18.0,0.5555555555555556,0.05555555555555555,0.3888888888888889,4.799999999999997
15,2024-01-27 10:21:00,47,F,24.33627734,128.8,61.0,5.4,89,10,Breakfast,608.0,66.0,66.0,10.5,0.0,100.0,97.0,dexcom,93.0,5,1,66.0,142.5,0.4631578947368421,0.4631578947368421,0.07368421052631578,8.0
15,2024-01-27 13:35:00,47,F,24.33627734,128.8,61.0,5.4,89,13,Lunch,435.0,16.0,66.0,14.0,4.0,100.0,104.0,dexcom,100.4,5,1,3.2,96.0,0.16666666666666666,0.6875,0.14583333333333334,15.0
15,2024-01-27 18:14:00,47,F,24.33627734,128.8,61.0,5.4,89,18,Dinner,741.0,81.0,47.0,25.0,0.0,100.0,102.2,dexcom,114.6,5,1,81.0,153.0,0.5294117647058824,0.30718954248366015,0.16339869281045752,13.200000000000003
15,2024-01-28 09:20:00,47,F,24.33627734,128.8,61.0,5.4,89,9,Breakfast,712.0,66.0,22.0,42.0,0.0,100.0,105.0,dexcom,127.0,6,1,66.0,130.0,0.5076923076923077,0.16923076923076924,0.3230769230769231,16.0
15,2024-01-28 15:32:00,47,F,24.33627734,128.8,61.0,5.4,89,15,Lunch,555.0,94.0,12.0,13.0,5.0,100.0,143.6,dexcom,103.2,6,1,15.666666666666666,119.0,0.7899159663865546,0.10084033613445378,0.1092436974789916,54.599999999999994
15,2024-01-28 18:21:00,47,F,24.33627734,128.8,61.0,5.4,89,18,Dinner,695.0,79.0,30.0,28.0,6.0,100.0,106.0,dexcom,93.0,6,1,11.285714285714286,137.0,0.5766423357664233,0.21897810218978103,0.20437956204379562,17.0
15,2024-01-28 19:03:00,47,F,24.33627734,128.8,61.0,5.4,89,19,Snack,510.0,97.0,7.0,11.0,3.0,100.0,124.6,dexcom,120.6,6,1,24.25,115.0,0.8434782608695652,0.06086956521739131,0.09565217391304348,35.599999999999994
15,2024-01-29 12:47:00,47,F,24.33627734,128.8,61.0,5.4,89,12,Breakfast,902.0,73.0,66.0,42.0,7.0,100.0,104.0,dexcom,109.2,0,0,9.125,181.0,0.40331491712707185,0.36464088397790057,0.23204419889502761,15.0
15,2024-01-29 16:58:00,47,F,24.33627734,128.8,61.0,5.4,89,16,Lunch,355.0,19.0,32.0,15.0,5.0,100.0,108.6,dexcom,107.4,0,0,3.1666666666666665,66.0,0.2878787878787879,0.48484848484848486,0.22727272727272727,19.599999999999994
15,2024-01-29 18:15:00,47,F,24.33627734,128.8,61.0,5.4,89,18,Snack,431.0,77.0,6.0,11.0,1.0,100.0,105.6,dexcom,97.0,0,0,38.5,94.0,0.8191489361702128,0.06382978723404255,0.11702127659574468,16.599999999999994
15,2024-01-30 07:34:00,47,F,24.33627734,128.8,61.0,5.4,89,7,Breakfast,268.0,24.0,22.0,10.5,0.0,100.0,91.8,dexcom,71.6,1,0,24.0,56.5,0.4247787610619469,0.3893805309734513,0.18584070796460178,2.799999999999997
15,2024-01-30 12:08:00,47,F,24.33627734,128.8,61.0,5.4,89,12,Lunch,1110.0,93.0,84.0,44.0,4.0,100.0,95.8,dexcom,98.6,1,0,18.6,221.0,0.42081447963800905,0.38009049773755654,0.19909502262443438,6.799999999999997
15,2024-01-30 15:49:00,47,F,24.33627734,128.8,61.0,5.4,89,15,Snack,115.0,12.0,9.0,0.0,1.0,100.0,96.0,dexcom,95.6,1,0,6.0,21.0,0.5714285714285714,0.42857142857142855,0.0,7.0
15,2024-01-30 17:55:00,47,F,24.33627734,128.8,61.0,5.4,89,17,Dinner,274.0,16.0,10.0,19.0,4.0,100.0,95.2,dexcom,102.0,1,0,3.2,45.0,0.35555555555555557,0.2222222222222222,0.4222222222222222,6.200000000000003
15,2024-01-30 18:24:00,47,F,24.33627734,128.8,61.0,5.4,89,18,Snack,76.0,21.0,0.0,0.0,0.0,100.0,98.8,dexcom,106.6,1,0,21.0,21.0,1.0,0.0,0.0,9.799999999999997
15,2024-01-30 22:53:00,47,F,24.33627734,128.8,61.0,5.4,89,22,Snack,492.0,69.0,17.0,15.0,7.0,100.0,102.0,dexcom,96.4,1,0,8.625,101.0,0.6831683168316832,0.16831683168316833,0.1485148514851485,13.0
15,2024-01-31 08:01:00,47,F,24.33627734,128.8,61.0,5.4,89,8,Breakfast,448.0,66.0,22.0,10.5,0.0,100.0,99.0,dexcom,116.0,2,0,66.0,98.5,0.6700507614213198,0.2233502538071066,0.1065989847715736,10.0
15,2024-01-31 14:28:00,47,F,24.33627734,128.8,61.0,5.4,89,14,Lunch,575.0,76.0,22.0,18.5,11.0,100.0,99.2,dexcom,145.6,2,0,6.333333333333333,116.5,0.6523605150214592,0.1888412017167382,0.15879828326180256,10.200000000000003
15,2024-01-31 15:25:00,47,F,24.33627734,128.8,61.0,5.4,89,15,Snack,190.0,15.0,5.0,13.0,0.0,100.0,155.0,dexcom,112.0,2,0,15.0,33.0,0.45454545454545453,0.15151515151515152,0.3939393939393939,66.0
15,2024-01-31 18:25:00,47,F,24.33627734,128.8,61.0,5.4,89,18,Dinner,172.0,6.0,12.0,11.0,1.0,100.0,99.0,dexcom,95.2,2,0,3.0,29.0,0.20689655172413793,0.41379310344827586,0.3793103448275862,10.0
15,2024-01-31 18:57:00,47,F,24.33627734,128.8,61.0,5.4,89,18,Snack,299.0,37.0,17.0,6.0,5.0,100.0,102.8,dexcom,106.2,2,0,6.166666666666667,60.0,0.6166666666666667,0.2833333333333333,0.1,13.799999999999997
15,2024-02-01 08:35:00,47,F,24.33627734,128.8,61.0,5.4,89,8,Breakfast,608.0,66.0,66.0,10.5,0.0,100.0,103.8,dexcom,102.4,3,0,66.0,142.5,0.4631578947368421,0.4631578947368421,0.07368421052631578,14.799999999999997
15,2024-02-01 11:53:00,47,F,24.33627734,128.8,61.0,5.4,89,11,Lunch,585.0,40.0,76.0,17.0,13.0,100.0,105.6,dexcom,109.4,3,0,2.857142857142857,133.0,0.3007518796992481,0.5714285714285714,0.12781954887218044,16.599999999999994
15,2024-02-01 15:40:00,47,F,24.33627734,128.8,61.0,5.4,89,15,Snack,180.0,0.0,0.0,0.0,0.0,100.0,90.4,dexcom,106.0,3,0,0.0,0.0,0.0,0.0,0.0,1.4000000000000057
15,2024-02-01 18:23:00,47,F,24.33627734,128.8,61.0,5.4,89,18,Dinner,130.0,2.0,14.0,7.0,0.0,100.0,96.2,dexcom,87.0,3,0,2.0,23.0,0.08695652173913043,0.6086956521739131,0.30434782608695654,7.200000000000003
15,2024-02-01 18:51:00,47,F,24.33627734,128.8,61.0,5.4,89,18,Snack,115.0,12.0,9.0,0.0,1.0,100.0,105.0,dexcom,99.0,3,0,6.0,21.0,0.5714285714285714,0.42857142857142855,0.0,16.0
15,2024-02-02 10:31:00,47,F,24.33627734,128.8,61.0,5.4,89,10,Breakfast,712.0,66.0,22.0,42.0,0.0,100.0,93.0,dexcom,154.0,4,0,66.0,130.0,0.5076923076923077,0.16923076923076924,0.3230769230769231,4.0
15,2024-02-02 12:51:00,47,F,24.33627734,128.8,61.0,5.4,89,12,Lunch,445.0,43.0,20.0,20.0,13.0,100.0,162.0,dexcom,107.0,4,0,3.0714285714285716,83.0,0.5180722891566265,0.24096385542168675,0.24096385542168675,73.0
15,2024-02-02 15:58:00,47,F,24.33627734,128.8,61.0,5.4,89,15,Snack,76.0,18.0,1.0,0.0,1.0,100.0,95.0,dexcom,130.6,4,0,9.0,19.0,0.9473684210526315,0.05263157894736842,0.0,6.0
15,2024-02-02 17:05:00,47,F,24.33627734,128.8,61.0,5.4,89,17,Snack,45.0,6.0,1.0,2.0,1.0,100.0,110.2,dexcom,122.8,4,0,3.0,9.0,0.6666666666666666,0.1111111111111111,0.2222222222222222,21.200000000000003
15,2024-02-02 17:06:00,47,F,24.33627734,128.8,61.0,5.4,89,17,Snack,60.0,4.0,1.0,5.0,1.0,100.0,110.0,dexcom,124.0,4,0,2.0,10.0,0.4,0.1,0.5,21.0
15,2024-02-02 18:38:00,47,F,24.33627734,128.8,61.0,5.4,89,18,Dinner,404.0,63.0,10.0,12.0,0.0,100.0,128.0,dexcom,139.8,4,0,63.0,85.0,0.7411764705882353,0.11764705882352941,0.1411764705882353,39.0
15,2024-02-02 18:50:00,47,F,24.33627734,128.8,61.0,5.4,89,18,Snack,261.0,27.0,4.0,16.0,0.0,100.0,120.4,dexcom,149.0,4,0,27.0,47.0,0.574468085106383,0.0851063829787234,0.3404255319148936,31.400000000000006
15,2024-02-02 21:39:00,47,F,24.33627734,128.8,61.0,5.4,89,21,Snack,200.0,50.0,0.0,0.0,0.0,100.0,117.0,dexcom,119.8,4,0,50.0,50.0,1.0,0.0,0.0,28.0
15,2024-02-02 22:55:00,47,F,24.33627734,128.8,61.0,5.4,89,22,Snack,200.0,50.0,0.0,0.0,0.0,100.0,109.6,dexcom,114.4,4,0,50.0,50.0,1.0,0.0,0.0,20.599999999999994
15,2024-02-03 09:37:00,47,F,24.33627734,128.8,61.0,5.4,89,9,Breakfast,268.0,24.0,22.0,10.5,0.0,100.0,100.0,dexcom,98.8,5,1,24.0,56.5,0.4247787610619469,0.3893805309734513,0.18584070796460178,11.0
15,2024-02-03 12:40:00,47,F,24.33627734,128.8,61.0,5.4,89,12,Lunch,725.0,94.0,44.0,20.0,4.0,100.0,92.8,dexcom,162.2,5,1,18.8,158.0,0.5949367088607594,0.27848101265822783,0.12658227848101267,3.799999999999997
15,2024-02-03 17:34:00,47,F,24.33627734,128.8,61.0,5.4,89,17,Snack,0.0,0.0,0.0,0.0,0.0,100.0,101.2,dexcom,101.0,5,1,0.0,0.0,0.0,0.0,0.0,12.200000000000003
15,2024-02-03 19:00:00,47,F,24.33627734,128.8,61.0,5.4,89,19,Snack,20.0,0.0,0.0,0.0,0.0,100.0,99.2,dexcom,95.0,5,1,0.0,0.0,0.0,0.0,0.0,10.200000000000003
15,2024-02-03 22:22:00,47,F,24.33627734,128.8,61.0,5.4,89,22,Dinner,649.0,78.0,34.0,21.0,2.0,100.0,94.0,dexcom,137.2,5,1,26.0,133.0,0.5864661654135338,0.2556390977443609,0.15789473684210525,5.0
15,2024-02-04 09:32:00,47,F,24.33627734,128.8,61.0,5.4,89,9,Breakfast,902.0,73.0,22.0,42.0,7.0,100.0,40.0,libre,42.0,6,1,9.125,137.0,0.5328467153284672,0.16058394160583941,0.30656934306569344,-49.0
16,2023-07-15 08:17:00,48,F,45.93513295,284.6,66.0,5.8,104,8,Breakfast,448.0,66.0,22.0,10.5,0.0,1.0,116.6,dexcom,140.6,5,1,66.0,98.5,0.6700507614213198,0.2233502538071066,0.1065989847715736,12.599999999999994
16,2023-07-16 07:32:00,48,F,45.93513295,284.6,66.0,5.8,104,7,Breakfast,608.0,66.0,66.0,10.5,0.0,1.0,108.8,dexcom,109.8,6,1,66.0,142.5,0.4631578947368421,0.4631578947368421,0.07368421052631578,4.799999999999997
16,2023-07-17 07:31:00,48,F,45.93513295,284.6,66.0,5.8,104,7,Breakfast,712.0,66.0,22.0,42.0,0.0,1.0,113.6,dexcom,115.2,0,0,66.0,130.0,0.5076923076923077,0.16923076923076924,0.3230769230769231,9.599999999999994
16,2023-07-17 12:24:00,48,F,45.93513295,284.6,66.0,5.8,104,12,Snack,100.0,26.0,0.0,0.0,20.0,1.0,102.2,dexcom,171.2,0,0,1.2380952380952381,26.0,1.0,0.0,0.0,-1.7999999999999972
16,2023-07-18 07:53:00,48,F,45.93513295,284.6,66.0,5.8,104,7,Breakfast,902.0,73.0,66.0,42.0,7.0,1.0,113.0,dexcom,106.0,1,0,9.125,181.0,0.40331491712707185,0.36464088397790057,0.23204419889502761,9.0
16,2023-07-18 12:22:00,48,F,45.93513295,284.6,66.0,5.8,104,12,Lunch,355.0,19.0,32.0,15.0,5.0,1.0,100.6,dexcom,99.4,1,0,3.1666666666666665,66.0,0.2878787878787879,0.48484848484848486,0.22727272727272727,-3.4000000000000057
16,2023-07-18 20:00:00,48,F,45.93513295,284.6,66.0,5.8,104,20,Dinner,30.0,2.0,2.0,2.0,55.0,1.0,118.2,dexcom,139.6,1,0,0.03571428571428571,6.0,0.3333333333333333,0.3333333333333333,0.3333333333333333,14.200000000000003
16,2023-07-19 07:42:00,48,F,45.93513295,284.6,66.0,5.8,104,7,Breakfast,268.0,24.0,22.0,10.5,0.0,1.0,109.6,dexcom,110.6,2,0,24.0,56.5,0.4247787610619469,0.3893805309734513,0.18584070796460178,5.599999999999994
16,2023-07-20 07:32:00,48,F,45.93513295,284.6,66.0,5.8,104,7,Breakfast,448.0,66.0,22.0,10.5,0.0,1.0,112.8,dexcom,134.0,3,0,66.0,98.5,0.6700507614213198,0.2233502538071066,0.1065989847715736,8.799999999999997
16,2023-07-20 12:15:00,48,F,45.93513295,284.6,66.0,5.8,104,12,Lunch,575.0,76.0,22.0,18.5,11.0,1.0,95.8,dexcom,123.0,3,0,6.333333333333333,116.5,0.6523605150214592,0.1888412017167382,0.15879828326180256,-8.200000000000003
16,2023-07-21 09:09:00,48,F,45.93513295,284.6,66.0,5.8,104,9,Breakfast,608.0,66.0,66.0,10.5,0.0,1.0,131.2,dexcom,149.2,4,0,66.0,142.5,0.4631578947368421,0.4631578947368421,0.07368421052631578,27.19999999999999
16,2023-07-21 12:24:00,48,F,45.93513295,284.6,66.0,5.8,104,12,Lunch,585.0,40.0,76.0,17.0,13.0,1.0,110.2,dexcom,116.4,4,0,2.857142857142857,133.0,0.3007518796992481,0.5714285714285714,0.12781954887218044,6.200000000000003
16,2023-07-21 16:00:00,48,F,45.93513295,284.6,66.0,5.8,104,16,Snack,505.0,81.0,7.0,16.0,0.0,1.0,120.4,dexcom,116.0,4,0,81.0,104.0,0.7788461538461539,0.0673076923076923,0.15384615384615385,16.400000000000006
16,2023-07-22 09:45:00,48,F,45.93513295,284.6,66.0,5.8,104,9,Breakfast,712.0,66.0,22.0,42.0,0.0,1.0,127.8,dexcom,163.4,5,1,66.0,130.0,0.5076923076923077,0.16923076923076924,0.3230769230769231,23.799999999999997
16,2023-07-22 13:19:00,48,F,45.93513295,284.6,66.0,5.8,104,13,Lunch,445.0,43.0,20.0,20.0,13.0,1.0,97.8,dexcom,131.8,5,1,3.0714285714285716,83.0,0.5180722891566265,0.24096385542168675,0.24096385542168675,-6.200000000000003
16,2023-07-23 07:38:00,48,F,45.93513295,284.6,66.0,5.8,104,7,Breakfast,268.0,24.0,22.0,10.5,0.0,1.0,122.0,dexcom,116.0,6,1,24.0,56.5,0.4247787610619469,0.3893805309734513,0.18584070796460178,18.0
16,2023-07-23 12:08:00,48,F,45.93513295,284.6,66.0,5.8,104,12,Lunch,725.0,94.0,44.0,20.0,4.0,1.0,116.0,dexcom,163.0,6,1,18.8,158.0,0.5949367088607594,0.27848101265822783,0.12658227848101267,12.0
16,2023-07-24 07:44:00,48,F,45.93513295,284.6,66.0,5.8,104,7,Breakfast,902.0,73.0,22.0,42.0,7.0,1.0,96.3333,libre,96.5333,0,0,9.125,137.0,0.5328467153284672,0.16058394160583941,0.30656934306569344,-7.666700000000006
17,2023-10-10 13:20:00,33,F,22.69318234,140.6,66.0,5.0,95,13,Lunch,1180.0,81.0,88.0,54.5,18.0,100.0,114.2,dexcom,123.4,1,0,4.2631578947368425,223.5,0.3624161073825503,0.39373601789709173,0.24384787472035793,19.200000000000003
17,2023-10-10 20:30:00,33,F,22.69318234,140.6,66.0,5.0,95,20,Dinner,160.0,4.0,30.0,3.0,1.0,100.0,130.4,dexcom,106.2,1,0,2.0,37.0,0.10810810810810811,0.8108108108108109,0.08108108108108109,35.400000000000006
17,2023-10-10 22:40:00,33,F,22.69318234,140.6,66.0,5.0,95,22,Snack,60.0,0.0,12.0,1.0,0.0,100.0,109.8,dexcom,120.8,1,0,0.0,13.0,0.0,0.9230769230769231,0.07692307692307693,14.799999999999997
17,2023-10-11 10:21:00,33,F,22.69318234,140.6,66.0,5.0,95,10,Breakfast,448.0,66.0,22.0,10.5,0.0,100.0,113.0,dexcom,181.0,2,0,66.0,98.5,0.6700507614213198,0.2233502538071066,0.1065989847715736,18.0
17,2023-10-11 14:11:00,33,F,22.69318234,140.6,66.0,5.0,95,14,Lunch,830.0,92.0,17.0,42.0,10.0,100.0,111.0,dexcom,165.0,2,0,8.363636363636363,151.0,0.609271523178808,0.11258278145695365,0.2781456953642384,16.0
17,2023-10-11 20:42:00,33,F,22.69318234,140.6,66.0,5.0,95,20,Snack,160.0,4.0,30.0,3.0,1.0,100.0,112.0,dexcom,117.0,2,0,2.0,37.0,0.10810810810810811,0.8108108108108109,0.08108108108108109,17.0
17,2023-10-11 22:15:00,33,F,22.69318234,140.6,66.0,5.0,95,22,Snack,160.0,19.0,2.0,8.0,0.0,100.0,115.0,dexcom,146.2,2,0,19.0,29.0,0.6551724137931034,0.06896551724137931,0.27586206896551724,20.0
17,2023-10-11 22:35:00,33,F,22.69318234,140.6,66.0,5.0,95,22,Dinner,210.0,25.0,3.0,11.0,2.0,100.0,114.8,dexcom,136.4,2,0,8.333333333333334,39.0,0.6410256410256411,0.07692307692307693,0.28205128205128205,19.799999999999997
17,2023-10-12 11:39:00,33,F,22.69318234,140.6,66.0,5.0,95,11,Breakfast,608.0,66.0,66.0,10.5,0.0,100.0,106.2,dexcom,144.2,3,0,66.0,142.5,0.4631578947368421,0.4631578947368421,0.07368421052631578,11.200000000000003
17,2023-10-12 14:43:00,33,F,22.69318234,140.6,66.0,5.0,95,14,Lunch,435.0,16.0,66.0,14.0,4.0,100.0,121.0,dexcom,105.2,3,0,3.2,96.0,0.16666666666666666,0.6875,0.14583333333333334,26.0
17,2023-10-12 20:27:00,33,F,22.69318234,140.6,66.0,5.0,95,20,Snack,160.0,4.0,30.0,3.0,1.0,100.0,111.0,dexcom,115.8,3,0,2.0,37.0,0.10810810810810811,0.8108108108108109,0.08108108108108109,16.0
17,2023-10-12 21:50:00,33,F,22.69318234,140.6,66.0,5.0,95,21,Snack,640.0,96.0,8.0,24.0,8.0,100.0,104.0,dexcom,125.4,3,0,10.666666666666666,128.0,0.75,0.0625,0.1875,9.0
17,2023-10-12 22:17:00,33,F,22.69318234,140.6,66.0,5.0,95,22,Dinner,860.0,47.0,51.0,51.0,3.0,100.0,107.6,dexcom,117.8,3,0,11.75,149.0,0.31543624161073824,0.3422818791946309,0.3422818791946309,12.599999999999994
17,2023-10-13 11:36:00,33,F,22.69318234,140.6,66.0,5.0,95,11,Breakfast,712.0,66.0,22.0,42.0,0.0,100.0,121.0,dexcom,85.0,4,0,66.0,130.0,0.5076923076923077,0.16923076923076924,0.3230769230769231,26.0
17,2023-10-13 15:05:00,33,F,22.69318234,140.6,66.0,5.0,95,15,Lunch,555.0,94.0,12.0,13.0,5.0,100.0,148.0,dexcom,162.8,4,0,15.666666666666666,119.0,0.7899159663865546,0.10084033613445378,0.1092436974789916,53.0
17,2023-10-13 19:01:00,33,F,22.69318234,140.6,66.0,5.0,95,19,Snack,220.0,36.0,1.0,9.0,1.0,100.0,125.0,dexcom,108.0,4,0,18.0,46.0,0.782608695652174,0.021739130434782608,0.1956521739130435,30.0
17,2023-10-13 22:07:00,33,F,22.69318234,140.6,66.0,5.0,95,22,Dinner,616.0,54.0,58.0,18.0,4.0,100.0,108.6,dexcom,135.6,4,0,10.8,130.0,0.4153846153846154,0.4461538461538462,0.13846153846153847,13.599999999999994
17,2023-10-13 22:15:00,33,F,22.69318234,140.6,66.0,5.0,95,22,Snack,300.0,37.0,5.0,15.0,1.0,100.0,110.2,dexcom,132.4,4,0,18.5,57.0,0.6491228070175439,0.08771929824561403,0.2631578947368421,15.200000000000003
17,2023-10-14 08:27:00,33,F,22.69318234,140.6,66.0,5.0,95,8,Breakfast,902.0,73.0,66.0,42.0,7.0,100.0,119.4,dexcom,124.2,5,1,9.125,181.0,0.40331491712707185,0.36464088397790057,0.23204419889502761,24.400000000000006
17,2023-10-14 13:04:00,33,F,22.69318234,140.6,66.0,5.0,95,13,Lunch,355.0,19.0,32.0,15.0,5.0,100.0,127.0,dexcom,121.4,5,1,3.1666666666666665,66.0,0.2878787878787879,0.48484848484848486,0.22727272727272727,32.0
17,2023-10-14 17:59:00,33,F,22.69318234,140.6,66.0,5.0,95,17,Snack,306.0,25.0,3.0,0.0,0.0,100.0,115.8,dexcom,120.0,5,1,25.0,28.0,0.8928571428571429,0.10714285714285714,0.0,20.799999999999997
17,2023-10-14 18:47:00,33,F,22.69318234,140.6,66.0,5.0,95,18,Dinner,450.0,81.0,9.0,9.0,0.0,100.0,116.6,dexcom,109.4,5,1,81.0,99.0,0.8181818181818182,0.09090909090909091,0.09090909090909091,21.599999999999994
17,2023-10-14 18:54:00,33,F,22.69318234,140.6,66.0,5.0,95,18,Snack,444.0,42.0,2.0,0.0,0.0,100.0,115.0,dexcom,106.4,5,1,42.0,44.0,0.9545454545454546,0.045454545454545456,0.0,20.0
17,2023-10-14 21:00:00,33,F,22.69318234,140.6,66.0,5.0,95,21,Snack,222.0,20.0,2.0,0.0,0.0,100.0,106.0,dexcom,120.8,5,1,20.0,22.0,0.9090909090909091,0.09090909090909091,0.0,11.0
17,2023-10-15 11:00:00,33,F,22.69318234,140.6,66.0,5.0,95,11,Breakfast,268.0,24.0,22.0,10.5,0.0,100.0,128.4,dexcom,140.6,6,1,24.0,56.5,0.4247787610619469,0.3893805309734513,0.18584070796460178,33.400000000000006
17,2023-10-15 14:06:00,33,F,22.69318234,140.6,66.0,5.0,95,14,Lunch,1110.0,93.0,84.0,44.0,4.0,100.0,120.0,dexcom,147.0,6,1,18.6,221.0,0.42081447963800905,0.38009049773755654,0.19909502262443438,25.0
17,2023-10-15 19:42:00,33,F,22.69318234,140.6,66.0,5.0,95,19,Snack,140.0,31.0,3.0,0.0,0.0,100.0,128.8,dexcom,135.8,6,1,31.0,34.0,0.9117647058823529,0.08823529411764706,0.0,33.80000000000001
17,2023-10-15 20:03:00,33,F,22.69318234,140.6,66.0,5.0,95,20,Dinner,420.0,44.0,6.0,26.0,2.0,100.0,137.8,dexcom,140.8,6,1,14.666666666666666,76.0,0.5789473684210527,0.07894736842105263,0.34210526315789475,42.80000000000001
17,2023-10-16 01:19:00,33,F,22.69318234,140.6,66.0,5.0,95,1,Snack,648.0,52.0,17.0,41.0,9.0,100.0,116.2,dexcom,139.6,0,0,5.2,110.0,0.4727272727272727,0.15454545454545454,0.37272727272727274,21.200000000000003
17,2023-10-16 02:25:00,33,F,22.69318234,140.6,66.0,5.0,95,2,Snack,8.0,2.0,0.0,0.0,0.0,100.0,165.8,dexcom,134.2,0,0,2.0,2.0,1.0,0.0,0.0,70.80000000000001
17,2023-10-16 09:41:00,33,F,22.69318234,140.6,66.0,5.0,95,9,Breakfast,448.0,66.0,22.0,10.5,0.0,100.0,129.0,dexcom,120.0,0,0,66.0,98.5,0.6700507614213198,0.2233502538071066,0.1065989847715736,34.0
17,2023-10-16 12:47:00,33,F,22.69318234,140.6,66.0,5.0,95,12,Lunch,575.0,76.0,22.0,18.5,11.0,100.0,129.6,dexcom,128.8,0,0,6.333333333333333,116.5,0.6523605150214592,0.1888412017167382,0.15879828326180256,34.599999999999994
17,2023-10-16 22:16:00,33,F,22.69318234,140.6,66.0,5.0,95,22,Dinner,641.0,66.0,31.0,29.0,10.0,100.0,116.0,dexcom,128.0,0,0,6.0,126.0,0.5238095238095238,0.24603174603174602,0.23015873015873015,21.0
17,2023-10-17 11:12:00,33,F,22.69318234,140.6,66.0,5.0,95,11,Breakfast,608.0,66.0,66.0,10.5,0.0,100.0,128.6,dexcom,157.6,1,0,66.0,142.5,0.4631578947368421,0.4631578947368421,0.07368421052631578,33.599999999999994
17,2023-10-17 15:35:00,33,F,22.69318234,140.6,66.0,5.0,95,15,Lunch,585.0,40.0,76.0,17.0,13.0,100.0,128.2,dexcom,121.2,1,0,2.857142857142857,133.0,0.3007518796992481,0.5714285714285714,0.12781954887218044,33.19999999999999
17,2023-10-17 18:19:00,33,F,22.69318234,140.6,66.0,5.0,95,18,Snack,148.0,14.0,1.0,0.0,0.0,100.0,124.0,dexcom,110.6,1,0,14.0,15.0,0.9333333333333333,0.06666666666666667,0.0,29.0
17,2023-10-17 20:13:00,33,F,22.69318234,140.6,66.0,5.0,95,20,Dinner,375.0,53.0,7.0,15.0,1.0,100.0,111.2,dexcom,135.4,1,0,26.5,75.0,0.7066666666666667,0.09333333333333334,0.2,16.200000000000003
17,2023-10-18 11:43:00,33,F,22.69318234,140.6,66.0,5.0,95,11,Breakfast,712.0,66.0,22.0,42.0,0.0,100.0,137.2,dexcom,155.8,2,0,66.0,130.0,0.5076923076923077,0.16923076923076924,0.3230769230769231,42.19999999999999
17,2023-10-18 15:01:00,33,F,22.69318234,140.6,66.0,5.0,95,15,Lunch,445.0,43.0,20.0,20.0,13.0,100.0,156.0,dexcom,119.0,2,0,3.0714285714285716,83.0,0.5180722891566265,0.24096385542168675,0.24096385542168675,61.0
17,2023-10-18 15:28:00,33,F,22.69318234,140.6,66.0,5.0,95,15,Snack,146.0,14.0,0.0,0.0,0.0,100.0,120.0,dexcom,115.8,2,0,14.0,14.0,1.0,0.0,0.0,25.0
17,2023-10-18 18:08:00,33,F,22.69318234,140.6,66.0,5.0,95,18,Snack,148.0,14.0,1.0,0.0,0.0,100.0,123.4,dexcom,111.2,2,0,14.0,15.0,0.9333333333333333,0.06666666666666667,0.0,28.400000000000006
17,2023-10-18 20:46:00,33,F,22.69318234,140.6,66.0,5.0,95,20,Dinner,946.0,108.0,50.0,17.0,16.0,100.0,114.0,dexcom,119.0,2,0,6.352941176470588,175.0,0.6171428571428571,0.2857142857142857,0.09714285714285714,19.0
17,2023-10-19 08:30:00,33,F,22.69318234,140.6,66.0,5.0,95,8,Breakfast,268.0,24.0,22.0,10.5,0.0,100.0,128.8,dexcom,120.0,3,0,24.0,56.5,0.4247787610619469,0.3893805309734513,0.18584070796460178,33.80000000000001
17,2023-10-19 12:51:00,33,F,22.69318234,140.6,66.0,5.0,95,12,Lunch,725.0,94.0,44.0,20.0,4.0,100.0,121.0,dexcom,165.0,3,0,18.8,158.0,0.5949367088607594,0.27848101265822783,0.12658227848101267,26.0
17,2023-10-19 13:05:00,33,F,22.69318234,140.6,66.0,5.0,95,13,Snack,150.0,15.0,3.0,9.0,0.0,100.0,130.2,dexcom,156.8,3,0,15.0,27.0,0.5555555555555556,0.1111111111111111,0.3333333333333333,35.19999999999999
17,2023-10-19 19:02:00,33,F,22.69318234,140.6,66.0,5.0,95,19,Snack,111.0,10.0,1.0,0.0,0.0,100.0,130.2,dexcom,130.2,3,0,10.0,11.0,0.9090909090909091,0.09090909090909091,0.0,35.19999999999999
17,2023-10-19 21:00:00,33,F,22.69318234,140.6,66.0,5.0,95,21,Dinner,1740.0,131.0,36.0,11.0,12.0,100.0,127.8,dexcom,130.6,3,0,10.076923076923077,178.0,0.7359550561797753,0.20224719101123595,0.06179775280898876,32.8
17,2023-10-20 16:40:00,33,F,22.69318234,140.6,66.0,5.0,95,16,Breakfast,902.0,73.0,22.0,42.0,7.0,100.0,83.0667,libre,117.7333,4,0,9.125,137.0,0.5328467153284672,0.16058394160583941,0.30656934306569344,-11.933300000000003
18,2024-01-28 13:13:00,18,M,38.05875885,243.0,67.0,5.4,103,13,Lunch,1180.0,81.0,88.0,54.5,18.0,1.0,103.0,dexcom,105.8,6,1,4.2631578947368425,223.5,0.3624161073825503,0.39373601789709173,0.24384787472035793,0.0
18,2024-01-28 18:26:00,18,M,38.05875885,243.0,67.0,5.4,103,18,Dinner,972.0,122.0,39.0,64.0,8.0,5.0,89.2,dexcom,92.4,6,1,13.555555555555555,225.0,0.5422222222222223,0.17333333333333334,0.28444444444444444,-13.799999999999997
18,2024-02-07 10:18:00,18,M,38.05875885,243.0,67.0,5.4,103,10,Breakfast,448.0,66.0,22.0,10.5,0.0,1.0,119.2,dexcom,164.4,2,0,66.0,98.5,0.6700507614213198,0.2233502538071066,0.1065989847715736,16.200000000000003
18,2024-02-07 13:24:00,18,M,38.05875885,243.0,67.0,5.4,103,13,Lunch,830.0,92.0,17.0,42.0,10.0,1.0,91.6,dexcom,143.4,2,0,8.363636363636363,151.0,0.609271523178808,0.11258278145695365,0.2781456953642384,-11.400000000000006
18,2024-02-07 18:39:00,18,M,38.05875885,243.0,67.0,5.4,103,18,Dinner,1736.0,276.0,108.0,66.0,53.0,4.0,124.6,dexcom,178.2,2,0,5.111111111111111,450.0,0.6133333333333333,0.24,0.14666666666666667,21.599999999999994
18,2024-02-07 19:07:00,18,M,38.05875885,243.0,67.0,5.4,103,19,Snack,230.0,23.0,9.0,4.0,1.0,2.0,149.6,dexcom,190.8,2,0,11.5,36.0,0.6388888888888888,0.25,0.1111111111111111,46.599999999999994
18,2024-02-08 09:36:00,18,M,38.05875885,243.0,67.0,5.4,103,9,Breakfast,608.0,66.0,66.0,10.5,0.0,1.0,135.0,dexcom,151.0,3,0,66.0,142.5,0.4631578947368421,0.4631578947368421,0.07368421052631578,32.0
18,2024-02-08 13:22:00,18,M,38.05875885,243.0,67.0,5.4,103,13,Lunch,435.0,16.0,66.0,14.0,4.0,1.0,122.8,dexcom,152.8,3,0,3.2,96.0,0.16666666666666666,0.6875,0.14583333333333334,19.799999999999997
18,2024-02-08 16:38:00,18,M,38.05875885,243.0,67.0,5.4,103,16,Snack,142.0,16.0,3.0,8.0,3.0,1.0,128.8,dexcom,213.4,3,0,4.0,27.0,0.5925925925925926,0.1111111111111111,0.2962962962962963,25.80000000000001
18,2024-02-08 20:17:00,18,M,38.05875885,243.0,67.0,5.4,103,20,Dinner,1120.0,83.0,62.0,61.0,5.0,3.0,144.0,dexcom,160.8,3,0,13.833333333333334,206.0,0.4029126213592233,0.30097087378640774,0.2961165048543689,41.0
18,2024-02-09 07:57:00,18,M,38.05875885,243.0,67.0,5.4,103,7,Breakfast,712.0,66.0,22.0,42.0,0.0,1.0,129.2,dexcom,159.0,4,0,66.0,130.0,0.5076923076923077,0.16923076923076924,0.3230769230769231,26.19999999999999
18,2024-02-09 13:08:00,18,M,38.05875885,243.0,67.0,5.4,103,13,Lunch,555.0,94.0,12.0,13.0,5.0,1.0,140.6,dexcom,194.4,4,0,15.666666666666666,119.0,0.7899159663865546,0.10084033613445378,0.1092436974789916,37.599999999999994
18,2024-02-09 17:18:00,18,M,38.05875885,243.0,67.0,5.4,103,17,Dinner,1082.0,113.0,51.0,49.0,9.0,2.0,156.6,dexcom,159.8,4,0,11.3,213.0,0.5305164319248826,0.23943661971830985,0.2300469483568075,53.599999999999994
18,2024-02-09 17:28:00,18,M,38.05875885,243.0,67.0,5.4,103,17,Dinner,432.0,59.0,12.0,18.0,3.0,1.0,152.8,dexcom,161.4,4,0,14.75,89.0,0.6629213483146067,0.1348314606741573,0.20224719101123595,49.80000000000001
18,2024-02-09 20:23:00,18,M,38.05875885,243.0,67.0,5.4,103,20,Dinner,80.0,22.0,0.0,0.0,4.0,1.0,170.8,dexcom,193.4,4,0,4.4,22.0,1.0,0.0,0.0,67.80000000000001
18,2024-02-09 20:55:00,18,M,38.05875885,243.0,67.0,5.4,103,20,Dinner,473.0,57.0,8.0,13.0,0.0,1.0,145.4,dexcom,139.4,4,0,57.0,78.0,0.7307692307692307,0.10256410256410256,0.16666666666666666,42.400000000000006
18,2024-02-10 08:20:00,18,M,38.05875885,243.0,67.0,5.4,103,8,Breakfast,902.0,73.0,66.0,42.0,7.0,1.0,143.4,dexcom,160.4,5,1,9.125,181.0,0.40331491712707185,0.36464088397790057,0.23204419889502761,40.400000000000006
18,2024-02-10 13:28:00,18,M,38.05875885,243.0,67.0,5.4,103,13,Lunch,355.0,19.0,32.0,15.0,5.0,1.0,128.8,dexcom,142.0,5,1,3.1666666666666665,66.0,0.2878787878787879,0.48484848484848486,0.22727272727272727,25.80000000000001
18,2024-02-10 18:21:00,18,M,38.05875885,243.0,67.0,5.4,103,18,Dinner,963.0,20.0,97.0,52.0,3.0,1.0,122.0,dexcom,194.0,5,1,5.0,169.0,0.11834319526627218,0.5739644970414202,0.3076923076923077,19.0
18,2024-02-11 09:12:00,18,M,38.05875885,243.0,67.0,5.4,103,9,Breakfast,268.0,24.0,22.0,10.5,0.0,1.0,135.0,dexcom,209.0,6,1,24.0,56.5,0.4247787610619469,0.3893805309734513,0.18584070796460178,32.0
18,2024-02-11 13:26:00,18,M,38.05875885,243.0,67.0,5.4,103,13,Lunch,1110.0,93.0,84.0,44.0,4.0,1.0,131.0,dexcom,168.0,6,1,18.6,221.0,0.42081447963800905,0.38009049773755654,0.19909502262443438,28.0
18,2024-02-11 16:43:00,18,M,38.05875885,243.0,67.0,5.4,103,16,Snack,473.0,57.0,8.0,13.0,0.0,1.0,154.2,dexcom,168.8,6,1,57.0,78.0,0.7307692307692307,0.10256410256410256,0.16666666666666666,51.19999999999999
18,2024-02-11 17:25:00,18,M,38.05875885,243.0,67.0,5.4,103,17,Dinner,119.0,15.0,6.0,4.0,2.0,1.0,154.0,dexcom,153.0,6,1,5.0,25.0,0.6,0.24,0.16,51.0
18,2024-02-11 21:14:00,18,M,38.05875885,243.0,67.0,5.4,103,21,Snack,580.0,96.0,28.0,11.0,4.0,2.0,133.4,dexcom,173.4,6,1,19.2,135.0,0.7111111111111111,0.2074074074074074,0.08148148148148149,30.400000000000006
18,2024-02-12 08:15:00,18,M,38.05875885,243.0,67.0,5.4,103,8,Breakfast,448.0,66.0,22.0,10.5,0.0,1.0,140.8,dexcom,147.6,0,0,66.0,98.5,0.6700507614213198,0.2233502538071066,0.1065989847715736,37.80000000000001
18,2024-02-12 14:50:00,18,M,38.05875885,243.0,67.0,5.4,103,14,Lunch,575.0,76.0,22.0,18.5,11.0,1.0,165.4,dexcom,161.2,0,0,6.333333333333333,116.5,0.6523605150214592,0.1888412017167382,0.15879828326180256,62.400000000000006
18,2024-02-13 08:47:00,18,M,38.05875885,243.0,67.0,5.4,103,8,Breakfast,608.0,66.0,66.0,10.5,0.0,1.0,149.4,dexcom,145.0,1,0,66.0,142.5,0.4631578947368421,0.4631578947368421,0.07368421052631578,46.400000000000006
18,2024-02-13 13:01:00,18,M,38.05875885,243.0,67.0,5.4,103,13,Lunch,585.0,40.0,76.0,17.0,13.0,1.0,143.0,dexcom,143.0,1,0,2.857142857142857,133.0,0.3007518796992481,0.5714285714285714,0.12781954887218044,40.0
18,2024-02-13 17:49:00,18,M,38.05875885,243.0,67.0,5.4,103,17,Dinner,605.0,45.0,59.0,19.0,15.0,2.0,129.0,dexcom,152.0,1,0,2.8125,123.0,0.36585365853658536,0.4796747967479675,0.15447154471544716,26.0
18,2024-02-13 20:40:00,18,M,38.05875885,243.0,67.0,5.4,103,20,Snack,80.0,22.0,0.0,0.0,4.0,1.0,150.4,dexcom,130.8,1,0,4.4,22.0,1.0,0.0,0.0,47.400000000000006
18,2024-02-13 22:19:00,18,M,38.05875885,243.0,67.0,5.4,103,22,Snack,590.0,59.0,56.0,16.0,1.0,3.0,154.4,dexcom,145.6,1,0,29.5,131.0,0.45038167938931295,0.42748091603053434,0.12213740458015267,51.400000000000006
18,2024-02-14 07:26:00,18,M,38.05875885,243.0,67.0,5.4,103,7,Breakfast,712.0,66.0,22.0,42.0,0.0,1.0,129.0,dexcom,102.0,2,0,66.0,130.0,0.5076923076923077,0.16923076923076924,0.3230769230769231,26.0
18,2024-02-14 13:32:00,18,M,38.05875885,243.0,67.0,5.4,103,13,Lunch,445.0,43.0,20.0,20.0,13.0,1.0,149.6,dexcom,127.8,2,0,3.0714285714285716,83.0,0.5180722891566265,0.24096385542168675,0.24096385542168675,46.599999999999994
18,2024-02-14 19:02:00,18,M,38.05875885,243.0,67.0,5.4,103,19,Dinner,420.0,74.0,18.0,10.0,22.0,1.0,170.4,dexcom,152.8,2,0,3.217391304347826,102.0,0.7254901960784313,0.17647058823529413,0.09803921568627451,67.4
18,2024-02-15 08:36:00,18,M,38.05875885,243.0,67.0,5.4,103,8,Breakfast,268.0,24.0,22.0,10.5,0.0,1.0,148.0,dexcom,131.0,3,0,24.0,56.5,0.4247787610619469,0.3893805309734513,0.18584070796460178,45.0
18,2024-02-15 13:03:00,18,M,38.05875885,243.0,67.0,5.4,103,13,Lunch,725.0,94.0,44.0,20.0,4.0,1.0,131.6,dexcom,177.0,3,0,18.8,158.0,0.5949367088607594,0.27848101265822783,0.12658227848101267,28.599999999999994
18,2024-02-15 18:09:00,18,M,38.05875885,243.0,67.0,5.4,103,18,Dinner,710.0,80.0,29.0,30.0,6.0,3.0,134.0,dexcom,159.6,3,0,11.428571428571429,139.0,0.5755395683453237,0.20863309352517986,0.2158273381294964,31.0
18,2024-02-15 18:15:00,18,M,38.05875885,243.0,67.0,5.4,103,18,Dinner,644.0,71.0,29.0,26.0,3.0,3.0,135.6,dexcom,154.0,3,0,17.75,126.0,0.5634920634920635,0.23015873015873015,0.20634920634920634,32.599999999999994
18,2024-02-16 08:03:00,18,M,38.05875885,243.0,67.0,5.4,103,8,Breakfast,902.0,73.0,22.0,42.0,7.0,1.0,149.4,dexcom,172.2,4,0,9.125,137.0,0.5328467153284672,0.16058394160583941,0.30656934306569344,46.400000000000006
19,2020-09-29 12:40:00,40,F,36.42909871,202.4,62.5,5.6,98,12,Lunch,1180.0,81.0,88.0,54.5,18.0,1.0,123.4,dexcom,152.2,1,0,4.2631578947368425,223.5,0.3624161073825503,0.39373601789709173,0.24384787472035793,25.400000000000006
19,2020-09-29 16:03:00,40,F,36.42909871,202.4,62.5,5.6,98,16,Snack,177.0,10.0,6.0,14.0,60.0,2.0,144.6,dexcom,152.6,1,0,0.16393442622950818,30.0,0.3333333333333333,0.2,0.4666666666666667,46.599999999999994
19,2020-09-29 22:52:00,40,F,36.42909871,202.4,62.5,5.6,98,22,Dinner,102.0,3.0,7.0,7.0,100.0,2.0,129.0,dexcom,182.0,1,0,0.0297029702970297,17.0,0.17647058823529413,0.4117647058823529,0.4117647058823529,31.0
19,2020-09-30 09:44:00,40,F,36.42909871,202.4,62.5,5.6,98,9,Breakfast,448.0,66.0,22.0,10.5,0.0,1.0,119.0,dexcom,154.8,2,0,66.0,98.5,0.6700507614213198,0.2233502538071066,0.1065989847715736,21.0
19,2020-09-30 13:26:00,40,F,36.42909871,202.4,62.5,5.6,98,13,Lunch,830.0,92.0,17.0,42.0,10.0,1.0,105.4,dexcom,131.8,2,0,8.363636363636363,151.0,0.609271523178808,0.11258278145695365,0.2781456953642384,7.400000000000006
19,2020-10-01 09:30:00,40,F,36.42909871,202.4,62.5,5.6,98,9,Breakfast,608.0,66.0,66.0,10.5,0.0,1.0,113.0,dexcom,171.2,3,0,66.0,142.5,0.4631578947368421,0.4631578947368421,0.07368421052631578,15.0
19,2020-10-01 13:04:00,40,F,36.42909871,202.4,62.5,5.6,98,13,Lunch,435.0,16.0,66.0,14.0,4.0,1.0,132.0,dexcom,122.0,3,0,3.2,96.0,0.16666666666666666,0.6875,0.14583333333333334,34.0
19,2020-10-01 18:46:00,40,F,36.42909871,202.4,62.5,5.6,98,18,Dinner,150.0,22.0,2.0,0.0,15.0,2.0,149.4,dexcom,132.2,3,0,1.375,24.0,0.9166666666666666,0.08333333333333333,0.0,51.400000000000006
19,2020-10-02 09:18:00,40,F,36.42909871,202.4,62.5,5.6,98,9,Breakfast,712.0,66.0,22.0,42.0,0.0,1.0,135.2,dexcom,193.4,4,0,66.0,130.0,0.5076923076923077,0.16923076923076924,0.3230769230769231,37.19999999999999
19,2020-10-02 12:30:00,40,F,36.42909871,202.4,62.5,5.6,98,12,Lunch,555.0,94.0,12.0,13.0,5.0,1.0,113.0,dexcom,168.8,4,0,15.666666666666666,119.0,0.7899159663865546,0.10084033613445378,0.1092436974789916,15.0
19,2020-10-02 16:16:00,40,F,36.42909871,202.4,62.5,5.6,98,16,Dinner,90.0,12.0,1.0,5.0,5.0,1.0,151.4,dexcom,154.6,4,0,2.0,18.0,0.6666666666666666,0.05555555555555555,0.2777777777777778,53.400000000000006
19,2020-10-03 09:39:00,40,F,36.42909871,202.4,62.5,5.6,98,9,Breakfast,902.0,73.0,66.0,42.0,7.0,1.0,122.6,dexcom,144.6,5,1,9.125,181.0,0.40331491712707185,0.36464088397790057,0.23204419889502761,24.599999999999994
19,2020-10-03 14:14:00,40,F,36.42909871,202.4,62.5,5.6,98,14,Lunch,355.0,19.0,32.0,15.0,5.0,1.0,128.0,dexcom,128.2,5,1,3.1666666666666665,66.0,0.2878787878787879,0.48484848484848486,0.22727272727272727,30.0
19,2020-10-03 15:11:00,40,F,36.42909871,202.4,62.5,5.6,98,15,Snack,0.0,0.0,0.0,0.0,0.0,1.0,126.6,dexcom,132.2,5,1,0.0,0.0,0.0,0.0,0.0,28.599999999999994
19,2020-10-03 19:10:00,40,F,36.42909871,202.4,62.5,5.6,98,19,Dinner,285.0,35.0,14.0,10.0,0.0,1.0,173.4,dexcom,135.8,5,1,35.0,59.0,0.5932203389830508,0.23728813559322035,0.1694915254237288,75.4
19,2020-10-03 19:41:00,40,F,36.42909871,202.4,62.5,5.6,98,19,Dinner,0.0,0.0,0.0,0.0,30.0,1.0,178.2,dexcom,148.0,5,1,0.0,0.0,0.0,0.0,0.0,80.19999999999999
19,2020-10-03 21:13:00,40,F,36.42909871,202.4,62.5,5.6,98,21,Snack,50.0,13.0,1.0,0.0,1.0,1.0,137.4,dexcom,135.2,5,1,6.5,14.0,0.9285714285714286,0.07142857142857142,0.0,39.400000000000006
19,2020-10-04 13:26:00,40,F,36.42909871,202.4,62.5,5.6,98,13,Lunch,1110.0,93.0,84.0,44.0,4.0,1.0,118.2,dexcom,158.8,6,1,18.6,221.0,0.42081447963800905,0.38009049773755654,0.19909502262443438,20.200000000000003
19,2020-10-04 14:14:00,40,F,36.42909871,202.4,62.5,5.6,98,14,Breakfast,268.0,24.0,22.0,10.5,0.0,1.0,153.6,dexcom,165.8,6,1,24.0,56.5,0.4247787610619469,0.3893805309734513,0.18584070796460178,55.599999999999994
19,2020-10-04 22:10:00,40,F,36.42909871,202.4,62.5,5.6,98,22,Snack,260.0,3.0,0.0,6.0,2.0,1.0,145.2,dexcom,131.2,6,1,1.0,9.0,0.3333333333333333,0.0,0.6666666666666666,47.19999999999999
19,2020-10-04 23:11:00,40,F,36.42909871,202.4,62.5,5.6,98,23,Snack,95.0,24.0,0.0,0.0,0.0,1.0,141.2,dexcom,153.8,6,1,24.0,24.0,1.0,0.0,0.0,43.19999999999999
19,2020-10-05 09:19:00,40,F,36.42909871,202.4,62.5,5.6,98,9,Breakfast,448.0,66.0,22.0,10.5,0.0,1.0,143.2,dexcom,151.8,0,0,66.0,98.5,0.6700507614213198,0.2233502538071066,0.1065989847715736,45.19999999999999
19,2020-10-05 12:26:00,40,F,36.42909871,202.4,62.5,5.6,98,12,Lunch,575.0,76.0,22.0,18.5,11.0,1.0,117.4,dexcom,140.4,0,0,6.333333333333333,116.5,0.6523605150214592,0.1888412017167382,0.15879828326180256,19.400000000000006
19,2020-10-05 17:38:00,40,F,36.42909871,202.4,62.5,5.6,98,17,Snack,136.0,36.0,1.0,0.0,12.0,2.0,166.0,dexcom,130.0,0,0,2.769230769230769,37.0,0.972972972972973,0.02702702702702703,0.0,68.0
19,2020-10-05 20:17:00,40,F,36.42909871,202.4,62.5,5.6,98,20,Snack,56.0,13.0,10.0,0.0,29.0,1.0,129.0,dexcom,127.0,0,0,0.43333333333333335,23.0,0.5652173913043478,0.43478260869565216,0.0,31.0
19,2020-10-06 09:26:00,40,F,36.42909871,202.4,62.5,5.6,98,9,Breakfast,608.0,66.0,66.0,10.5,0.0,1.0,132.6,dexcom,146.8,1,0,66.0,142.5,0.4631578947368421,0.4631578947368421,0.07368421052631578,34.599999999999994
19,2020-10-06 12:32:00,40,F,36.42909871,202.4,62.5,5.6,98,12,Lunch,585.0,40.0,76.0,17.0,13.0,1.0,129.0,dexcom,130.0,1,0,2.857142857142857,133.0,0.3007518796992481,0.5714285714285714,0.12781954887218044,31.0
19,2020-10-06 18:42:00,40,F,36.42909871,202.4,62.5,5.6,98,18,Snack,50.0,12.0,0.0,0.0,0.0,2.0,179.0,dexcom,170.0,1,0,12.0,12.0,1.0,0.0,0.0,81.0
19,2020-10-07 10:21:00,40,F,36.42909871,202.4,62.5,5.6,98,10,Breakfast,712.0,66.0,22.0,42.0,0.0,1.0,124.0,dexcom,126.8,2,0,66.0,130.0,0.5076923076923077,0.16923076923076924,0.3230769230769231,26.0
19,2020-10-07 14:44:00,40,F,36.42909871,202.4,62.5,5.6,98,14,Lunch,445.0,43.0,20.0,20.0,13.0,1.0,130.2,dexcom,133.2,2,0,3.0714285714285716,83.0,0.5180722891566265,0.24096385542168675,0.24096385542168675,32.19999999999999
19,2020-10-07 16:55:00,40,F,36.42909871,202.4,62.5,5.6,98,16,Snack,230.0,61.0,0.0,0.0,10.0,1.0,127.8,dexcom,140.4,2,0,5.545454545454546,61.0,1.0,0.0,0.0,29.799999999999997
19,2020-10-08 09:06:00,40,F,36.42909871,202.4,62.5,5.6,98,9,Breakfast,268.0,24.0,22.0,10.5,0.0,1.0,135.4,dexcom,125.2,3,0,24.0,56.5,0.4247787610619469,0.3893805309734513,0.18584070796460178,37.400000000000006
19,2020-10-08 12:45:00,40,F,36.42909871,202.4,62.5,5.6,98,12,Lunch,725.0,94.0,44.0,20.0,4.0,1.0,127.4,dexcom,169.8,3,0,18.8,158.0,0.5949367088607594,0.27848101265822783,0.12658227848101267,29.400000000000006
20,2024-03-19 12:35:00,59,F,35.95333351,206.2,63.5,6.4,119,12,Lunch,1180.0,81.0,88.0,54.5,18.0,1.0,115.2,dexcom,181.8,1,0,4.2631578947368425,223.5,0.3624161073825503,0.39373601789709173,0.24384787472035793,-3.799999999999997
20,2024-03-19 18:11:00,59,F,35.95333351,206.2,63.5,6.4,119,18,Dinner,415.0,59.0,16.0,13.0,1.0,4.0,131.0,dexcom,187.0,1,0,29.5,88.0,0.6704545454545454,0.18181818181818182,0.14772727272727273,12.0
20,2024-03-20 05:00:00,59,F,35.95333351,206.2,63.5,6.4,119,5,Breakfast,448.0,66.0,22.0,10.5,0.0,1.0,156.6,dexcom,182.0,2,0,66.0,98.5,0.6700507614213198,0.2233502538071066,0.1065989847715736,37.599999999999994
20,2024-03-20 10:24:00,59,F,35.95333351,206.2,63.5,6.4,119,10,Lunch,830.0,92.0,17.0,42.0,10.0,1.0,127.0,dexcom,202.4,2,0,8.363636363636363,151.0,0.609271523178808,0.11258278145695365,0.2781456953642384,8.0
20,2024-03-20 16:25:00,59,F,35.95333351,206.2,63.5,6.4,119,16,Dinner,310.0,45.0,15.0,9.0,5.0,3.0,135.0,dexcom,251.6,2,0,7.5,69.0,0.6521739130434783,0.21739130434782608,0.13043478260869565,16.0
20,2024-03-21 05:14:00,59,F,35.95333351,206.2,63.5,6.4,119,5,Breakfast,608.0,66.0,66.0,10.5,0.0,1.0,158.4,dexcom,179.2,3,0,66.0,142.5,0.4631578947368421,0.4631578947368421,0.07368421052631578,39.400000000000006
20,2024-03-21 10:24:00,59,F,35.95333351,206.2,63.5,6.4,119,10,Lunch,435.0,16.0,66.0,14.0,4.0,1.0,119.0,dexcom,148.8,3,0,3.2,96.0,0.16666666666666666,0.6875,0.14583333333333334,0.0
20,2024-03-21 17:31:00,59,F,35.95333351,206.2,63.5,6.4,119,17,Dinner,1069.0,87.0,35.0,68.0,15.0,8.0,136.0,dexcom,191.0,3,0,5.4375,190.0,0.45789473684210524,0.18421052631578946,0.35789473684210527,17.0
20,2024-03-21 18:05:00,59,F,35.95333351,206.2,63.5,6.4,119,18,Snack,160.0,25.0,2.0,5.0,0.0,1.0,157.8,dexcom,176.2,3,0,25.0,32.0,0.78125,0.0625,0.15625,38.80000000000001
20,2024-03-21 18:39:00,59,F,35.95333351,206.2,63.5,6.4,119,18,Snack,260.0,20.0,7.0,16.0,4.0,2.0,195.0,dexcom,179.6,3,0,4.0,43.0,0.46511627906976744,0.16279069767441862,0.37209302325581395,76.0
20,2024-03-22 04:48:00,59,F,35.95333351,206.2,63.5,6.4,119,4,Breakfast,712.0,66.0,22.0,42.0,0.0,1.0,149.4,dexcom,224.4,4,0,66.0,130.0,0.5076923076923077,0.16923076923076924,0.3230769230769231,30.400000000000006
20,2024-03-22 10:27:00,59,F,35.95333351,206.2,63.5,6.4,119,10,Lunch,555.0,94.0,12.0,13.0,5.0,1.0,111.4,dexcom,228.6,4,0,15.666666666666666,119.0,0.7899159663865546,0.10084033613445378,0.1092436974789916,-7.599999999999994
20,2024-03-22 16:28:00,59,F,35.95333351,206.2,63.5,6.4,119,16,Dinner,1530.0,190.0,46.0,69.0,15.0,5.0,118.0,dexcom,207.4,4,0,11.875,305.0,0.6229508196721312,0.15081967213114755,0.2262295081967213,-1.0
20,2024-03-22 22:47:00,59,F,35.95333351,206.2,63.5,6.4,119,22,Snack,279.0,40.0,10.0,9.0,1.0,2.0,189.8,dexcom,245.0,4,0,20.0,59.0,0.6779661016949152,0.1694915254237288,0.15254237288135594,70.80000000000001
20,2024-03-22 23:04:00,59,F,35.95333351,206.2,63.5,6.4,119,23,Snack,51.0,6.0,1.0,3.0,0.0,1.0,191.2,dexcom,238.4,4,0,6.0,10.0,0.6,0.1,0.3,72.19999999999999
20,2024-03-23 05:06:00,59,F,35.95333351,206.2,63.5,6.4,119,5,Breakfast,902.0,73.0,66.0,42.0,7.0,1.0,120.0,dexcom,160.0,5,1,9.125,181.0,0.40331491712707185,0.36464088397790057,0.23204419889502761,1.0
20,2024-03-23 10:25:00,59,F,35.95333351,206.2,63.5,6.4,119,10,Lunch,355.0,19.0,32.0,15.0,5.0,1.0,120.4,dexcom,151.2,5,1,3.1666666666666665,66.0,0.2878787878787879,0.48484848484848486,0.22727272727272727,1.4000000000000057
20,2024-03-23 18:53:00,59,F,35.95333351,206.2,63.5,6.4,119,18,Dinner,825.0,98.0,28.0,35.0,7.0,6.0,148.6,dexcom,211.8,5,1,12.25,161.0,0.6086956521739131,0.17391304347826086,0.21739130434782608,29.599999999999994
20,2024-03-23 22:05:00,59,F,35.95333351,206.2,63.5,6.4,119,22,Snack,630.0,81.0,11.0,33.0,0.0,2.0,147.0,dexcom,158.6,5,1,81.0,125.0,0.648,0.088,0.264,28.0
20,2024-03-24 04:56:00,59,F,35.95333351,206.2,63.5,6.4,119,4,Breakfast,268.0,24.0,22.0,10.5,0.0,1.0,143.0,dexcom,137.0,6,1,24.0,56.5,0.4247787610619469,0.3893805309734513,0.18584070796460178,24.0
20,2024-03-24 10:18:00,59,F,35.95333351,206.2,63.5,6.4,119,10,Lunch,1110.0,93.0,84.0,44.0,4.0,1.0,142.8,dexcom,172.4,6,1,18.6,221.0,0.42081447963800905,0.38009049773755654,0.19909502262443438,23.80000000000001
20,2024-03-24 14:44:00,59,F,35.95333351,206.2,63.5,6.4,119,14,Snack,195.0,33.0,0.0,8.0,0.0,1.0,150.8,dexcom,162.6,6,1,33.0,41.0,0.8048780487804879,0.0,0.1951219512195122,31.80000000000001
20,2024-03-24 18:25:00,59,F,35.95333351,206.2,63.5,6.4,119,18,Dinner,645.0,57.0,42.0,29.0,3.0,3.0,153.0,dexcom,220.6,6,1,14.25,128.0,0.4453125,0.328125,0.2265625,34.0
20,2024-03-24 18:53:00,59,F,35.95333351,206.2,63.5,6.4,119,18,Snack,375.0,39.0,6.0,23.0,2.0,2.0,146.2,dexcom,184.4,6,1,13.0,68.0,0.5735294117647058,0.08823529411764706,0.3382352941176471,27.19999999999999
20,2024-03-25 07:22:00,59,F,35.95333351,206.2,63.5,6.4,119,7,Breakfast,448.0,66.0,22.0,10.5,0.0,1.0,153.8,dexcom,242.0,0,0,66.0,98.5,0.6700507614213198,0.2233502538071066,0.1065989847715736,34.80000000000001
20,2024-03-25 12:51:00,59,F,35.95333351,206.2,63.5,6.4,119,12,Lunch,575.0,76.0,22.0,18.5,11.0,1.0,115.0,dexcom,195.0,0,0,6.333333333333333,116.5,0.6523605150214592,0.1888412017167382,0.15879828326180256,-4.0
20,2024-03-25 17:34:00,59,F,35.95333351,206.2,63.5,6.4,119,17,Dinner,30.0,5.0,2.0,0.0,0.0,1.0,114.4,dexcom,208.4,0,0,5.0,7.0,0.7142857142857143,0.2857142857142857,0.0,-4.599999999999994
20,2024-03-25 17:36:00,59,F,35.95333351,206.2,63.5,6.4,119,17,Snack,250.0,25.0,4.0,10.0,1.0,1.0,114.0,dexcom,210.0,0,0,12.5,39.0,0.6410256410256411,0.10256410256410256,0.2564102564102564,-5.0
20,2024-03-25 20:48:00,59,F,35.95333351,206.2,63.5,6.4,119,20,Snack,320.0,16.0,10.0,26.0,2.0,1.0,185.0,dexcom,154.6,0,0,5.333333333333333,52.0,0.3076923076923077,0.19230769230769232,0.5,66.0
20,2024-03-26 07:51:00,59,F,35.95333351,206.2,63.5,6.4,119,7,Breakfast,608.0,66.0,66.0,10.5,0.0,1.0,156.0,dexcom,193.0,1,0,66.0,142.5,0.4631578947368421,0.4631578947368421,0.07368421052631578,37.0
20,2024-03-26 12:58:00,59,F,35.95333351,206.2,63.5,6.4,119,12,Lunch,585.0,40.0,76.0,17.0,13.0,1.0,108.4,dexcom,142.2,1,0,2.857142857142857,133.0,0.3007518796992481,0.5714285714285714,0.12781954887218044,-10.599999999999994
20,2024-03-26 19:18:00,59,F,35.95333351,206.2,63.5,6.4,119,19,Dinner,2030.0,38.0,19.0,100.0,3.0,2.0,122.8,dexcom,168.6,1,0,9.5,157.0,0.24203821656050956,0.12101910828025478,0.6369426751592356,3.799999999999997
20,2024-03-27 05:00:00,59,F,35.95333351,206.2,63.5,6.4,119,5,Breakfast,712.0,66.0,22.0,42.0,0.0,1.0,154.6,dexcom,225.8,2,0,66.0,130.0,0.5076923076923077,0.16923076923076924,0.3230769230769231,35.599999999999994
20,2024-03-27 09:27:00,59,F,35.95333351,206.2,63.5,6.4,119,9,Snack,10.0,3.0,0.0,0.0,0.0,1.0,114.4,dexcom,147.4,2,0,3.0,3.0,1.0,0.0,0.0,-4.599999999999994
20,2024-03-27 10:28:00,59,F,35.95333351,206.2,63.5,6.4,119,10,Lunch,445.0,43.0,20.0,20.0,13.0,1.0,115.2,dexcom,148.0,2,0,3.0714285714285716,83.0,0.5180722891566265,0.24096385542168675,0.24096385542168675,-3.799999999999997
20,2024-03-27 16:29:00,59,F,35.95333351,206.2,63.5,6.4,119,16,Snack,1030.0,0.0,0.0,0.0,0.0,1.0,129.4,dexcom,212.0,2,0,0.0,0.0,0.0,0.0,0.0,10.400000000000006
20,2024-03-27 19:45:00,59,F,35.95333351,206.2,63.5,6.4,119,19,Dinner,76.0,17.0,3.0,0.0,1.0,2.0,132.2,dexcom,144.4,2,0,8.5,20.0,0.85,0.15,0.0,13.199999999999989
20,2024-03-28 05:06:00,59,F,35.95333351,206.2,63.5,6.4,119,5,Breakfast,268.0,24.0,22.0,10.5,0.0,1.0,148.0,dexcom,149.0,3,0,24.0,56.5,0.4247787610619469,0.3893805309734513,0.18584070796460178,29.0
20,2024-03-28 10:28:00,59,F,35.95333351,206.2,63.5,6.4,119,10,Lunch,725.0,94.0,44.0,20.0,4.0,1.0,133.2,dexcom,228.6,3,0,18.8,158.0,0.5949367088607594,0.27848101265822783,0.12658227848101267,14.199999999999989
20,2024-03-28 18:46:00,59,F,35.95333351,206.2,63.5,6.4,119,18,Dinner,1119.0,159.0,51.0,35.0,8.0,3.0,159.0,dexcom,236.0,3,0,17.666666666666668,245.0,0.6489795918367347,0.20816326530612245,0.14285714285714285,40.0
20,2024-03-29 04:58:00,59,F,35.95333351,206.2,63.5,6.4,119,4,Breakfast,902.0,73.0,22.0,42.0,7.0,1.0,127.9333,libre,153.3333,4,0,9.125,137.0,0.5328467153284672,0.16058394160583941,0.30656934306569344,8.933300000000003
21,2020-06-08 13:00:00,63,F,25.66595591,142.6,62.5,5.3,98,13,Lunch,1180.0,81.0,88.0,54.5,18.0,1.0,119.0,dexcom,154.2,0,0,4.2631578947368425,223.5,0.3624161073825503,0.39373601789709173,0.24384787472035793,21.0
21,2020-06-08 19:55:00,63,F,25.66595591,142.6,62.5,5.3,98,19,Dinner,277.0,46.0,4.0,8.0,6.0,3.0,119.4,dexcom,141.2,0,0,6.571428571428571,58.0,0.7931034482758621,0.06896551724137931,0.13793103448275862,21.400000000000006
21,2020-06-09 05:53:00,63,F,25.66595591,142.6,62.5,5.3,98,5,Breakfast,448.0,66.0,22.0,10.5,0.0,1.0,119.0,dexcom,126.0,1,0,66.0,98.5,0.6700507614213198,0.2233502538071066,0.1065989847715736,21.0
21,2020-06-09 12:29:00,63,F,25.66595591,142.6,62.5,5.3,98,12,Lunch,830.0,92.0,17.0,42.0,10.0,1.0,106.8,dexcom,128.6,1,0,8.363636363636363,151.0,0.609271523178808,0.11258278145695365,0.2781456953642384,8.799999999999997
21,2020-06-09 16:18:00,63,F,25.66595591,142.6,62.5,5.3,98,16,Snack,185.0,46.0,4.0,0.0,9.0,1.0,123.0,dexcom,97.0,1,0,4.6,50.0,0.92,0.08,0.0,25.0
21,2020-06-09 20:56:00,63,F,25.66595591,142.6,62.5,5.3,98,20,Snack,386.0,57.0,22.0,14.0,5.0,3.0,118.4,dexcom,145.6,1,0,9.5,93.0,0.6129032258064516,0.23655913978494625,0.15053763440860216,20.400000000000006
21,2020-06-10 05:56:00,63,F,25.66595591,142.6,62.5,5.3,98,5,Breakfast,608.0,66.0,66.0,10.5,0.0,1.0,113.0,dexcom,88.6,2,0,66.0,142.5,0.4631578947368421,0.4631578947368421,0.07368421052631578,15.0
21,2020-06-10 12:41:00,63,F,25.66595591,142.6,62.5,5.3,98,12,Lunch,435.0,16.0,66.0,14.0,4.0,1.0,110.0,dexcom,116.0,2,0,3.2,96.0,0.16666666666666666,0.6875,0.14583333333333334,12.0
21,2020-06-10 18:01:00,63,F,25.66595591,142.6,62.5,5.3,98,18,Snack,123.0,31.0,2.0,0.0,6.0,1.0,109.6,dexcom,160.2,2,0,4.428571428571429,33.0,0.9393939393939394,0.06060606060606061,0.0,11.599999999999994
21,2020-06-10 18:56:00,63,F,25.66595591,142.6,62.5,5.3,98,18,Dinner,391.0,38.0,15.0,24.0,0.0,2.0,157.8,dexcom,126.6,2,0,38.0,77.0,0.4935064935064935,0.19480519480519481,0.3116883116883117,59.80000000000001
21,2020-06-10 21:07:00,63,F,25.66595591,142.6,62.5,5.3,98,21,Snack,1050.0,255.0,15.0,0.0,0.0,1.0,125.4,dexcom,127.2,2,0,255.0,270.0,0.9444444444444444,0.05555555555555555,0.0,27.400000000000006
21,2020-06-11 07:22:00,63,F,25.66595591,142.6,62.5,5.3,98,7,Breakfast,712.0,66.0,22.0,42.0,0.0,1.0,115.0,dexcom,137.4,3,0,66.0,130.0,0.5076923076923077,0.16923076923076924,0.3230769230769231,17.0
21,2020-06-11 13:22:00,63,F,25.66595591,142.6,62.5,5.3,98,13,Lunch,555.0,94.0,12.0,13.0,5.0,1.0,101.6,dexcom,184.6,3,0,15.666666666666666,119.0,0.7899159663865546,0.10084033613445378,0.1092436974789916,3.5999999999999943
21,2020-06-11 20:26:00,63,F,25.66595591,142.6,62.5,5.3,98,20,Dinner,230.0,190.0,14.0,11.0,3.0,2.0,96.2,dexcom,137.8,3,0,47.5,215.0,0.8837209302325582,0.06511627906976744,0.05116279069767442,-1.7999999999999972
21,2020-06-12 07:34:00,63,F,25.66595591,142.6,62.5,5.3,98,7,Breakfast,902.0,73.0,66.0,42.0,7.0,1.0,108.6,dexcom,126.4,4,0,9.125,181.0,0.40331491712707185,0.36464088397790057,0.23204419889502761,10.599999999999994
21,2020-06-12 13:16:00,63,F,25.66595591,142.6,62.5,5.3,98,13,Lunch,355.0,19.0,32.0,15.0,5.0,1.0,91.6,dexcom,115.2,4,0,3.1666666666666665,66.0,0.2878787878787879,0.48484848484848486,0.22727272727272727,-6.400000000000006
21,2020-06-12 18:21:00,63,F,25.66595591,142.6,62.5,5.3,98,18,Dinner,200.0,7.0,22.0,9.0,1.0,1.0,103.8,dexcom,105.2,4,0,3.5,38.0,0.18421052631578946,0.5789473684210527,0.23684210526315788,5.799999999999997
21,2020-06-13 06:36:00,63,F,25.66595591,142.6,62.5,5.3,98,6,Breakfast,268.0,24.0,22.0,10.5,0.0,1.0,108.8,dexcom,95.8,5,1,24.0,56.5,0.4247787610619469,0.3893805309734513,0.18584070796460178,10.799999999999997
21,2020-06-13 12:26:00,63,F,25.66595591,142.6,62.5,5.3,98,12,Lunch,1110.0,93.0,84.0,44.0,4.0,1.0,103.4,dexcom,110.2,5,1,18.6,221.0,0.42081447963800905,0.38009049773755654,0.19909502262443438,5.400000000000006
21,2020-06-13 19:23:00,63,F,25.66595591,142.6,62.5,5.3,98,19,Dinner,948.0,133.0,32.0,45.0,5.0,5.0,106.0,dexcom,115.0,5,1,22.166666666666668,210.0,0.6333333333333333,0.1523809523809524,0.21428571428571427,8.0
21,2020-06-14 05:35:00,63,F,25.66595591,142.6,62.5,5.3,98,5,Breakfast,448.0,66.0,22.0,10.5,0.0,1.0,107.6,dexcom,183.8,6,1,66.0,98.5,0.6700507614213198,0.2233502538071066,0.1065989847715736,9.599999999999994
21,2020-06-14 11:00:00,63,F,25.66595591,142.6,62.5,5.3,98,11,Lunch,575.0,76.0,22.0,18.5,11.0,1.0,107.4,dexcom,133.8,6,1,6.333333333333333,116.5,0.6523605150214592,0.1888412017167382,0.15879828326180256,9.400000000000006
21,2020-06-14 17:53:00,63,F,25.66595591,142.6,62.5,5.3,98,17,Dinner,337.0,78.0,9.0,1.0,10.0,3.0,140.0,dexcom,149.0,6,1,7.090909090909091,88.0,0.8863636363636364,0.10227272727272728,0.011363636363636364,42.0
21,2020-06-15 06:30:00,63,F,25.66595591,142.6,62.5,5.3,98,6,Breakfast,608.0,66.0,66.0,10.5,0.0,1.0,107.8,dexcom,152.8,0,0,66.0,142.5,0.4631578947368421,0.4631578947368421,0.07368421052631578,9.799999999999997
21,2020-06-15 12:41:00,63,F,25.66595591,142.6,62.5,5.3,98,12,Lunch,585.0,40.0,76.0,17.0,13.0,1.0,102.6,dexcom,125.2,0,0,2.857142857142857,133.0,0.3007518796992481,0.5714285714285714,0.12781954887218044,4.599999999999994
21,2020-06-15 19:27:00,63,F,25.66595591,142.6,62.5,5.3,98,19,Dinner,995.0,156.0,19.0,36.0,5.0,3.0,90.2,dexcom,131.8,0,0,26.0,211.0,0.7393364928909952,0.09004739336492891,0.17061611374407584,-7.799999999999997
21,2020-06-16 07:24:00,63,F,25.66595591,142.6,62.5,5.3,98,7,Breakfast,712.0,66.0,22.0,42.0,0.0,1.0,112.2,dexcom,109.2,1,0,66.0,130.0,0.5076923076923077,0.16923076923076924,0.3230769230769231,14.200000000000003
21,2020-06-16 13:18:00,63,F,25.66595591,142.6,62.5,5.3,98,13,Lunch,445.0,43.0,20.0,20.0,13.0,1.0,111.0,dexcom,114.0,1,0,3.0714285714285716,83.0,0.5180722891566265,0.24096385542168675,0.24096385542168675,13.0
21,2020-06-16 18:12:00,63,F,25.66595591,142.6,62.5,5.3,98,18,Dinner,150.0,0.0,25.0,0.0,0.0,1.0,107.8,dexcom,112.2,1,0,0.0,25.0,0.0,1.0,0.0,9.799999999999997
21,2020-06-16 18:30:00,63,F,25.66595591,142.6,62.5,5.3,98,18,Snack,760.0,72.0,13.0,47.0,4.0,1.0,107.4,dexcom,114.2,1,0,14.4,132.0,0.5454545454545454,0.09848484848484848,0.3560606060606061,9.400000000000006
21,2020-06-16 19:24:00,63,F,25.66595591,142.6,62.5,5.3,98,19,Snack,65.0,1.0,1.0,7.0,0.0,1.0,152.4,dexcom,123.4,1,0,1.0,9.0,0.1111111111111111,0.1111111111111111,0.7777777777777778,54.400000000000006
21,2020-06-16 21:26:00,63,F,25.66595591,142.6,62.5,5.3,98,21,Snack,498.0,112.0,2.0,0.0,23.0,2.0,120.2,dexcom,125.0,1,0,4.666666666666667,114.0,0.9824561403508771,0.017543859649122806,0.0,22.200000000000003
21,2020-06-16 22:30:00,63,F,25.66595591,142.6,62.5,5.3,98,22,Snack,100.0,24.0,0.0,0.0,0.0,1.0,123.8,dexcom,128.8,1,0,24.0,24.0,1.0,0.0,0.0,25.799999999999997
21,2020-06-17 05:27:00,63,F,25.66595591,142.6,62.5,5.3,98,5,Breakfast,268.0,24.0,22.0,10.5,0.0,1.0,104.0,dexcom,90.4,2,0,24.0,56.5,0.4247787610619469,0.3893805309734513,0.18584070796460178,6.0
21,2020-06-17 13:00:00,63,F,25.66595591,142.6,62.5,5.3,98,13,Lunch,725.0,94.0,44.0,20.0,4.0,1.0,102.4,dexcom,138.2,2,0,18.8,158.0,0.5949367088607594,0.27848101265822783,0.12658227848101267,4.400000000000006
21,2020-06-17 22:13:00,63,F,25.66595591,142.6,62.5,5.3,98,22,Snack,1116.0,282.0,19.0,3.0,38.0,2.0,155.0,dexcom,147.0,2,0,7.230769230769231,304.0,0.9276315789473685,0.0625,0.009868421052631578,57.0
21,2020-06-18 07:52:00,63,F,25.66595591,142.6,62.5,5.3,98,7,Breakfast,902.0,73.0,22.0,42.0,7.0,1.0,111.0,libre,101.0,3,0,9.125,137.0,0.5328467153284672,0.16058394160583941,0.30656934306569344,13.0
22,2021-03-28 12:27:00,69,F,20.68996219,116.8,63.0,5.9,107,12,Lunch,1180.0,81.0,88.0,54.5,18.0,1.0,97.0,dexcom,89.0,6,1,4.2631578947368425,223.5,0.3624161073825503,0.39373601789709173,0.24384787472035793,-10.0
22,2021-03-28 20:00:00,69,F,20.68996219,116.8,63.0,5.9,107,20,Dinner,1375.0,84.0,40.0,55.0,6.0,2.0,78.8,dexcom,122.2,6,1,12.0,179.0,0.4692737430167598,0.22346368715083798,0.30726256983240224,-28.200000000000003
22,2021-03-29 08:59:00,69,F,20.68996219,116.8,63.0,5.9,107,8,Breakfast,448.0,66.0,22.0,10.5,0.0,1.0,111.0,dexcom,71.4,0,0,66.0,98.5,0.6700507614213198,0.2233502538071066,0.1065989847715736,4.0
22,2021-03-29 13:37:00,69,F,20.68996219,116.8,63.0,5.9,107,13,Lunch,830.0,92.0,17.0,42.0,10.0,1.0,99.0,dexcom,106.0,0,0,8.363636363636363,151.0,0.609271523178808,0.11258278145695365,0.2781456953642384,-8.0
22,2021-03-29 17:50:00,69,F,20.68996219,116.8,63.0,5.9,107,17,Dinner,290.0,63.0,6.0,6.0,3.0,4.0,97.0,dexcom,115.4,0,0,15.75,75.0,0.84,0.08,0.08,-10.0
22,2021-03-29 19:38:00,69,F,20.68996219,116.8,63.0,5.9,107,19,Snack,443.0,42.0,7.0,28.0,0.0,1.0,112.2,dexcom,127.6,0,0,42.0,77.0,0.5454545454545454,0.09090909090909091,0.36363636363636365,5.200000000000003
22,2021-03-30 09:03:00,69,F,20.68996219,116.8,63.0,5.9,107,9,Breakfast,608.0,66.0,66.0,10.5,0.0,1.0,107.8,dexcom,116.6,1,0,66.0,142.5,0.4631578947368421,0.4631578947368421,0.07368421052631578,0.7999999999999972
22,2021-03-30 12:34:00,69,F,20.68996219,116.8,63.0,5.9,107,12,Lunch,435.0,16.0,66.0,14.0,4.0,1.0,86.6,dexcom,89.8,1,0,3.2,96.0,0.16666666666666666,0.6875,0.14583333333333334,-20.400000000000006
22,2021-03-30 12:42:00,69,F,20.68996219,116.8,63.0,5.9,107,12,Snack,125.0,4.0,0.0,0.0,0.0,1.0,95.0,dexcom,86.0,1,0,4.0,4.0,1.0,0.0,0.0,-12.0
22,2021-03-30 15:25:00,69,F,20.68996219,116.8,63.0,5.9,107,15,Snack,200.0,20.0,3.0,10.0,2.0,1.0,83.4,dexcom,112.0,1,0,6.666666666666667,33.0,0.6060606060606061,0.09090909090909091,0.30303030303030304,-23.599999999999994
22,2021-03-30 19:13:00,69,F,20.68996219,116.8,63.0,5.9,107,19,Dinner,405.0,75.0,2.0,10.0,5.0,2.0,83.2,dexcom,127.8,1,0,12.5,87.0,0.8620689655172413,0.022988505747126436,0.11494252873563218,-23.799999999999997
22,2021-03-30 22:42:00,69,F,20.68996219,116.8,63.0,5.9,107,22,Snack,63.0,15.0,1.0,0.0,2.0,2.0,125.0,dexcom,115.0,1,0,5.0,16.0,0.9375,0.0625,0.0,18.0
22,2021-03-31 09:01:00,69,F,20.68996219,116.8,63.0,5.9,107,9,Breakfast,712.0,66.0,22.0,42.0,0.0,1.0,105.4,dexcom,122.6,2,0,66.0,130.0,0.5076923076923077,0.16923076923076924,0.3230769230769231,-1.5999999999999943
22,2021-03-31 12:37:00,69,F,20.68996219,116.8,63.0,5.9,107,12,Lunch,555.0,94.0,12.0,13.0,5.0,1.0,95.0,dexcom,140.0,2,0,15.666666666666666,119.0,0.7899159663865546,0.10084033613445378,0.1092436974789916,-12.0
22,2021-03-31 12:43:00,69,F,20.68996219,116.8,63.0,5.9,107,12,Snack,0.0,0.0,0.0,0.0,0.0,1.0,88.2,dexcom,137.0,2,0,0.0,0.0,0.0,0.0,0.0,-18.799999999999997
22,2021-03-31 16:20:00,69,F,20.68996219,116.8,63.0,5.9,107,16,Snack,87.0,22.0,2.0,0.0,4.0,2.0,119.4,dexcom,117.2,2,0,4.4,24.0,0.9166666666666666,0.08333333333333333,0.0,12.400000000000006
22,2021-03-31 19:37:00,69,F,20.68996219,116.8,63.0,5.9,107,19,Dinner,813.0,66.0,46.0,43.0,1.0,3.0,84.0,dexcom,112.0,2,0,33.0,155.0,0.4258064516129032,0.2967741935483871,0.27741935483870966,-23.0
22,2021-04-01 08:48:00,69,F,20.68996219,116.8,63.0,5.9,107,8,Breakfast,902.0,73.0,66.0,42.0,7.0,1.0,115.0,dexcom,92.2,3,0,9.125,181.0,0.40331491712707185,0.36464088397790057,0.23204419889502761,8.0
22,2021-04-01 12:35:00,69,F,20.68996219,116.8,63.0,5.9,107,12,Lunch,355.0,19.0,32.0,15.0,5.0,1.0,100.8,dexcom,106.8,3,0,3.1666666666666665,66.0,0.2878787878787879,0.48484848484848486,0.22727272727272727,-6.200000000000003
22,2021-04-01 16:04:00,69,F,20.68996219,116.8,63.0,5.9,107,16,Snack,239.0,29.0,7.0,12.0,2.0,3.0,100.6,dexcom,105.2,3,0,9.666666666666666,48.0,0.6041666666666666,0.14583333333333334,0.25,-6.400000000000006
22,2021-04-01 20:01:00,69,F,20.68996219,116.8,63.0,5.9,107,20,Dinner,120.0,3.0,12.0,6.0,0.0,2.0,113.2,dexcom,149.4,3,0,3.0,21.0,0.14285714285714285,0.5714285714285714,0.2857142857142857,6.200000000000003
22,2021-04-02 09:05:00,69,F,20.68996219,116.8,63.0,5.9,107,9,Breakfast,268.0,24.0,22.0,10.5,0.0,1.0,119.2,dexcom,115.0,4,0,24.0,56.5,0.4247787610619469,0.3893805309734513,0.18584070796460178,12.200000000000003
22,2021-04-02 12:45:00,69,F,20.68996219,116.8,63.0,5.9,107,12,Lunch,1110.0,93.0,84.0,44.0,4.0,1.0,109.6,dexcom,126.8,4,0,18.6,221.0,0.42081447963800905,0.38009049773755654,0.19909502262443438,2.5999999999999943
22,2021-04-02 17:42:00,69,F,20.68996219,116.8,63.0,5.9,107,17,Snack,212.0,52.0,3.0,1.0,5.0,2.0,105.0,dexcom,106.0,4,0,8.666666666666666,56.0,0.9285714285714286,0.05357142857142857,0.017857142857142856,-2.0
22,2021-04-02 19:05:00,69,F,20.68996219,116.8,63.0,5.9,107,19,Dinner,140.0,27.0,3.0,8.0,4.0,2.0,131.2,dexcom,122.6,4,0,5.4,38.0,0.7105263157894737,0.07894736842105263,0.21052631578947367,24.19999999999999
22,2021-04-03 09:03:00,69,F,20.68996219,116.8,63.0,5.9,107,9,Breakfast,448.0,66.0,22.0,10.5,0.0,1.0,97.4,dexcom,131.4,5,1,66.0,98.5,0.6700507614213198,0.2233502538071066,0.1065989847715736,-9.599999999999994
22,2021-04-03 12:29:00,69,F,20.68996219,116.8,63.0,5.9,107,12,Lunch,575.0,76.0,22.0,18.5,11.0,1.0,107.6,dexcom,113.8,5,1,6.333333333333333,116.5,0.6523605150214592,0.1888412017167382,0.15879828326180256,0.5999999999999943
22,2021-04-03 15:59:00,69,F,20.68996219,116.8,63.0,5.9,107,15,Snack,200.0,13.0,9.0,12.0,0.0,3.0,110.0,dexcom,110.2,5,1,13.0,34.0,0.38235294117647056,0.2647058823529412,0.35294117647058826,3.0
22,2021-04-03 19:23:00,69,F,20.68996219,116.8,63.0,5.9,107,19,Dinner,681.0,76.0,28.0,25.0,4.0,3.0,104.6,dexcom,113.2,5,1,15.2,129.0,0.5891472868217055,0.21705426356589147,0.1937984496124031,-2.4000000000000057
22,2021-04-04 09:01:00,69,F,20.68996219,116.8,63.0,5.9,107,9,Breakfast,608.0,66.0,66.0,10.5,0.0,1.0,117.0,dexcom,96.0,6,1,66.0,142.5,0.4631578947368421,0.4631578947368421,0.07368421052631578,10.0
22,2021-04-04 13:08:00,69,F,20.68996219,116.8,63.0,5.9,107,13,Lunch,585.0,40.0,76.0,17.0,13.0,1.0,107.0,dexcom,104.4,6,1,2.857142857142857,133.0,0.3007518796992481,0.5714285714285714,0.12781954887218044,0.0
22,2021-04-04 16:30:00,69,F,20.68996219,116.8,63.0,5.9,107,16,Snack,240.0,17.0,7.0,18.0,4.0,3.0,104.2,dexcom,113.6,6,1,3.4,42.0,0.40476190476190477,0.16666666666666666,0.42857142857142855,-2.799999999999997
22,2021-04-04 19:15:00,69,F,20.68996219,116.8,63.0,5.9,107,19,Dinner,1073.0,49.0,95.0,74.0,5.0,4.0,102.6,dexcom,106.2,6,1,8.166666666666666,218.0,0.22477064220183487,0.43577981651376146,0.3394495412844037,-4.400000000000006
22,2021-04-05 09:07:00,69,F,20.68996219,116.8,63.0,5.9,107,9,Breakfast,712.0,66.0,22.0,42.0,0.0,1.0,115.0,dexcom,126.0,0,0,66.0,130.0,0.5076923076923077,0.16923076923076924,0.3230769230769231,8.0
22,2021-04-05 12:21:00,69,F,20.68996219,116.8,63.0,5.9,107,12,Lunch,445.0,43.0,20.0,20.0,13.0,1.0,137.4,dexcom,111.2,0,0,3.0714285714285716,83.0,0.5180722891566265,0.24096385542168675,0.24096385542168675,30.400000000000006
22,2021-04-05 15:46:00,69,F,20.68996219,116.8,63.0,5.9,107,15,Snack,292.0,13.0,14.0,22.0,0.0,4.0,105.6,dexcom,97.8,0,0,13.0,49.0,0.2653061224489796,0.2857142857142857,0.4489795918367347,-1.4000000000000057
22,2021-04-05 19:00:00,69,F,20.68996219,116.8,63.0,5.9,107,19,Dinner,787.0,70.0,25.0,42.0,6.0,4.0,96.2,dexcom,158.2,0,0,10.0,137.0,0.5109489051094891,0.18248175182481752,0.30656934306569344,-10.799999999999997
22,2021-04-06 09:00:00,69,F,20.68996219,116.8,63.0,5.9,107,9,Breakfast,268.0,24.0,22.0,10.5,0.0,1.0,116.0,dexcom,106.0,1,0,24.0,56.5,0.4247787610619469,0.3893805309734513,0.18584070796460178,9.0
22,2021-04-06 12:20:00,69,F,20.68996219,116.8,63.0,5.9,107,12,Lunch,725.0,94.0,44.0,20.0,4.0,1.0,112.6,dexcom,140.6,1,0,18.8,158.0,0.5949367088607594,0.27848101265822783,0.12658227848101267,5.599999999999994
22,2021-04-06 17:32:00,69,F,20.68996219,116.8,63.0,5.9,107,17,Snack,248.0,43.0,4.0,6.0,1.0,2.0,108.0,dexcom,123.0,1,0,21.5,53.0,0.8113207547169812,0.07547169811320754,0.11320754716981132,1.0
22,2021-04-06 19:31:00,69,F,20.68996219,116.8,63.0,5.9,107,19,Dinner,333.0,58.0,15.0,5.0,3.0,5.0,121.0,dexcom,129.6,1,0,14.5,78.0,0.7435897435897436,0.19230769230769232,0.0641025641025641,14.0
22,2021-04-07 09:08:00,69,F,20.68996219,116.8,63.0,5.9,107,9,Breakfast,902.0,73.0,22.0,42.0,7.0,1.0,103.9333,libre,105.0,2,0,9.125,137.0,0.5328467153284672,0.16058394160583941,0.30656934306569344,-3.0666999999999973
23,2021-05-05 11:58:00,55,M,24.24483897,154.8,67.0,6.2,135,11,Lunch,1180.0,81.0,88.0,54.5,18.0,1.0,117.4,dexcom,186.0,2,0,4.2631578947368425,223.5,0.3624161073825503,0.39373601789709173,0.24384787472035793,-17.599999999999994
23,2021-05-05 15:18:00,55,M,24.24483897,154.8,67.0,6.2,135,15,Dinner,320.0,47.0,23.0,5.0,5.0,2.0,145.6,dexcom,159.0,2,0,7.833333333333333,75.0,0.6266666666666667,0.30666666666666664,0.06666666666666667,10.599999999999994
23,2021-05-05 20:54:00,55,M,24.24483897,154.8,67.0,6.2,135,20,Dinner,930.0,76.0,43.0,54.0,18.0,6.0,126.0,dexcom,210.0,2,0,4.0,173.0,0.4393063583815029,0.24855491329479767,0.31213872832369943,-9.0
23,2021-05-06 09:23:00,55,M,24.24483897,154.8,67.0,6.2,135,9,Breakfast,448.0,66.0,22.0,10.5,0.0,1.0,145.2,dexcom,161.6,3,0,66.0,98.5,0.6700507614213198,0.2233502538071066,0.1065989847715736,10.199999999999989
23,2021-05-06 12:29:00,55,M,24.24483897,154.8,67.0,6.2,135,12,Lunch,830.0,92.0,17.0,42.0,10.0,1.0,120.0,dexcom,119.0,3,0,8.363636363636363,151.0,0.609271523178808,0.11258278145695365,0.2781456953642384,-15.0
23,2021-05-06 16:55:00,55,M,24.24483897,154.8,67.0,6.2,135,16,Snack,255.0,27.0,14.0,10.0,10.0,4.0,95.4,dexcom,157.8,3,0,2.4545454545454546,51.0,0.5294117647058824,0.27450980392156865,0.19607843137254902,-39.599999999999994
23,2021-05-06 21:06:00,55,M,24.24483897,154.8,67.0,6.2,135,21,Dinner,540.0,50.0,28.0,30.0,8.0,7.0,148.2,dexcom,201.2,3,0,5.555555555555555,108.0,0.46296296296296297,0.25925925925925924,0.2777777777777778,13.199999999999989
23,2021-05-07 09:07:00,55,M,24.24483897,154.8,67.0,6.2,135,9,Breakfast,608.0,66.0,66.0,10.5,0.0,1.0,139.4,dexcom,138.0,4,0,66.0,142.5,0.4631578947368421,0.4631578947368421,0.07368421052631578,4.400000000000006
23,2021-05-07 13:43:00,55,M,24.24483897,154.8,67.0,6.2,135,13,Lunch,435.0,16.0,66.0,14.0,4.0,1.0,88.2,dexcom,141.0,4,0,3.2,96.0,0.16666666666666666,0.6875,0.14583333333333334,-46.8
23,2021-05-07 18:33:00,55,M,24.24483897,154.8,67.0,6.2,135,18,Snack,240.0,23.0,12.0,13.0,8.0,4.0,118.4,dexcom,104.6,4,0,2.5555555555555554,48.0,0.4791666666666667,0.25,0.2708333333333333,-16.599999999999994
23,2021-05-07 22:25:00,55,M,24.24483897,154.8,67.0,6.2,135,22,Dinner,785.0,87.0,36.0,43.0,22.0,6.0,98.4,dexcom,136.6,4,0,3.782608695652174,166.0,0.5240963855421686,0.21686746987951808,0.25903614457831325,-36.599999999999994
23,2021-05-08 08:42:00,55,M,24.24483897,154.8,67.0,6.2,135,8,Breakfast,712.0,66.0,22.0,42.0,0.0,1.0,147.0,dexcom,158.0,5,1,66.0,130.0,0.5076923076923077,0.16923076923076924,0.3230769230769231,12.0
23,2021-05-08 13:16:00,55,M,24.24483897,154.8,67.0,6.2,135,13,Lunch,555.0,94.0,12.0,13.0,5.0,1.0,100.6,dexcom,135.4,5,1,15.666666666666666,119.0,0.7899159663865546,0.10084033613445378,0.1092436974789916,-34.400000000000006
23,2021-05-08 16:51:00,55,M,24.24483897,154.8,67.0,6.2,135,16,Dinner,45.0,11.0,1.0,1.0,1.0,3.0,120.4,dexcom,213.6,5,1,5.5,13.0,0.8461538461538461,0.07692307692307693,0.07692307692307693,-14.599999999999994
23,2021-05-08 21:14:00,55,M,24.24483897,154.8,67.0,6.2,135,21,Dinner,810.0,100.0,38.0,41.0,28.0,3.0,110.0,dexcom,189.0,5,1,3.4482758620689653,179.0,0.5586592178770949,0.2122905027932961,0.22905027932960895,-25.0
23,2021-05-09 09:12:00,55,M,24.24483897,154.8,67.0,6.2,135,9,Breakfast,902.0,73.0,66.0,42.0,7.0,1.0,137.8,dexcom,176.6,6,1,9.125,181.0,0.40331491712707185,0.36464088397790057,0.23204419889502761,2.8000000000000114
23,2021-05-09 13:32:00,55,M,24.24483897,154.8,67.0,6.2,135,13,Lunch,355.0,19.0,32.0,15.0,5.0,1.0,113.8,dexcom,138.6,6,1,3.1666666666666665,66.0,0.2878787878787879,0.48484848484848486,0.22727272727272727,-21.200000000000003
23,2021-05-09 18:00:00,55,M,24.24483897,154.8,67.0,6.2,135,18,Dinner,385.0,20.0,33.0,20.0,5.0,1.0,111.4,dexcom,230.4,6,1,3.3333333333333335,73.0,0.273972602739726,0.4520547945205479,0.273972602739726,-23.599999999999994
23,2021-05-09 18:30:00,55,M,24.24483897,154.8,67.0,6.2,135,18,Dinner,240.0,23.0,12.0,13.0,8.0,4.0,112.4,dexcom,205.2,6,1,2.5555555555555554,48.0,0.4791666666666667,0.25,0.2708333333333333,-22.599999999999994
23,2021-05-09 22:46:00,55,M,24.24483897,154.8,67.0,6.2,135,22,Dinner,260.0,42.0,14.0,10.0,14.0,6.0,136.6,dexcom,181.0,6,1,2.8,66.0,0.6363636363636364,0.21212121212121213,0.15151515151515152,1.5999999999999943
23,2021-05-10 09:24:00,55,M,24.24483897,154.8,67.0,6.2,135,9,Breakfast,268.0,24.0,22.0,10.5,0.0,1.0,149.0,dexcom,131.0,0,0,24.0,56.5,0.4247787610619469,0.3893805309734513,0.18584070796460178,14.0
23,2021-05-10 13:25:00,55,M,24.24483897,154.8,67.0,6.2,135,13,Lunch,1110.0,93.0,84.0,44.0,4.0,1.0,115.6,dexcom,206.0,0,0,18.6,221.0,0.42081447963800905,0.38009049773755654,0.19909502262443438,-19.400000000000006
23,2021-05-10 17:37:00,55,M,24.24483897,154.8,67.0,6.2,135,17,Snack,215.0,27.0,23.0,5.0,8.0,4.0,145.8,dexcom,167.8,0,0,3.0,55.0,0.4909090909090909,0.41818181818181815,0.09090909090909091,10.800000000000011
23,2021-05-10 21:24:00,55,M,24.24483897,154.8,67.0,6.2,135,21,Dinner,455.0,41.0,28.0,26.0,8.0,5.0,142.0,dexcom,155.0,0,0,4.555555555555555,95.0,0.43157894736842106,0.29473684210526313,0.2736842105263158,7.0
23,2021-05-11 08:55:00,55,M,24.24483897,154.8,67.0,6.2,135,8,Breakfast,448.0,66.0,22.0,10.5,0.0,1.0,152.8,dexcom,172.6,1,0,66.0,98.5,0.6700507614213198,0.2233502538071066,0.1065989847715736,17.80000000000001
23,2021-05-11 13:01:00,55,M,24.24483897,154.8,67.0,6.2,135,13,Lunch,575.0,76.0,22.0,18.5,11.0,1.0,109.6,dexcom,130.8,1,0,6.333333333333333,116.5,0.6523605150214592,0.1888412017167382,0.15879828326180256,-25.400000000000006
23,2021-05-11 17:59:00,55,M,24.24483897,154.8,67.0,6.2,135,17,Snack,170.0,23.0,8.0,7.0,8.0,3.0,111.0,dexcom,213.0,1,0,2.5555555555555554,38.0,0.6052631578947368,0.21052631578947367,0.18421052631578946,-24.0
23,2021-05-11 18:19:00,55,M,24.24483897,154.8,67.0,6.2,135,18,Dinner,1950.0,106.0,94.0,88.0,2.0,2.0,115.0,dexcom,157.0,1,0,35.333333333333336,288.0,0.3680555555555556,0.3263888888888889,0.3055555555555556,-20.0
23,2021-05-11 23:20:00,55,M,24.24483897,154.8,67.0,6.2,135,23,Dinner,10.0,1.0,0.0,1.0,0.0,1.0,104.6,libre,137.2,1,0,1.0,2.0,0.5,0.0,0.5,-30.400000000000006
23,2021-05-12 08:12:00,55,M,24.24483897,154.8,67.0,6.2,135,8,Breakfast,608.0,66.0,66.0,10.5,0.0,1.0,144.6,dexcom,163.2,2,0,66.0,142.5,0.4631578947368421,0.4631578947368421,0.07368421052631578,9.599999999999994
23,2021-05-12 12:13:00,55,M,24.24483897,154.8,67.0,6.2,135,12,Lunch,585.0,40.0,76.0,17.0,13.0,1.0,110.8,dexcom,154.6,2,0,2.857142857142857,133.0,0.3007518796992481,0.5714285714285714,0.12781954887218044,-24.200000000000003
23,2021-05-12 16:43:00,55,M,24.24483897,154.8,67.0,6.2,135,16,Dinner,598.0,53.0,37.0,29.0,25.0,5.0,116.2,dexcom,192.6,2,0,2.0384615384615383,119.0,0.44537815126050423,0.31092436974789917,0.24369747899159663,-18.799999999999997
23,2021-05-12 20:54:00,55,M,24.24483897,154.8,67.0,6.2,135,20,Snack,260.0,27.0,14.0,11.0,10.0,3.0,131.0,dexcom,127.0,2,0,2.4545454545454546,52.0,0.5192307692307693,0.2692307692307692,0.21153846153846154,-4.0
23,2021-05-13 08:29:00,55,M,24.24483897,154.8,67.0,6.2,135,8,Breakfast,712.0,66.0,22.0,42.0,0.0,1.0,156.0,dexcom,164.0,3,0,66.0,130.0,0.5076923076923077,0.16923076923076924,0.3230769230769231,21.0
23,2021-05-13 12:56:00,55,M,24.24483897,154.8,67.0,6.2,135,12,Lunch,445.0,43.0,20.0,20.0,13.0,1.0,116.4,dexcom,193.4,3,0,3.0714285714285716,83.0,0.5180722891566265,0.24096385542168675,0.24096385542168675,-18.599999999999994
23,2021-05-13 17:46:00,55,M,24.24483897,154.8,67.0,6.2,135,17,Dinner,649.0,38.0,36.0,40.0,19.0,6.0,108.2,dexcom,110.8,3,0,1.9,114.0,0.3333333333333333,0.3157894736842105,0.3508771929824561,-26.799999999999997
23,2021-05-13 21:08:00,55,M,24.24483897,154.8,67.0,6.2,135,21,Snack,170.0,23.0,8.0,7.0,8.0,3.0,131.8,dexcom,180.2,3,0,2.5555555555555554,38.0,0.6052631578947368,0.21052631578947367,0.18421052631578946,-3.1999999999999886
23,2021-05-14 08:59:00,55,M,24.24483897,154.8,67.0,6.2,135,8,Breakfast,268.0,24.0,22.0,10.5,0.0,1.0,128.0,dexcom,133.0,4,0,24.0,56.5,0.4247787610619469,0.3893805309734513,0.18584070796460178,-7.0
23,2021-05-14 13:26:00,55,M,24.24483897,154.8,67.0,6.2,135,13,Lunch,725.0,94.0,44.0,20.0,4.0,1.0,112.8,dexcom,199.6,4,0,18.8,158.0,0.5949367088607594,0.27848101265822783,0.12658227848101267,-22.200000000000003
23,2021-05-14 18:37:00,55,M,24.24483897,154.8,67.0,6.2,135,18,Dinner,1045.0,116.0,23.0,48.0,5.0,4.0,119.4,dexcom,146.2,4,0,19.333333333333332,187.0,0.6203208556149733,0.12299465240641712,0.25668449197860965,-15.599999999999994
23,2021-05-14 23:03:00,55,M,24.24483897,154.8,67.0,6.2,135,23,Snack,170.0,23.0,8.0,7.0,8.0,3.0,126.2,dexcom,185.0,4,0,2.5555555555555554,38.0,0.6052631578947368,0.21052631578947367,0.18421052631578946,-8.799999999999997
23,2021-05-15 08:10:00,55,M,24.24483897,154.8,67.0,6.2,135,8,Breakfast,902.0,73.0,22.0,42.0,7.0,1.0,108.8,libre,134.4,5,1,9.125,137.0,0.5328467153284672,0.16058394160583941,0.30656934306569344,-26.200000000000003
26,2021-03-26 12:14:00,35,M,31.16746095,199.0,67.0,5.9,104,12,Lunch,1180.0,81.0,88.0,54.5,18.0,100.0,132.4,dexcom,162.6,4,0,4.2631578947368425,223.5,0.3624161073825503,0.39373601789709173,0.24384787472035793,28.400000000000006
26,2021-03-26 16:48:00,35,M,31.16746095,199.0,67.0,5.9,104,16,Dinner,444.0,73.0,15.0,9.0,6.0,100.0,105.8,dexcom,113.4,4,0,10.428571428571429,97.0,0.7525773195876289,0.15463917525773196,0.09278350515463918,1.7999999999999972
26,2021-03-26 19:36:00,35,M,31.16746095,199.0,67.0,5.9,104,19,Snack,330.0,14.0,4.0,4.0,0.0,100.0,112.0,dexcom,121.0,4,0,14.0,22.0,0.6363636363636364,0.18181818181818182,0.18181818181818182,8.0
26,2021-03-27 09:06:00,35,M,31.16746095,199.0,67.0,5.9,104,9,Breakfast,448.0,66.0,22.0,10.5,0.0,100.0,116.0,dexcom,180.0,5,1,66.0,98.5,0.6700507614213198,0.2233502538071066,0.1065989847715736,12.0
26,2021-03-27 12:28:00,35,M,31.16746095,199.0,67.0,5.9,104,12,Lunch,830.0,92.0,17.0,42.0,10.0,100.0,80.8,dexcom,129.8,5,1,8.363636363636363,151.0,0.609271523178808,0.11258278145695365,0.2781456953642384,-23.200000000000003
26,2021-03-27 16:54:00,35,M,31.16746095,199.0,67.0,5.9,104,16,Snack,110.0,19.0,8.0,0.0,0.0,100.0,114.6,dexcom,134.4,5,1,19.0,27.0,0.7037037037037037,0.2962962962962963,0.0,10.599999999999994
26,2021-03-27 17:14:00,35,M,31.16746095,199.0,67.0,5.9,104,17,Snack,140.0,28.0,2.0,3.0,0.0,100.0,118.4,dexcom,125.8,5,1,28.0,33.0,0.8484848484848485,0.06060606060606061,0.09090909090909091,14.400000000000006
26,2021-03-27 18:06:00,35,M,31.16746095,199.0,67.0,5.9,104,18,Snack,250.0,47.0,10.0,3.0,0.0,100.0,168.0,dexcom,118.0,5,1,47.0,60.0,0.7833333333333333,0.16666666666666666,0.05,64.0
26,2021-03-28 12:28:00,35,M,31.16746095,199.0,67.0,5.9,104,12,Breakfast,608.0,66.0,66.0,10.5,0.0,100.0,126.6,dexcom,125.4,6,1,66.0,142.5,0.4631578947368421,0.4631578947368421,0.07368421052631578,22.599999999999994
26,2021-03-28 12:42:00,35,M,31.16746095,199.0,67.0,5.9,104,12,Lunch,435.0,16.0,66.0,14.0,4.0,100.0,120.0,dexcom,126.8,6,1,3.2,96.0,0.16666666666666666,0.6875,0.14583333333333334,16.0
26,2021-03-28 18:00:00,35,M,31.16746095,199.0,67.0,5.9,104,18,Dinner,371.0,16.0,36.0,16.0,0.0,100.0,116.2,dexcom,143.8,6,1,16.0,68.0,0.23529411764705882,0.5294117647058824,0.23529411764705882,12.200000000000003
26,2021-03-28 22:47:00,35,M,31.16746095,199.0,67.0,5.9,104,22,Snack,320.0,73.0,11.0,1.0,6.0,100.0,127.4,dexcom,162.2,6,1,10.428571428571429,85.0,0.8588235294117647,0.12941176470588237,0.011764705882352941,23.400000000000006
26,2021-03-29 09:44:00,35,M,31.16746095,199.0,67.0,5.9,104,9,Breakfast,712.0,66.0,22.0,42.0,0.0,100.0,122.6,dexcom,151.8,0,0,66.0,130.0,0.5076923076923077,0.16923076923076924,0.3230769230769231,18.599999999999994
26,2021-03-29 13:25:00,35,M,31.16746095,199.0,67.0,5.9,104,13,Lunch,555.0,94.0,12.0,13.0,5.0,100.0,93.0,dexcom,217.0,0,0,15.666666666666666,119.0,0.7899159663865546,0.10084033613445378,0.1092436974789916,-11.0
26,2021-03-29 16:16:00,35,M,31.16746095,199.0,67.0,5.9,104,16,Dinner,526.0,28.0,21.0,9.0,17.0,100.0,206.0,dexcom,143.0,0,0,1.5555555555555556,58.0,0.4827586206896552,0.3620689655172414,0.15517241379310345,102.0
26,2021-03-29 20:49:00,35,M,31.16746095,199.0,67.0,5.9,104,20,Snack,522.0,35.0,33.0,22.0,4.0,100.0,110.4,dexcom,137.4,0,0,7.0,90.0,0.3888888888888889,0.36666666666666664,0.24444444444444444,6.400000000000006
26,2021-03-29 22:30:00,35,M,31.16746095,199.0,67.0,5.9,104,22,Snack,320.0,73.0,11.0,1.0,6.0,100.0,137.8,dexcom,132.2,0,0,10.428571428571429,85.0,0.8588235294117647,0.12941176470588237,0.011764705882352941,33.80000000000001
26,2021-03-30 08:58:00,35,M,31.16746095,199.0,67.0,5.9,104,8,Breakfast,902.0,73.0,66.0,42.0,7.0,100.0,126.4,dexcom,144.4,1,0,9.125,181.0,0.40331491712707185,0.36464088397790057,0.23204419889502761,22.400000000000006
26,2021-03-30 12:19:00,35,M,31.16746095,199.0,67.0,5.9,104,12,Lunch,355.0,19.0,32.0,15.0,5.0,100.0,124.6,dexcom,121.4,1,0,3.1666666666666665,66.0,0.2878787878787879,0.48484848484848486,0.22727272727272727,20.599999999999994
26,2021-03-30 16:09:00,35,M,31.16746095,199.0,67.0,5.9,104,16,Dinner,923.0,118.0,46.0,31.0,15.0,100.0,132.4,dexcom,184.2,1,0,7.375,195.0,0.6051282051282051,0.2358974358974359,0.15897435897435896,28.400000000000006
26,2021-03-31 09:06:00,35,M,31.16746095,199.0,67.0,5.9,104,9,Breakfast,268.0,24.0,22.0,10.5,0.0,100.0,95.6667,libre,91.0,2,0,24.0,56.5,0.4247787610619469,0.3893805309734513,0.18584070796460178,-8.333299999999994
26,2021-03-31 12:43:00,35,M,31.16746095,199.0,67.0,5.9,104,12,Lunch,1110.0,93.0,84.0,44.0,4.0,100.0,76.4,libre,118.6,2,0,18.6,221.0,0.42081447963800905,0.38009049773755654,0.19909502262443438,-27.599999999999994
26,2021-03-31 17:10:00,35,M,31.16746095,199.0,67.0,5.9,104,17,Dinner,410.0,50.0,13.0,15.0,3.0,100.0,81.4,libre,131.2,2,0,12.5,78.0,0.6410256410256411,0.16666666666666666,0.19230769230769232,-22.599999999999994
26,2021-04-01 09:00:00,35,M,31.16746095,199.0,67.0,5.9,104,9,Breakfast,448.0,66.0,22.0,10.5,0.0,100.0,91.9333,libre,121.1333,3,0,66.0,98.5,0.6700507614213198,0.2233502538071066,0.1065989847715736,-12.066699999999997
26,2021-04-01 18:08:00,35,M,31.16746095,199.0,67.0,5.9,104,18,Snack,61.0,35.0,1.0,0.0,23.0,100.0,95.0,dexcom,128.4,3,0,1.4583333333333333,36.0,0.9722222222222222,0.027777777777777776,0.0,-9.0
26,2021-04-01 23:06:00,35,M,31.16746095,199.0,67.0,5.9,104,23,Dinner,1160.0,148.0,42.0,48.0,8.0,100.0,130.4,dexcom,128.4,3,0,16.444444444444443,238.0,0.6218487394957983,0.17647058823529413,0.20168067226890757,26.400000000000006
26,2021-04-02 10:01:00,35,M,31.16746095,199.0,67.0,5.9,104,10,Breakfast,608.0,66.0,66.0,10.5,0.0,100.0,109.2,dexcom,138.0,4,0,66.0,142.5,0.4631578947368421,0.4631578947368421,0.07368421052631578,5.200000000000003
26,2021-04-02 13:40:00,35,M,31.16746095,199.0,67.0,5.9,104,13,Lunch,585.0,40.0,76.0,17.0,13.0,100.0,112.0,dexcom,117.0,4,0,2.857142857142857,133.0,0.3007518796992481,0.5714285714285714,0.12781954887218044,8.0
26,2021-04-02 16:18:00,35,M,31.16746095,199.0,67.0,5.9,104,16,Dinner,884.0,137.0,53.0,20.0,6.0,100.0,118.4,dexcom,139.4,4,0,19.571428571428573,210.0,0.6523809523809524,0.2523809523809524,0.09523809523809523,14.400000000000006
26,2021-04-03 10:00:00,35,M,31.16746095,199.0,67.0,5.9,104,10,Breakfast,712.0,66.0,22.0,42.0,0.0,100.0,140.0,dexcom,182.6,5,1,66.0,130.0,0.5076923076923077,0.16923076923076924,0.3230769230769231,36.0
26,2021-04-03 14:00:00,35,M,31.16746095,199.0,67.0,5.9,104,14,Lunch,445.0,43.0,20.0,20.0,13.0,100.0,120.4,dexcom,136.0,5,1,3.0714285714285716,83.0,0.5180722891566265,0.24096385542168675,0.24096385542168675,16.400000000000006
26,2021-04-03 17:00:00,35,M,31.16746095,199.0,67.0,5.9,104,17,Dinner,990.0,112.0,38.0,46.0,8.0,100.0,147.6,dexcom,130.0,5,1,12.444444444444445,196.0,0.5714285714285714,0.19387755102040816,0.23469387755102042,43.599999999999994
26,2021-04-04 10:19:00,35,M,31.16746095,199.0,67.0,5.9,104,10,Breakfast,268.0,24.0,22.0,10.5,0.0,100.0,129.6,dexcom,128.2,6,1,24.0,56.5,0.4247787610619469,0.3893805309734513,0.18584070796460178,25.599999999999994
26,2021-04-04 12:51:00,35,M,31.16746095,199.0,67.0,5.9,104,12,Lunch,725.0,94.0,44.0,20.0,4.0,100.0,122.0,dexcom,165.6,6,1,18.8,158.0,0.5949367088607594,0.27848101265822783,0.12658227848101267,18.0
26,2021-04-04 17:00:00,35,M,31.16746095,199.0,67.0,5.9,104,17,Dinner,337.0,4.0,36.0,20.0,0.0,100.0,117.2,dexcom,161.8,6,1,4.0,60.0,0.06666666666666667,0.6,0.3333333333333333,13.200000000000003
26,2021-04-05 11:49:00,35,M,31.16746095,199.0,67.0,5.9,104,11,Breakfast,902.0,73.0,22.0,42.0,7.0,100.0,135.2,dexcom,185.4,0,0,9.125,137.0,0.5328467153284672,0.16058394160583941,0.30656934306569344,31.19999999999999
27,2024-06-10 13:30:00,24,F,27.12665446,173.2,67.0,4.7,90,13,Lunch,1180.0,81.0,88.0,54.5,18.0,100.0,82.6,dexcom,133.0,0,0,4.2631578947368425,223.5,0.3624161073825503,0.39373601789709173,0.24384787472035793,-7.400000000000006
27,2024-06-10 20:15:00,24,F,27.12665446,173.2,67.0,4.7,90,20,Dinner,345.0,70.0,10.0,5.0,8.0,100.0,113.8,dexcom,110.0,0,0,7.777777777777778,85.0,0.8235294117647058,0.11764705882352941,0.058823529411764705,23.799999999999997
27,2024-06-11 08:45:00,24,F,27.12665446,173.2,67.0,4.7,90,8,Breakfast,448.0,66.0,22.0,10.5,0.0,100.0,119.8,dexcom,144.0,1,0,66.0,98.5,0.6700507614213198,0.2233502538071066,0.1065989847715736,29.799999999999997
27,2024-06-11 12:45:00,24,F,27.12665446,173.2,67.0,4.7,90,12,Lunch,830.0,92.0,17.0,42.0,10.0,100.0,105.8,dexcom,153.8,1,0,8.363636363636363,151.0,0.609271523178808,0.11258278145695365,0.2781456953642384,15.799999999999997
27,2024-06-11 18:38:00,24,F,27.12665446,173.2,67.0,4.7,90,18,Dinner,1088.0,119.0,57.0,43.0,8.0,100.0,116.0,dexcom,129.0,1,0,13.222222222222221,219.0,0.54337899543379,0.2602739726027397,0.1963470319634703,26.0
27,2024-06-11 23:58:00,24,F,27.12665446,173.2,67.0,4.7,90,23,Snack,0.0,0.0,0.0,0.0,0.0,100.0,104.0,dexcom,90.0,1,0,0.0,0.0,0.0,0.0,0.0,14.0
27,2024-06-12 08:30:00,24,F,27.12665446,173.2,67.0,4.7,90,8,Breakfast,608.0,66.0,66.0,10.5,0.0,100.0,117.4,dexcom,137.4,2,0,66.0,142.5,0.4631578947368421,0.4631578947368421,0.07368421052631578,27.400000000000006
27,2024-06-12 13:34:00,24,F,27.12665446,173.2,67.0,4.7,90,13,Lunch,435.0,16.0,66.0,14.0,4.0,100.0,115.8,dexcom,125.2,2,0,3.2,96.0,0.16666666666666666,0.6875,0.14583333333333334,25.799999999999997
27,2024-06-12 21:04:00,24,F,27.12665446,173.2,67.0,4.7,90,21,Dinner,409.0,66.0,10.0,15.0,4.0,100.0,110.6,dexcom,140.4,2,0,13.2,91.0,0.7252747252747253,0.10989010989010989,0.16483516483516483,20.599999999999994
27,2024-06-13 09:20:00,24,F,27.12665446,173.2,67.0,4.7,90,9,Breakfast,712.0,66.0,22.0,42.0,0.0,100.0,118.4,dexcom,141.6,3,0,66.0,130.0,0.5076923076923077,0.16923076923076924,0.3230769230769231,28.400000000000006
27,2024-06-13 15:30:00,24,F,27.12665446,173.2,67.0,4.7,90,15,Lunch,555.0,94.0,12.0,13.0,5.0,100.0,113.6,dexcom,242.2,3,0,15.666666666666666,119.0,0.7899159663865546,0.10084033613445378,0.1092436974789916,23.599999999999994
27,2024-06-13 19:45:00,24,F,27.12665446,173.2,67.0,4.7,90,19,Dinner,779.0,136.0,24.0,35.0,6.0,100.0,119.6,dexcom,154.0,3,0,19.428571428571427,195.0,0.6974358974358974,0.12307692307692308,0.1794871794871795,29.599999999999994
27,2024-06-14 09:33:00,24,F,27.12665446,173.2,67.0,4.7,90,9,Breakfast,902.0,73.0,66.0,42.0,7.0,100.0,125.0,dexcom,136.0,4,0,9.125,181.0,0.40331491712707185,0.36464088397790057,0.23204419889502761,35.0
27,2024-06-14 14:00:00,24,F,27.12665446,173.2,67.0,4.7,90,14,Lunch,355.0,19.0,32.0,15.0,5.0,100.0,137.2,dexcom,128.6,4,0,3.1666666666666665,66.0,0.2878787878787879,0.48484848484848486,0.22727272727272727,47.19999999999999
27,2024-06-14 22:00:00,24,F,27.12665446,173.2,67.0,4.7,90,22,Dinner,220.0,28.0,12.0,8.0,1.0,100.0,109.4,dexcom,131.6,4,0,14.0,48.0,0.5833333333333334,0.25,0.16666666666666666,19.400000000000006
27,2024-06-15 10:10:00,24,F,27.12665446,173.2,67.0,4.7,90,10,Breakfast,268.0,24.0,22.0,10.5,0.0,100.0,118.6,dexcom,126.2,5,1,24.0,56.5,0.4247787610619469,0.3893805309734513,0.18584070796460178,28.599999999999994
27,2024-06-15 13:40:00,24,F,27.12665446,173.2,67.0,4.7,90,13,Lunch,1110.0,93.0,84.0,44.0,4.0,100.0,121.0,dexcom,191.8,5,1,18.6,221.0,0.42081447963800905,0.38009049773755654,0.19909502262443438,31.0
27,2024-06-15 17:36:00,24,F,27.12665446,173.2,67.0,4.7,90,17,Snack,0.0,0.0,0.0,0.0,0.0,100.0,139.6,dexcom,139.2,5,1,0.0,0.0,0.0,0.0,0.0,49.599999999999994
27,2024-06-15 17:41:00,24,F,27.12665446,173.2,67.0,4.7,90,17,Snack,130.0,23.0,2.0,5.0,2.0,100.0,140.6,dexcom,141.2,5,1,7.666666666666667,30.0,0.7666666666666667,0.06666666666666667,0.16666666666666666,50.599999999999994
27,2024-06-16 10:15:00,24,F,27.12665446,173.2,67.0,4.7,90,10,Breakfast,448.0,66.0,22.0,10.5,0.0,100.0,117.8,dexcom,120.0,6,1,66.0,98.5,0.6700507614213198,0.2233502538071066,0.1065989847715736,27.799999999999997
27,2024-06-16 14:00:00,24,F,27.12665446,173.2,67.0,4.7,90,14,Lunch,575.0,76.0,22.0,18.5,11.0,100.0,104.2,dexcom,121.6,6,1,6.333333333333333,116.5,0.6523605150214592,0.1888412017167382,0.15879828326180256,14.200000000000003
27,2024-06-16 20:00:00,24,F,27.12665446,173.2,67.0,4.7,90,20,Dinner,507.0,97.0,12.0,10.0,10.0,100.0,115.0,dexcom,170.0,6,1,8.818181818181818,119.0,0.8151260504201681,0.10084033613445378,0.08403361344537816,25.0
27,2024-06-16 22:07:00,24,F,27.12665446,173.2,67.0,4.7,90,22,Snack,174.0,29.0,3.0,6.0,13.0,100.0,163.0,dexcom,147.4,6,1,2.0714285714285716,38.0,0.7631578947368421,0.07894736842105263,0.15789473684210525,73.0
27,2024-06-17 08:15:00,24,F,27.12665446,173.2,67.0,4.7,90,8,Breakfast,608.0,66.0,66.0,10.5,0.0,100.0,117.0,dexcom,115.2,0,0,66.0,142.5,0.4631578947368421,0.4631578947368421,0.07368421052631578,27.0
27,2024-06-17 13:11:00,24,F,27.12665446,173.2,67.0,4.7,90,13,Lunch,585.0,40.0,76.0,17.0,13.0,100.0,107.8,dexcom,128.4,0,0,2.857142857142857,133.0,0.3007518796992481,0.5714285714285714,0.12781954887218044,17.799999999999997
27,2024-06-17 18:04:00,24,F,27.12665446,173.2,67.0,4.7,90,18,Snack,174.0,29.0,3.0,6.0,13.0,100.0,123.2,dexcom,161.6,0,0,2.0714285714285716,38.0,0.7631578947368421,0.07894736842105263,0.15789473684210525,33.2
27,2024-06-17 19:02:00,24,F,27.12665446,173.2,67.0,4.7,90,19,Dinner,632.0,69.0,14.0,26.0,17.0,100.0,133.4,dexcom,165.6,0,0,3.8333333333333335,109.0,0.6330275229357798,0.12844036697247707,0.23853211009174313,43.400000000000006
27,2024-06-18 09:20:00,24,F,27.12665446,173.2,67.0,4.7,90,9,Breakfast,712.0,66.0,22.0,42.0,0.0,100.0,121.6,dexcom,161.8,1,0,66.0,130.0,0.5076923076923077,0.16923076923076924,0.3230769230769231,31.599999999999994
27,2024-06-18 12:45:00,24,F,27.12665446,173.2,67.0,4.7,90,12,Lunch,445.0,43.0,20.0,20.0,13.0,100.0,152.2,dexcom,128.6,1,0,3.0714285714285716,83.0,0.5180722891566265,0.24096385542168675,0.24096385542168675,62.19999999999999
27,2024-06-18 18:38:00,24,F,27.12665446,173.2,67.0,4.7,90,18,Dinner,230.0,24.0,11.0,11.0,2.0,100.0,117.0,dexcom,179.0,1,0,8.0,46.0,0.5217391304347826,0.2391304347826087,0.2391304347826087,27.0
27,2024-06-19 10:11:00,24,F,27.12665446,173.2,67.0,4.7,90,10,Breakfast,268.0,24.0,22.0,10.5,0.0,100.0,127.4,dexcom,135.4,2,0,24.0,56.5,0.4247787610619469,0.3893805309734513,0.18584070796460178,37.400000000000006
27,2024-06-19 13:40:00,24,F,27.12665446,173.2,67.0,4.7,90,13,Lunch,725.0,94.0,44.0,20.0,4.0,100.0,118.2,dexcom,156.6,2,0,18.8,158.0,0.5949367088607594,0.27848101265822783,0.12658227848101267,28.200000000000003
27,2024-06-19 18:03:00,24,F,27.12665446,173.2,67.0,4.7,90,18,Snack,24.0,5.0,0.0,1.0,0.0,100.0,124.0,dexcom,143.0,2,0,5.0,6.0,0.8333333333333334,0.0,0.16666666666666666,34.0
27,2024-06-19 18:45:00,24,F,27.12665446,173.2,67.0,4.7,90,18,Dinner,757.0,69.0,39.0,38.0,3.0,100.0,114.2,dexcom,153.0,2,0,17.25,146.0,0.4726027397260274,0.2671232876712329,0.2602739726027397,24.200000000000003
27,2024-06-19 19:01:00,24,F,27.12665446,173.2,67.0,4.7,90,19,Dinner,0.0,0.0,0.0,0.0,0.0,100.0,112.2,dexcom,131.8,2,0,0.0,0.0,0.0,0.0,0.0,22.200000000000003
27,2024-06-20 08:35:00,24,F,27.12665446,173.2,67.0,4.7,90,8,Breakfast,902.0,73.0,22.0,42.0,7.0,100.0,76.2,libre,86.9333,3,0,9.125,137.0,0.5328467153284672,0.16058394160583941,0.30656934306569344,-13.799999999999997
28,2023-11-28 12:40:00,59,F,39.99681457,204.8,60.0,7.0,131,12,Lunch,1180.0,81.0,88.0,54.5,18.0,,113.4,dexcom,156.6,1,0,4.2631578947368425,223.5,0.3624161073825503,0.39373601789709173,0.24384787472035793,-17.599999999999994
28,2023-11-28 19:13:00,59,F,39.99681457,204.8,60.0,7.0,131,19,Dinner,121.0,3.0,25.0,0.0,0.0,,135.4,dexcom,126.6,1,0,3.0,28.0,0.10714285714285714,0.8928571428571429,0.0,4.400000000000006
28,2023-11-28 21:45:00,59,F,39.99681457,204.8,60.0,7.0,131,21,Snack,105.0,27.0,1.0,0.0,4.0,,133.2,dexcom,134.4,1,0,5.4,28.0,0.9642857142857143,0.03571428571428571,0.0,2.1999999999999886
28,2023-11-29 09:04:00,59,F,39.99681457,204.8,60.0,7.0,131,9,Breakfast,448.0,66.0,22.0,10.5,0.0,,147.8,dexcom,193.2,2,0,66.0,98.5,0.6700507614213198,0.2233502538071066,0.1065989847715736,16.80000000000001
28,2023-11-29 12:51:00,59,F,39.99681457,204.8,60.0,7.0,131,12,Lunch,830.0,92.0,17.0,42.0,10.0,,95.0,dexcom,132.0,2,0,8.363636363636363,151.0,0.609271523178808,0.11258278145695365,0.2781456953642384,-36.0
28,2023-11-29 16:33:00,59,F,39.99681457,204.8,60.0,7.0,131,16,Snack,132.0,23.0,8.0,0.0,1.0,,132.6,dexcom,177.2,2,0,11.5,31.0,0.7419354838709677,0.25806451612903225,0.0,1.5999999999999943
28,2023-11-29 18:58:00,59,F,39.99681457,204.8,60.0,7.0,131,18,Dinner,352.0,42.0,20.0,12.0,5.0,,155.2,dexcom,194.6,2,0,7.0,74.0,0.5675675675675675,0.2702702702702703,0.16216216216216217,24.19999999999999
28,2023-11-30 09:25:00,59,F,39.99681457,204.8,60.0,7.0,131,9,Breakfast,608.0,66.0,66.0,10.5,0.0,,144.0,dexcom,165.2,3,0,66.0,142.5,0.4631578947368421,0.4631578947368421,0.07368421052631578,13.0
28,2023-11-30 12:40:00,59,F,39.99681457,204.8,60.0,7.0,131,12,Lunch,435.0,16.0,66.0,14.0,4.0,,142.0,dexcom,109.6,3,0,3.2,96.0,0.16666666666666666,0.6875,0.14583333333333334,11.0
28,2023-11-30 18:53:00,59,F,39.99681457,204.8,60.0,7.0,131,18,Dinner,601.0,39.0,27.0,33.0,0.0,,133.6,dexcom,180.6,3,0,39.0,99.0,0.3939393939393939,0.2727272727272727,0.3333333333333333,2.5999999999999943
28,2023-12-01 09:12:00,59,F,39.99681457,204.8,60.0,7.0,131,9,Breakfast,712.0,66.0,22.0,42.0,0.0,,142.0,dexcom,194.2,4,0,66.0,130.0,0.5076923076923077,0.16923076923076924,0.3230769230769231,11.0
28,2023-12-01 12:29:00,59,F,39.99681457,204.8,60.0,7.0,131,12,Lunch,555.0,94.0,12.0,13.0,5.0,,116.4,dexcom,135.8,4,0,15.666666666666666,119.0,0.7899159663865546,0.10084033613445378,0.1092436974789916,-14.599999999999994
28,2023-12-01 19:53:00,59,F,39.99681457,204.8,60.0,7.0,131,19,Dinner,400.0,63.0,22.0,8.0,10.0,,137.4,dexcom,247.2,4,0,5.7272727272727275,93.0,0.6774193548387096,0.23655913978494625,0.08602150537634409,6.400000000000006
28,2023-12-02 08:59:00,59,F,39.99681457,204.8,60.0,7.0,131,8,Breakfast,902.0,73.0,66.0,42.0,7.0,,145.4,dexcom,165.4,5,1,9.125,181.0,0.40331491712707185,0.36464088397790057,0.23204419889502761,14.400000000000006
28,2023-12-02 12:51:00,59,F,39.99681457,204.8,60.0,7.0,131,12,Lunch,355.0,19.0,32.0,15.0,5.0,,161.0,dexcom,130.0,5,1,3.1666666666666665,66.0,0.2878787878787879,0.48484848484848486,0.22727272727272727,30.0
28,2023-12-02 18:09:00,59,F,39.99681457,204.8,60.0,7.0,131,18,Snack,212.0,53.0,2.0,1.0,12.0,,152.2,dexcom,182.6,5,1,4.076923076923077,56.0,0.9464285714285714,0.03571428571428571,0.017857142857142856,21.19999999999999
28,2023-12-02 19:52:00,59,F,39.99681457,204.8,60.0,7.0,131,19,Dinner,301.0,7.0,41.0,12.0,2.0,,189.6,dexcom,197.2,5,1,2.3333333333333335,60.0,0.11666666666666667,0.6833333333333333,0.2,58.599999999999994
28,2023-12-03 09:38:00,59,F,39.99681457,204.8,60.0,7.0,131,9,Breakfast,268.0,24.0,22.0,10.5,0.0,,138.8,dexcom,124.8,6,1,24.0,56.5,0.4247787610619469,0.3893805309734513,0.18584070796460178,7.800000000000011
28,2023-12-03 12:23:00,59,F,39.99681457,204.8,60.0,7.0,131,12,Lunch,1110.0,93.0,84.0,44.0,4.0,,121.4,dexcom,167.2,6,1,18.6,221.0,0.42081447963800905,0.38009049773755654,0.19909502262443438,-9.599999999999994
28,2023-12-03 18:47:00,59,F,39.99681457,204.8,60.0,7.0,131,18,Dinner,360.0,40.0,14.0,16.0,2.0,,165.2,dexcom,174.8,6,1,13.333333333333334,70.0,0.5714285714285714,0.2,0.22857142857142856,34.19999999999999
28,2023-12-04 09:11:00,59,F,39.99681457,204.8,60.0,7.0,131,9,Breakfast,448.0,66.0,22.0,10.5,0.0,,145.0,dexcom,177.0,0,0,66.0,98.5,0.6700507614213198,0.2233502538071066,0.1065989847715736,14.0
28,2023-12-04 13:01:00,59,F,39.99681457,204.8,60.0,7.0,131,13,Lunch,575.0,76.0,22.0,18.5,11.0,,112.0,dexcom,150.0,0,0,6.333333333333333,116.5,0.6523605150214592,0.1888412017167382,0.15879828326180256,-19.0
28,2023-12-04 19:56:00,59,F,39.99681457,204.8,60.0,7.0,131,19,Dinner,565.0,84.0,35.0,10.0,10.0,,139.0,dexcom,208.0,0,0,7.636363636363637,129.0,0.6511627906976745,0.2713178294573643,0.07751937984496124,8.0
28,2023-12-05 09:45:00,59,F,39.99681457,204.8,60.0,7.0,131,9,Breakfast,608.0,66.0,66.0,10.5,0.0,,110.6,dexcom,152.6,1,0,66.0,142.5,0.4631578947368421,0.4631578947368421,0.07368421052631578,-20.400000000000006
28,2023-12-05 12:30:00,59,F,39.99681457,204.8,60.0,7.0,131,12,Lunch,585.0,40.0,76.0,17.0,13.0,,145.4,dexcom,126.8,1,0,2.857142857142857,133.0,0.3007518796992481,0.5714285714285714,0.12781954887218044,14.400000000000006
28,2023-12-05 16:16:00,59,F,39.99681457,204.8,60.0,7.0,131,16,Snack,601.0,39.0,27.0,33.0,0.0,,112.0,dexcom,174.0,1,0,39.0,99.0,0.3939393939393939,0.2727272727272727,0.3333333333333333,-19.0
28,2023-12-05 20:39:00,59,F,39.99681457,204.8,60.0,7.0,131,20,Dinner,1282.0,8.0,58.0,90.0,0.0,,135.6,dexcom,177.2,1,0,8.0,156.0,0.05128205128205128,0.3717948717948718,0.5769230769230769,4.599999999999994
28,2023-12-06 08:59:00,59,F,39.99681457,204.8,60.0,7.0,131,8,Breakfast,712.0,66.0,22.0,42.0,0.0,,144.0,dexcom,201.2,2,0,66.0,130.0,0.5076923076923077,0.16923076923076924,0.3230769230769231,13.0
28,2023-12-06 12:39:00,59,F,39.99681457,204.8,60.0,7.0,131,12,Lunch,445.0,43.0,20.0,20.0,13.0,,116.8,dexcom,138.2,2,0,3.0714285714285716,83.0,0.5180722891566265,0.24096385542168675,0.24096385542168675,-14.200000000000003
28,2023-12-06 20:10:00,59,F,39.99681457,204.8,60.0,7.0,131,20,Dinner,1002.0,117.0,63.0,32.0,16.0,,160.4,dexcom,180.6,2,0,6.882352941176471,212.0,0.5518867924528302,0.2971698113207547,0.1509433962264151,29.400000000000006
28,2023-12-07 09:33:00,59,F,39.99681457,204.8,60.0,7.0,131,9,Breakfast,268.0,24.0,22.0,10.5,0.0,,113.8667,libre,97.3333,3,0,24.0,56.5,0.4247787610619469,0.3893805309734513,0.18584070796460178,-17.133300000000006
28,2023-12-07 12:33:00,59,F,39.99681457,204.8,60.0,7.0,131,12,Lunch,725.0,94.0,44.0,20.0,4.0,,121.2,dexcom,199.2,3,0,18.8,158.0,0.5949367088607594,0.27848101265822783,0.12658227848101267,-9.799999999999997
28,2023-12-07 20:45:00,59,F,39.99681457,204.8,60.0,7.0,131,20,Dinner,539.0,74.0,32.0,13.0,11.0,,153.8,dexcom,181.6,3,0,6.166666666666667,119.0,0.6218487394957983,0.2689075630252101,0.1092436974789916,22.80000000000001
28,2023-12-08 09:33:00,59,F,39.99681457,204.8,60.0,7.0,131,9,Breakfast,902.0,73.0,22.0,42.0,7.0,,130.1333,libre,143.0667,4,0,9.125,137.0,0.5328467153284672,0.16058394160583941,0.30656934306569344,-0.8667000000000087
29,2024-01-17 12:06:00,52,M,29.51764915,164.0,62.5,6.1,136,12,Lunch,1180.0,81.0,88.0,54.5,18.0,,112.0,dexcom,156.0,2,0,4.2631578947368425,223.5,0.3624161073825503,0.39373601789709173,0.24384787472035793,-24.0
29,2024-01-17 17:22:00,52,M,29.51764915,164.0,62.5,6.1,136,17,Dinner,615.0,84.0,22.0,19.0,3.0,,115.2,dexcom,167.8,2,0,21.0,125.0,0.672,0.176,0.152,-20.799999999999997
29,2024-01-18 05:44:00,52,M,29.51764915,164.0,62.5,6.1,136,5,Breakfast,448.0,66.0,22.0,10.5,0.0,,134.8,dexcom,157.2,3,0,66.0,98.5,0.6700507614213198,0.2233502538071066,0.1065989847715736,-1.1999999999999886
29,2024-01-18 11:56:00,52,M,29.51764915,164.0,62.5,6.1,136,11,Lunch,830.0,92.0,17.0,42.0,10.0,,118.0,dexcom,148.0,3,0,8.363636363636363,151.0,0.609271523178808,0.11258278145695365,0.2781456953642384,-18.0
29,2024-01-18 17:04:00,52,M,29.51764915,164.0,62.5,6.1,136,17,Dinner,484.0,40.0,26.0,25.0,4.0,,110.0,dexcom,134.2,3,0,8.0,91.0,0.43956043956043955,0.2857142857142857,0.27472527472527475,-26.0
29,2024-01-19 06:18:00,52,M,29.51764915,164.0,62.5,6.1,136,6,Breakfast,608.0,66.0,66.0,10.5,0.0,,120.0,dexcom,133.0,4,0,66.0,142.5,0.4631578947368421,0.4631578947368421,0.07368421052631578,-16.0
29,2024-01-19 11:38:00,52,M,29.51764915,164.0,62.5,6.1,136,11,Lunch,435.0,16.0,66.0,14.0,4.0,,107.2,dexcom,108.2,4,0,3.2,96.0,0.16666666666666666,0.6875,0.14583333333333334,-28.799999999999997
29,2024-01-19 16:20:00,52,M,29.51764915,164.0,62.5,6.1,136,16,Dinner,404.0,62.0,21.0,7.0,3.0,,113.2,dexcom,131.0,4,0,15.5,90.0,0.6888888888888889,0.23333333333333334,0.07777777777777778,-22.799999999999997
29,2024-01-20 06:22:00,52,M,29.51764915,164.0,62.5,6.1,136,6,Breakfast,712.0,66.0,22.0,42.0,0.0,,126.4,dexcom,167.2,5,1,66.0,130.0,0.5076923076923077,0.16923076923076924,0.3230769230769231,-9.599999999999994
29,2024-01-20 11:53:00,52,M,29.51764915,164.0,62.5,6.1,136,11,Lunch,555.0,94.0,12.0,13.0,5.0,,94.0,dexcom,207.6,5,1,15.666666666666666,119.0,0.7899159663865546,0.10084033613445378,0.1092436974789916,-42.0
29,2024-01-20 17:19:00,52,M,29.51764915,164.0,62.5,6.1,136,17,Dinner,884.0,95.0,43.0,40.0,7.0,,89.0,dexcom,149.6,5,1,11.875,178.0,0.5337078651685393,0.24157303370786518,0.2247191011235955,-47.0
29,2024-01-21 06:30:00,52,M,29.51764915,164.0,62.5,6.1,136,6,Breakfast,902.0,73.0,66.0,42.0,7.0,,126.6,dexcom,155.0,6,1,9.125,181.0,0.40331491712707185,0.36464088397790057,0.23204419889502761,-9.400000000000006
29,2024-01-21 11:55:00,52,M,29.51764915,164.0,62.5,6.1,136,11,Lunch,355.0,19.0,32.0,15.0,5.0,,101.0,dexcom,110.8,6,1,3.1666666666666665,66.0,0.2878787878787879,0.48484848484848486,0.22727272727272727,-35.0
29,2024-01-21 17:37:00,52,M,29.51764915,164.0,62.5,6.1,136,17,Dinner,590.0,46.0,22.0,32.0,6.0,,99.8,dexcom,120.8,6,1,6.571428571428571,100.0,0.46,0.22,0.32,-36.2
29,2024-01-22 05:40:00,52,M,29.51764915,164.0,62.5,6.1,136,5,Breakfast,268.0,24.0,22.0,10.5,0.0,,117.4,dexcom,124.8,0,0,24.0,56.5,0.4247787610619469,0.3893805309734513,0.18584070796460178,-18.599999999999994
29,2024-01-22 11:40:00,52,M,29.51764915,164.0,62.5,6.1,136,11,Lunch,1110.0,93.0,84.0,44.0,4.0,,111.4,dexcom,144.2,0,0,18.6,221.0,0.42081447963800905,0.38009049773755654,0.19909502262443438,-24.599999999999994
29,2024-01-22 17:35:00,52,M,29.51764915,164.0,62.5,6.1,136,17,Dinner,578.0,81.0,21.0,20.0,1.0,,110.0,dexcom,146.6,0,0,40.5,122.0,0.6639344262295082,0.1721311475409836,0.16393442622950818,-26.0
29,2024-01-23 05:57:00,52,M,29.51764915,164.0,62.5,6.1,136,5,Breakfast,448.0,66.0,22.0,10.5,0.0,,97.6,dexcom,118.4,1,0,66.0,98.5,0.6700507614213198,0.2233502538071066,0.1065989847715736,-38.400000000000006
29,2024-01-23 11:41:00,52,M,29.51764915,164.0,62.5,6.1,136,11,Lunch,575.0,76.0,22.0,18.5,11.0,,102.0,dexcom,146.0,1,0,6.333333333333333,116.5,0.6523605150214592,0.1888412017167382,0.15879828326180256,-34.0
29,2024-01-23 17:36:00,52,M,29.51764915,164.0,62.5,6.1,136,17,Dinner,741.0,135.0,42.0,7.0,15.0,,107.0,dexcom,135.0,1,0,8.4375,184.0,0.7336956521739131,0.22826086956521738,0.03804347826086957,-29.0
29,2024-01-24 06:19:00,52,M,29.51764915,164.0,62.5,6.1,136,6,Breakfast,608.0,66.0,66.0,10.5,0.0,,106.8,dexcom,120.8,2,0,66.0,142.5,0.4631578947368421,0.4631578947368421,0.07368421052631578,-29.200000000000003
29,2024-01-24 11:39:00,52,M,29.51764915,164.0,62.5,6.1,136,11,Lunch,585.0,40.0,76.0,17.0,13.0,,96.4,dexcom,104.4,2,0,2.857142857142857,133.0,0.3007518796992481,0.5714285714285714,0.12781954887218044,-39.599999999999994
29,2024-01-24 16:00:00,52,M,29.51764915,164.0,62.5,6.1,136,16,Dinner,550.0,35.0,20.0,12.0,0.0,,102.8,dexcom,117.2,2,0,35.0,67.0,0.5223880597014925,0.29850746268656714,0.1791044776119403,-33.2
29,2024-01-25 05:51:00,52,M,29.51764915,164.0,62.5,6.1,136,5,Breakfast,712.0,66.0,22.0,42.0,0.0,,104.0,dexcom,126.0,3,0,66.0,130.0,0.5076923076923077,0.16923076923076924,0.3230769230769231,-32.0
29,2024-01-25 11:39:00,52,M,29.51764915,164.0,62.5,6.1,136,11,Lunch,445.0,43.0,20.0,20.0,13.0,,92.0,dexcom,112.8,3,0,3.0714285714285716,83.0,0.5180722891566265,0.24096385542168675,0.24096385542168675,-44.0
29,2024-01-25 16:34:00,52,M,29.51764915,164.0,62.5,6.1,136,16,Dinner,900.0,105.0,38.0,38.0,6.0,,104.0,dexcom,118.2,3,0,15.0,181.0,0.580110497237569,0.20994475138121546,0.20994475138121546,-32.0
29,2024-01-26 05:37:00,52,M,29.51764915,164.0,62.5,6.1,136,5,Breakfast,268.0,24.0,22.0,10.5,0.0,,108.6,dexcom,113.2,4,0,24.0,56.5,0.4247787610619469,0.3893805309734513,0.18584070796460178,-27.400000000000006
29,2024-01-26 11:39:00,52,M,29.51764915,164.0,62.5,6.1,136,11,Lunch,725.0,94.0,44.0,20.0,4.0,,103.0,dexcom,137.6,4,0,18.8,158.0,0.5949367088607594,0.27848101265822783,0.12658227848101267,-33.0
29,2024-01-26 18:13:00,52,M,29.51764915,164.0,62.5,6.1,136,18,Dinner,232.0,27.0,22.0,4.0,5.0,,101.6,dexcom,131.2,4,0,4.5,53.0,0.5094339622641509,0.41509433962264153,0.07547169811320754,-34.400000000000006
29,2024-01-27 06:31:00,52,M,29.51764915,164.0,62.5,6.1,136,6,Breakfast,902.0,73.0,22.0,42.0,7.0,,97.8,libre,117.8,5,1,9.125,137.0,0.5328467153284672,0.16058394160583941,0.30656934306569344,-38.2
30,2021-01-23 11:24:00,60,F,34.01032548,180.0,61.0,7.6,195,11,Lunch,1180.0,81.0,88.0,54.5,18.0,1.0,174.0,dexcom,144.0,5,1,4.2631578947368425,223.5,0.3624161073825503,0.39373601789709173,0.24384787472035793,-21.0
30,2021-01-23 17:36:00,60,F,34.01032548,180.0,61.0,7.6,195,17,Dinner,0.0,0.0,0.0,0.0,0.0,0.0,149.0,dexcom,186.0,5,1,0.0,0.0,0.0,0.0,0.0,-46.0
30,2021-01-24 11:48:00,60,F,34.01032548,180.0,61.0,7.6,195,11,Lunch,830.0,92.0,17.0,42.0,10.0,1.0,141.4,dexcom,115.4,6,1,8.363636363636363,151.0,0.609271523178808,0.11258278145695365,0.2781456953642384,-53.599999999999994
30,2021-01-24 18:04:00,60,F,34.01032548,180.0,61.0,7.6,195,18,Dinner,505.0,36.0,18.0,35.0,12.0,3.0,155.0,dexcom,191.0,6,1,2.769230769230769,89.0,0.4044943820224719,0.20224719101123595,0.39325842696629215,-40.0
30,2021-01-25 07:57:00,60,F,34.01032548,180.0,61.0,7.6,195,7,Breakfast,608.0,66.0,66.0,10.5,0.0,1.0,188.8,dexcom,334.0,0,0,66.0,142.5,0.4631578947368421,0.4631578947368421,0.07368421052631578,-6.199999999999989
30,2021-01-25 11:44:00,60,F,34.01032548,180.0,61.0,7.6,195,11,Lunch,435.0,16.0,66.0,14.0,4.0,0.75,163.0,dexcom,104.0,0,0,3.2,96.0,0.16666666666666666,0.6875,0.14583333333333334,-32.0
30,2021-01-25 18:05:00,60,F,34.01032548,180.0,61.0,7.6,195,18,Dinner,655.0,53.0,16.0,46.0,10.0,9.0,117.0,dexcom,259.4,0,0,4.818181818181818,115.0,0.4608695652173913,0.1391304347826087,0.4,-78.0
30,2021-01-26 07:55:00,60,F,34.01032548,180.0,61.0,7.6,195,7,Breakfast,712.0,66.0,22.0,42.0,0.0,1.0,160.0,dexcom,400.0,1,0,66.0,130.0,0.5076923076923077,0.16923076923076924,0.3230769230769231,-35.0
30,2021-01-26 13:14:00,60,F,34.01032548,180.0,61.0,7.6,195,13,Lunch,555.0,94.0,12.0,13.0,5.0,1.0,98.0,dexcom,241.0,1,0,15.666666666666666,119.0,0.7899159663865546,0.10084033613445378,0.1092436974789916,-97.0
30,2021-01-26 18:30:00,60,F,34.01032548,180.0,61.0,7.6,195,18,Dinner,301.0,21.0,16.0,19.0,11.0,3.0,157.0,dexcom,158.8,1,0,1.75,56.0,0.375,0.2857142857142857,0.3392857142857143,-38.0
30,2021-01-27 11:57:00,60,F,34.01032548,180.0,61.0,7.6,195,11,Lunch,355.0,19.0,32.0,15.0,5.0,1.0,218.0,dexcom,144.0,2,0,3.1666666666666665,66.0,0.2878787878787879,0.48484848484848486,0.22727272727272727,23.0
30,2021-01-27 17:40:00,60,F,34.01032548,180.0,61.0,7.6,195,17,Dinner,663.0,48.0,64.0,9.0,11.0,4.0,173.6,dexcom,286.2,2,0,4.0,121.0,0.39669421487603307,0.5289256198347108,0.0743801652892562,-21.400000000000006
30,2021-01-28 07:31:00,60,F,34.01032548,180.0,61.0,7.6,195,7,Breakfast,268.0,24.0,22.0,10.5,0.0,1.0,138.4,dexcom,231.8,3,0,24.0,56.5,0.4247787610619469,0.3893805309734513,0.18584070796460178,-56.599999999999994
30,2021-01-28 11:48:00,60,F,34.01032548,180.0,61.0,7.6,195,11,Lunch,1110.0,93.0,84.0,44.0,4.0,1.0,124.4,dexcom,179.2,3,0,18.6,221.0,0.42081447963800905,0.38009049773755654,0.19909502262443438,-70.6
30,2021-01-28 18:22:00,60,F,34.01032548,180.0,61.0,7.6,195,18,Dinner,303.0,47.0,6.0,2.0,6.0,4.0,134.4,dexcom,228.6,3,0,6.714285714285714,55.0,0.8545454545454545,0.10909090909090909,0.03636363636363636,-60.599999999999994
30,2021-01-29 07:46:00,60,F,34.01032548,180.0,61.0,7.6,195,7,Breakfast,448.0,66.0,22.0,10.5,0.0,1.0,151.0,dexcom,226.8,4,0,66.0,98.5,0.6700507614213198,0.2233502538071066,0.1065989847715736,-44.0
30,2021-01-29 12:46:00,60,F,34.01032548,180.0,61.0,7.6,195,12,Lunch,575.0,76.0,22.0,18.5,11.0,1.0,170.0,dexcom,165.6,4,0,6.333333333333333,116.5,0.6523605150214592,0.1888412017167382,0.15879828326180256,-25.0
30,2021-01-29 16:46:00,60,F,34.01032548,180.0,61.0,7.6,195,16,Dinner,717.0,80.0,52.0,13.0,10.0,9.0,150.2,dexcom,191.8,4,0,7.2727272727272725,145.0,0.5517241379310345,0.3586206896551724,0.0896551724137931,-44.80000000000001
30,2021-01-30 08:30:00,60,F,34.01032548,180.0,61.0,7.6,195,8,Breakfast,608.0,66.0,66.0,10.5,0.0,1.0,178.8,dexcom,319.6,5,1,66.0,142.5,0.4631578947368421,0.4631578947368421,0.07368421052631578,-16.19999999999999
30,2021-01-30 12:30:00,60,F,34.01032548,180.0,61.0,7.6,195,12,Lunch,585.0,40.0,76.0,17.0,13.0,1.0,201.0,dexcom,158.6,5,1,2.857142857142857,133.0,0.3007518796992481,0.5714285714285714,0.12781954887218044,6.0
30,2021-01-30 17:56:00,60,F,34.01032548,180.0,61.0,7.6,195,17,Dinner,0.0,0.0,0.0,0.0,0.0,0.0,112.4,dexcom,227.2,5,1,0.0,0.0,0.0,0.0,0.0,-82.6
30,2021-01-31 08:16:00,60,F,34.01032548,180.0,61.0,7.6,195,8,Breakfast,712.0,66.0,22.0,42.0,0.0,1.0,152.0,dexcom,398.8,6,1,66.0,130.0,0.5076923076923077,0.16923076923076924,0.3230769230769231,-43.0
30,2021-01-31 12:13:00,60,F,34.01032548,180.0,61.0,7.6,195,12,Lunch,445.0,43.0,20.0,20.0,13.0,1.0,128.2,dexcom,139.8,6,1,3.0714285714285716,83.0,0.5180722891566265,0.24096385542168675,0.24096385542168675,-66.80000000000001
30,2021-01-31 19:00:00,60,F,34.01032548,180.0,61.0,7.6,195,19,Dinner,0.0,0.0,0.0,0.0,0.0,0.0,296.6,dexcom,282.8,6,1,0.0,0.0,0.0,0.0,0.0,101.60000000000002
30,2021-02-01 09:34:00,60,F,34.01032548,180.0,61.0,7.6,195,9,Breakfast,268.0,24.0,22.0,10.5,0.0,1.0,153.0,dexcom,303.0,0,0,24.0,56.5,0.4247787610619469,0.3893805309734513,0.18584070796460178,-42.0
30,2021-02-01 12:42:00,60,F,34.01032548,180.0,61.0,7.6,195,12,Lunch,725.0,94.0,44.0,20.0,4.0,1.0,182.4,dexcom,216.2,0,0,18.8,158.0,0.5949367088607594,0.27848101265822783,0.12658227848101267,-12.599999999999994
30,2021-02-01 20:05:00,60,F,34.01032548,180.0,61.0,7.6,195,20,Dinner,610.0,37.0,30.0,36.0,1.0,5.0,140.6,dexcom,288.4,0,0,18.5,103.0,0.3592233009708738,0.2912621359223301,0.34951456310679613,-54.400000000000006
30,2021-02-02 08:56:00,60,F,34.01032548,180.0,61.0,7.6,195,8,Breakfast,902.0,73.0,22.0,42.0,7.0,1.0,112.0667,libre,191.6667,1,0,9.125,137.0,0.5328467153284672,0.16058394160583941,0.30656934306569344,-82.9333
31,2022-06-30 07:19:00,46,F,23.11126491,152.0,68.0,5.1,102,7,Breakfast,448.0,66.0,22.0,10.5,0.0,100.0,101.2,dexcom,149.6,3,0,66.0,98.5,0.6700507614213198,0.2233502538071066,0.1065989847715736,-0.7999999999999972
31,2022-06-30 12:26:00,46,F,23.11126491,152.0,68.0,5.1,102,12,Lunch,830.0,92.0,17.0,42.0,10.0,100.0,106.8,dexcom,164.6,3,0,8.363636363636363,151.0,0.609271523178808,0.11258278145695365,0.2781456953642384,4.799999999999997
31,2022-06-30 19:30:00,46,F,23.11126491,152.0,68.0,5.1,102,19,Snack,262.0,19.0,14.0,3.0,1.0,300.0,105.8,dexcom,133.6,3,0,9.5,36.0,0.5277777777777778,0.3888888888888889,0.08333333333333333,3.799999999999997
31,2022-06-30 20:45:00,46,F,23.11126491,152.0,68.0,5.1,102,20,Dinner,324.0,23.0,4.0,19.0,5.0,200.0,113.6,dexcom,138.0,3,0,3.8333333333333335,46.0,0.5,0.08695652173913043,0.41304347826086957,11.599999999999994
31,2022-07-01 07:17:00,46,F,23.11126491,152.0,68.0,5.1,102,7,Breakfast,608.0,66.0,66.0,10.5,0.0,100.0,100.6,dexcom,109.6,4,0,66.0,142.5,0.4631578947368421,0.4631578947368421,0.07368421052631578,-1.4000000000000057
31,2022-07-01 12:32:00,46,F,23.11126491,152.0,68.0,5.1,102,12,Lunch,435.0,16.0,66.0,14.0,4.0,100.0,99.2,dexcom,103.4,4,0,3.2,96.0,0.16666666666666666,0.6875,0.14583333333333334,-2.799999999999997
31,2022-07-01 16:07:00,46,F,23.11126491,152.0,68.0,5.1,102,16,Snack,323.0,32.0,11.0,18.0,3.2,100.0,98.2,dexcom,109.6,4,0,7.619047619047619,61.0,0.5245901639344263,0.18032786885245902,0.29508196721311475,-3.799999999999997
31,2022-07-01 18:04:00,46,F,23.11126491,152.0,68.0,5.1,102,18,Snack,129.0,34.0,1.3,0.2,1.6,50.0,111.4,dexcom,113.6,4,0,13.076923076923077,35.5,0.9577464788732394,0.036619718309859155,0.005633802816901409,9.400000000000006
31,2022-07-01 18:07:00,46,F,23.11126491,152.0,68.0,5.1,102,18,Snack,322.0,17.0,4.0,29.0,13.0,50.0,109.6,dexcom,112.4,4,0,1.2142857142857142,50.0,0.34,0.08,0.58,7.599999999999994
31,2022-07-02 07:34:00,46,F,23.11126491,152.0,68.0,5.1,102,7,Breakfast,712.0,66.0,22.0,42.0,0.0,100.0,86.0,dexcom,141.2,5,1,66.0,130.0,0.5076923076923077,0.16923076923076924,0.3230769230769231,-16.0
31,2022-07-02 12:13:00,46,F,23.11126491,152.0,68.0,5.1,102,12,Lunch,555.0,94.0,12.0,13.0,5.0,100.0,89.0,dexcom,201.0,5,1,15.666666666666666,119.0,0.7899159663865546,0.10084033613445378,0.1092436974789916,-13.0
31,2022-07-02 15:33:00,46,F,23.11126491,152.0,68.0,5.1,102,15,Snack,378.0,46.0,12.0,18.0,3.4,100.0,148.0,dexcom,120.0,5,1,10.454545454545453,76.0,0.6052631578947368,0.15789473684210525,0.23684210526315788,46.0
31,2022-07-02 15:34:00,46,F,23.11126491,152.0,68.0,5.1,102,15,Snack,100.0,8.0,7.0,4.0,1.0,75.0,146.6,dexcom,119.0,5,1,4.0,19.0,0.42105263157894735,0.3684210526315789,0.21052631578947367,44.599999999999994
31,2022-07-02 16:18:00,46,F,23.11126491,152.0,68.0,5.1,102,16,Snack,68.0,17.0,1.6,0.4,2.6,100.0,122.0,dexcom,99.0,5,1,4.722222222222222,19.0,0.8947368421052632,0.08421052631578947,0.021052631578947368,20.0
31,2022-07-02 17:40:00,46,F,23.11126491,152.0,68.0,5.1,102,17,Snack,29.0,6.9,0.6,0.3,1.8,100.0,113.0,dexcom,100.2,5,1,2.4642857142857144,7.8,0.8846153846153847,0.07692307692307693,0.038461538461538464,11.0
31,2022-07-02 19:18:00,46,F,23.11126491,152.0,68.0,5.1,102,19,Dinner,122.0,3.8,0.1,0.0,0.0,100.0,99.0,dexcom,117.0,5,1,3.8,3.9,0.9743589743589743,0.025641025641025644,0.0,-3.0
31,2022-07-02 19:41:00,46,F,23.11126491,152.0,68.0,5.1,102,19,Dinner,362.0,15.0,23.0,23.0,1.2,100.0,100.8,dexcom,101.2,5,1,6.8181818181818175,61.0,0.2459016393442623,0.3770491803278688,0.3770491803278688,-1.2000000000000028
31,2022-07-02 20:15:00,46,F,23.11126491,152.0,68.0,5.1,102,20,Dinner,120.0,20.0,9.6,0.4,8.0,100.0,109.8,dexcom,120.2,5,1,2.2222222222222223,30.0,0.6666666666666666,0.32,0.013333333333333334,7.799999999999997
31,2022-07-02 21:04:00,46,F,23.11126491,152.0,68.0,5.1,102,21,Dinner,0.0,0.0,0.0,0.0,0.0,100.0,128.8,dexcom,126.8,5,1,0.0,0.0,0.0,0.0,0.0,26.80000000000001
31,2022-07-03 08:44:00,46,F,23.11126491,152.0,68.0,5.1,102,8,Breakfast,902.0,73.0,66.0,42.0,7.0,100.0,104.4,dexcom,93.6,6,1,9.125,181.0,0.40331491712707185,0.36464088397790057,0.23204419889502761,2.4000000000000057
31,2022-07-03 11:43:00,46,F,23.11126491,152.0,68.0,5.1,102,11,Lunch,355.0,19.0,32.0,15.0,5.0,100.0,98.0,dexcom,99.0,6,1,3.1666666666666665,66.0,0.2878787878787879,0.48484848484848486,0.22727272727272727,-4.0
31,2022-07-03 18:11:00,46,F,23.11126491,152.0,68.0,5.1,102,18,Dinner,280.0,29.0,4.0,16.0,1.0,100.0,126.0,dexcom,114.2,6,1,14.5,49.0,0.5918367346938775,0.08163265306122448,0.32653061224489793,24.0
31,2022-07-04 08:09:00,46,F,23.11126491,152.0,68.0,5.1,102,8,Breakfast,268.0,24.0,22.0,10.5,0.0,100.0,101.0,dexcom,102.6,0,0,24.0,56.5,0.4247787610619469,0.3893805309734513,0.18584070796460178,-1.0
31,2022-07-04 11:52:00,46,F,23.11126491,152.0,68.0,5.1,102,11,Lunch,1110.0,93.0,84.0,44.0,4.0,100.0,104.4,dexcom,113.6,0,0,18.6,221.0,0.42081447963800905,0.38009049773755654,0.19909502262443438,2.4000000000000057
31,2022-07-04 15:25:00,46,F,23.11126491,152.0,68.0,5.1,102,15,Snack,2.4,0.0,0.3,0.1,0.0,0.0,118.8,dexcom,124.8,0,0,0.0,0.4,0.0,0.7499999999999999,0.25,16.799999999999997
31,2022-07-04 16:24:00,46,F,23.11126491,152.0,68.0,5.1,102,16,Dinner,0.0,0.0,0.0,0.0,0.0,0.0,120.0,dexcom,68.8,0,0,0.0,0.0,0.0,0.0,0.0,18.0
31,2022-07-04 19:29:00,46,F,23.11126491,152.0,68.0,5.1,102,19,Dinner,0.0,0.0,0.0,0.0,0.0,0.0,97.8,dexcom,141.6,0,0,0.0,0.0,0.0,0.0,0.0,-4.200000000000003
31,2022-07-04 19:36:00,46,F,23.11126491,152.0,68.0,5.1,102,19,Dinner,0.0,0.0,0.0,0.0,0.0,0.0,97.0,dexcom,139.2,0,0,0.0,0.0,0.0,0.0,0.0,-5.0
31,2022-07-04 19:46:00,46,F,23.11126491,152.0,68.0,5.1,102,19,Dinner,0.0,0.0,0.0,0.0,0.0,0.0,97.2,dexcom,131.4,0,0,0.0,0.0,0.0,0.0,0.0,-4.799999999999997
31,2022-07-05 07:45:00,46,F,23.11126491,152.0,68.0,5.1,102,7,Breakfast,448.0,66.0,22.0,10.5,0.0,100.0,110.2,dexcom,116.8,1,0,66.0,98.5,0.6700507614213198,0.2233502538071066,0.1065989847715736,8.200000000000003
31,2022-07-05 12:22:00,46,F,23.11126491,152.0,68.0,5.1,102,12,Lunch,575.0,76.0,22.0,18.5,11.0,100.0,91.4,dexcom,128.2,1,0,6.333333333333333,116.5,0.6523605150214592,0.1888412017167382,0.15879828326180256,-10.599999999999994
31,2022-07-05 16:16:00,46,F,23.11126491,152.0,68.0,5.1,102,16,Snack,135.0,4.0,0.0,0.0,0.0,200.0,117.4,dexcom,95.8,1,0,4.0,4.0,1.0,0.0,0.0,15.400000000000006
31,2022-07-05 18:10:00,46,F,23.11126491,152.0,68.0,5.1,102,18,Dinner,500.0,80.0,30.0,10.0,0.0,200.0,97.6,dexcom,105.0,1,0,80.0,120.0,0.6666666666666666,0.25,0.08333333333333333,-4.400000000000006
31,2022-07-05 18:24:00,46,F,23.11126491,152.0,68.0,5.1,102,18,Snack,39.0,9.0,1.0,0.0,5.0,100.0,88.8,dexcom,114.6,1,0,1.5,10.0,0.9,0.1,0.0,-13.200000000000003
31,2022-07-05 18:47:00,46,F,23.11126491,152.0,68.0,5.1,102,18,Snack,64.0,5.0,1.0,5.0,2.0,100.0,90.6,dexcom,98.6,1,0,1.6666666666666667,11.0,0.45454545454545453,0.09090909090909091,0.45454545454545453,-11.400000000000006
31,2022-07-06 07:56:00,46,F,23.11126491,152.0,68.0,5.1,102,7,Breakfast,608.0,66.0,66.0,10.5,0.0,100.0,91.0,dexcom,120.4,2,0,66.0,142.5,0.4631578947368421,0.4631578947368421,0.07368421052631578,-11.0
31,2022-07-06 12:04:00,46,F,23.11126491,152.0,68.0,5.1,102,12,Lunch,585.0,40.0,76.0,17.0,13.0,100.0,108.4,dexcom,102.8,2,0,2.857142857142857,133.0,0.3007518796992481,0.5714285714285714,0.12781954887218044,6.400000000000006
31,2022-07-06 15:29:00,46,F,23.11126491,152.0,68.0,5.1,102,15,Dinner,382.0,43.0,5.0,21.0,2.0,200.0,103.2,dexcom,105.8,2,0,14.333333333333334,69.0,0.6231884057971014,0.07246376811594203,0.30434782608695654,1.2000000000000028
31,2022-07-06 17:25:00,46,F,23.11126491,152.0,68.0,5.1,102,17,Dinner,42.0,11.0,0.0,0.0,1.0,100.0,107.4,dexcom,87.8,2,0,5.5,11.0,1.0,0.0,0.0,5.400000000000006
31,2022-07-06 20:30:00,46,F,23.11126491,152.0,68.0,5.1,102,20,Dinner,75.0,7.0,1.0,5.0,0.0,100.0,90.6,dexcom,112.4,2,0,7.0,13.0,0.5384615384615384,0.07692307692307693,0.38461538461538464,-11.400000000000006
31,2022-07-07 07:04:00,46,F,23.11126491,152.0,68.0,5.1,102,7,Breakfast,712.0,66.0,22.0,42.0,0.0,100.0,112.8,dexcom,126.4,3,0,66.0,130.0,0.5076923076923077,0.16923076923076924,0.3230769230769231,10.799999999999997
31,2022-07-07 12:09:00,46,F,23.11126491,152.0,68.0,5.1,102,12,Lunch,445.0,43.0,20.0,20.0,13.0,100.0,104.6,dexcom,133.4,3,0,3.0714285714285716,83.0,0.5180722891566265,0.24096385542168675,0.24096385542168675,2.5999999999999943
31,2022-07-07 15:14:00,46,F,23.11126491,152.0,68.0,5.1,102,15,Snack,0.0,0.0,0.0,0.0,0.0,100.0,107.8,dexcom,159.0,3,0,0.0,0.0,0.0,0.0,0.0,5.799999999999997
31,2022-07-07 15:20:00,46,F,23.11126491,152.0,68.0,5.1,102,15,Snack,0.0,0.0,0.0,0.0,0.0,100.0,105.8,dexcom,163.4,3,0,0.0,0.0,0.0,0.0,0.0,3.799999999999997
31,2022-07-07 17:00:00,46,F,23.11126491,152.0,68.0,5.1,102,17,Snack,0.0,0.0,0.0,0.0,0.0,100.0,166.0,dexcom,115.2,3,0,0.0,0.0,0.0,0.0,0.0,64.0
31,2022-07-07 17:30:00,46,F,23.11126491,152.0,68.0,5.1,102,17,Dinner,867.0,58.0,22.0,65.0,19.0,300.0,161.2,dexcom,130.8,3,0,2.9,145.0,0.4,0.15172413793103448,0.4482758620689655,59.19999999999999
31,2022-07-07 18:15:00,46,F,23.11126491,152.0,68.0,5.1,102,18,Snack,1086.0,146.0,25.0,50.0,26.0,300.0,139.4,dexcom,149.8,3,0,5.407407407407407,221.0,0.6606334841628959,0.11312217194570136,0.22624434389140272,37.400000000000006
31,2022-07-08 07:18:00,46,F,23.11126491,152.0,68.0,5.1,102,7,Breakfast,268.0,24.0,22.0,10.5,0.0,100.0,109.0,dexcom,106.0,4,0,24.0,56.5,0.4247787610619469,0.3893805309734513,0.18584070796460178,7.0
31,2022-07-08 11:54:00,46,F,23.11126491,152.0,68.0,5.1,102,11,Lunch,725.0,94.0,44.0,20.0,4.0,100.0,105.8,dexcom,159.0,4,0,18.8,158.0,0.5949367088607594,0.27848101265822783,0.12658227848101267,3.799999999999997
31,2022-07-08 15:00:00,46,F,23.11126491,152.0,68.0,5.1,102,15,Snack,105.0,7.0,6.0,5.0,0.0,100.0,139.2,dexcom,106.6,4,0,7.0,18.0,0.3888888888888889,0.3333333333333333,0.2777777777777778,37.19999999999999
31,2022-07-08 17:31:00,46,F,23.11126491,152.0,68.0,5.1,102,17,Snack,42.0,11.0,0.0,0.0,1.0,100.0,104.6,dexcom,95.4,4,0,5.5,11.0,1.0,0.0,0.0,2.5999999999999943
31,2022-07-08 18:07:00,46,F,23.11126491,152.0,68.0,5.1,102,18,Snack,112.0,12.0,2.0,6.0,1.0,100.0,123.2,dexcom,112.4,4,0,6.0,20.0,0.6,0.1,0.3,21.200000000000003
31,2022-07-08 20:06:00,46,F,23.11126491,152.0,68.0,5.1,102,20,Dinner,344.0,65.0,19.0,0.0,4.0,100.0,112.8,dexcom,106.0,4,0,13.0,84.0,0.7738095238095238,0.2261904761904762,0.0,10.799999999999997
31,2022-07-09 06:51:00,46,F,23.11126491,152.0,68.0,5.1,102,6,Breakfast,902.0,73.0,22.0,42.0,7.0,100.0,81.8,libre,109.5333,5,1,9.125,137.0,0.5328467153284672,0.16058394160583941,0.30656934306569344,-20.200000000000003
32,2022-01-02 06:59:00,64,M,22.9202666,169.0,72.0,5.3,100,6,Breakfast,448.0,66.0,22.0,10.5,0.0,100.0,102.0,dexcom,94.4,6,1,66.0,98.5,0.6700507614213198,0.2233502538071066,0.1065989847715736,2.0
32,2022-01-02 12:12:00,64,M,22.9202666,169.0,72.0,5.3,100,12,Lunch,830.0,92.0,17.0,42.0,10.0,100.0,79.2,dexcom,94.6,6,1,8.363636363636363,151.0,0.609271523178808,0.11258278145695365,0.2781456953642384,-20.799999999999997
32,2022-01-03 05:10:00,64,M,22.9202666,169.0,72.0,5.3,100,5,Breakfast,608.0,66.0,66.0,10.5,0.0,100.0,106.0,dexcom,105.0,0,0,66.0,142.5,0.4631578947368421,0.4631578947368421,0.07368421052631578,6.0
32,2022-01-03 12:06:00,64,M,22.9202666,169.0,72.0,5.3,100,12,Lunch,435.0,16.0,66.0,14.0,4.0,100.0,131.6,dexcom,95.0,0,0,3.2,96.0,0.16666666666666666,0.6875,0.14583333333333334,31.599999999999994
32,2022-01-04 05:53:00,64,M,22.9202666,169.0,72.0,5.3,100,5,Breakfast,712.0,66.0,22.0,42.0,0.0,100.0,126.0,dexcom,91.4,1,0,66.0,130.0,0.5076923076923077,0.16923076923076924,0.3230769230769231,26.0
32,2022-01-04 13:00:00,64,M,22.9202666,169.0,72.0,5.3,100,13,Lunch,555.0,94.0,12.0,13.0,5.0,100.0,113.0,dexcom,158.0,1,0,15.666666666666666,119.0,0.7899159663865546,0.10084033613445378,0.1092436974789916,13.0
32,2022-01-05 06:08:00,64,M,22.9202666,169.0,72.0,5.3,100,6,Breakfast,902.0,73.0,66.0,42.0,7.0,100.0,100.0,dexcom,136.8,2,0,9.125,181.0,0.40331491712707185,0.36464088397790057,0.23204419889502761,0.0
32,2022-01-05 12:38:00,64,M,22.9202666,169.0,72.0,5.3,100,12,Lunch,355.0,19.0,32.0,15.0,5.0,100.0,93.6,dexcom,86.4,2,0,3.1666666666666665,66.0,0.2878787878787879,0.48484848484848486,0.22727272727272727,-6.400000000000006
32,2022-01-06 04:23:00,64,M,22.9202666,169.0,72.0,5.3,100,4,Breakfast,268.0,24.0,22.0,10.5,0.0,100.0,107.4,dexcom,97.0,3,0,24.0,56.5,0.4247787610619469,0.3893805309734513,0.18584070796460178,7.400000000000006
32,2022-01-06 12:47:00,64,M,22.9202666,169.0,72.0,5.3,100,12,Lunch,1110.0,93.0,84.0,44.0,4.0,100.0,106.6,dexcom,121.2,3,0,18.6,221.0,0.42081447963800905,0.38009049773755654,0.19909502262443438,6.599999999999994
32,2022-01-07 07:01:00,64,M,22.9202666,169.0,72.0,5.3,100,7,Breakfast,448.0,66.0,22.0,10.5,0.0,100.0,107.0,dexcom,96.8,4,0,66.0,98.5,0.6700507614213198,0.2233502538071066,0.1065989847715736,7.0
32,2022-01-07 12:33:00,64,M,22.9202666,169.0,72.0,5.3,100,12,Lunch,575.0,76.0,22.0,18.5,11.0,100.0,91.8,dexcom,113.8,4,0,6.333333333333333,116.5,0.6523605150214592,0.1888412017167382,0.15879828326180256,-8.200000000000003
32,2022-01-08 06:37:00,64,M,22.9202666,169.0,72.0,5.3,100,6,Breakfast,608.0,66.0,66.0,10.5,0.0,100.0,104.6,dexcom,107.6,5,1,66.0,142.5,0.4631578947368421,0.4631578947368421,0.07368421052631578,4.599999999999994
32,2022-01-08 12:18:00,64,M,22.9202666,169.0,72.0,5.3,100,12,Lunch,585.0,40.0,76.0,17.0,13.0,100.0,130.0,dexcom,73.2,5,1,2.857142857142857,133.0,0.3007518796992481,0.5714285714285714,0.12781954887218044,30.0
32,2022-01-08 19:56:00,64,M,22.9202666,169.0,72.0,5.3,100,19,Dinner,0.0,0.0,0.0,0.0,0.0,0.0,103.6,dexcom,71.8,5,1,0.0,0.0,0.0,0.0,0.0,3.5999999999999943
32,2022-01-09 05:32:00,64,M,22.9202666,169.0,72.0,5.3,100,5,Breakfast,712.0,66.0,22.0,42.0,0.0,100.0,102.4,dexcom,104.4,6,1,66.0,130.0,0.5076923076923077,0.16923076923076924,0.3230769230769231,2.4000000000000057
32,2022-01-09 12:50:00,64,M,22.9202666,169.0,72.0,5.3,100,12,Lunch,445.0,43.0,20.0,20.0,13.0,100.0,121.0,dexcom,112.0,6,1,3.0714285714285716,83.0,0.5180722891566265,0.24096385542168675,0.24096385542168675,21.0
32,2022-01-10 05:10:00,64,M,22.9202666,169.0,72.0,5.3,100,5,Breakfast,268.0,24.0,22.0,10.5,0.0,100.0,94.0,dexcom,96.0,0,0,24.0,56.5,0.4247787610619469,0.3893805309734513,0.18584070796460178,-6.0
32,2022-01-10 13:31:00,64,M,22.9202666,169.0,72.0,5.3,100,13,Lunch,725.0,94.0,44.0,20.0,4.0,100.0,83.4,dexcom,156.8,0,0,18.8,158.0,0.5949367088607594,0.27848101265822783,0.12658227848101267,-16.599999999999994
32,2022-01-10 19:35:00,64,M,22.9202666,169.0,72.0,5.3,100,19,Dinner,0.0,0.0,0.0,0.0,0.0,0.0,100.0,dexcom,89.0,0,0,0.0,0.0,0.0,0.0,0.0,0.0
33,2022-04-16 11:45:00,40,M,30.03834865,175.0,64.0,5.6,116,11,Lunch,1180.0,81.0,88.0,54.5,18.0,100.0,70.4,dexcom,138.2,5,1,4.2631578947368425,223.5,0.3624161073825503,0.39373601789709173,0.24384787472035793,-45.599999999999994
33,2022-04-16 15:12:00,40,M,30.03834865,175.0,64.0,5.6,116,15,Snack,206.0,50.0,5.0,1.0,7.0,500.0,140.0,dexcom,159.8,5,1,6.25,56.0,0.8928571428571429,0.08928571428571429,0.017857142857142856,24.0
33,2022-04-16 19:32:00,40,M,30.03834865,175.0,64.0,5.6,116,19,Dinner,383.0,26.0,38.0,17.0,9.0,200.0,123.4,dexcom,149.4,5,1,2.6,81.0,0.32098765432098764,0.4691358024691358,0.20987654320987653,7.400000000000006
33,2022-04-17 07:24:00,40,M,30.03834865,175.0,64.0,5.6,116,7,Breakfast,448.0,66.0,22.0,10.5,0.0,100.0,146.0,dexcom,295.0,6,1,66.0,98.5,0.6700507614213198,0.2233502538071066,0.1065989847715736,30.0
33,2022-04-17 11:48:00,40,M,30.03834865,175.0,64.0,5.6,116,11,Dinner,114.0,4.0,8.0,7.0,1.0,300.0,185.0,dexcom,105.8,6,1,2.0,19.0,0.21052631578947367,0.42105263157894735,0.3684210526315789,69.0
33,2022-04-17 19:18:00,40,M,30.03834865,175.0,64.0,5.6,116,19,Lunch,830.0,92.0,17.0,42.0,10.0,100.0,129.6,dexcom,101.2,6,1,8.363636363636363,151.0,0.609271523178808,0.11258278145695365,0.2781456953642384,13.599999999999994
33,2022-04-18 07:51:00,40,M,30.03834865,175.0,64.0,5.6,116,7,Breakfast,608.0,66.0,66.0,10.5,0.0,100.0,133.0,dexcom,166.0,0,0,66.0,142.5,0.4631578947368421,0.4631578947368421,0.07368421052631578,17.0
33,2022-04-18 11:44:00,40,M,30.03834865,175.0,64.0,5.6,116,11,Lunch,435.0,16.0,66.0,14.0,4.0,100.0,154.0,dexcom,87.0,0,0,3.2,96.0,0.16666666666666666,0.6875,0.14583333333333334,38.0
33,2022-04-18 17:15:00,40,M,30.03834865,175.0,64.0,5.6,116,17,Dinner,814.0,75.0,65.0,26.0,3.0,200.0,152.4,dexcom,133.8,0,0,18.75,166.0,0.45180722891566266,0.39156626506024095,0.1566265060240964,36.400000000000006
33,2022-04-18 21:30:00,40,M,30.03834865,175.0,64.0,5.6,116,21,Dinner,147.0,14.0,18.0,2.0,3.0,300.0,108.8,dexcom,201.8,0,0,3.5,34.0,0.4117647058823529,0.5294117647058824,0.058823529411764705,-7.200000000000003
33,2022-04-19 08:48:00,40,M,30.03834865,175.0,64.0,5.6,116,8,Breakfast,712.0,66.0,22.0,42.0,0.0,100.0,133.8,dexcom,308.0,1,0,66.0,130.0,0.5076923076923077,0.16923076923076924,0.3230769230769231,17.80000000000001
33,2022-04-19 11:34:00,40,M,30.03834865,175.0,64.0,5.6,116,11,Lunch,555.0,94.0,12.0,13.0,5.0,100.0,160.0,dexcom,153.0,1,0,15.666666666666666,119.0,0.7899159663865546,0.10084033613445378,0.1092436974789916,44.0
33,2022-04-19 19:49:00,40,M,30.03834865,175.0,64.0,5.6,116,19,Dinner,0.0,0.0,0.0,0.0,0.0,0.0,131.0,dexcom,101.0,1,0,0.0,0.0,0.0,0.0,0.0,15.0
33,2022-04-20 08:41:00,40,M,30.03834865,175.0,64.0,5.6,116,8,Breakfast,902.0,73.0,66.0,42.0,7.0,100.0,127.6,dexcom,223.6,2,0,9.125,181.0,0.40331491712707185,0.36464088397790057,0.23204419889502761,11.599999999999994
33,2022-04-20 12:15:00,40,M,30.03834865,175.0,64.0,5.6,116,12,Lunch,355.0,19.0,32.0,15.0,5.0,100.0,158.0,dexcom,80.6,2,0,3.1666666666666665,66.0,0.2878787878787879,0.48484848484848486,0.22727272727272727,42.0
33,2022-04-20 19:12:00,40,M,30.03834865,175.0,64.0,5.6,116,19,Dinner,480.0,65.0,35.0,8.0,3.0,300.0,108.8,dexcom,135.8,2,0,16.25,108.0,0.6018518518518519,0.32407407407407407,0.07407407407407407,-7.200000000000003
33,2022-04-21 07:58:00,40,M,30.03834865,175.0,64.0,5.6,116,7,Breakfast,268.0,24.0,22.0,10.5,0.0,100.0,142.4,dexcom,173.6,3,0,24.0,56.5,0.4247787610619469,0.3893805309734513,0.18584070796460178,26.400000000000006
33,2022-04-21 12:41:00,40,M,30.03834865,175.0,64.0,5.6,116,12,Lunch,1110.0,93.0,84.0,44.0,4.0,100.0,99.2,dexcom,214.6,3,0,18.6,221.0,0.42081447963800905,0.38009049773755654,0.19909502262443438,-16.799999999999997
33,2022-04-21 19:17:00,40,M,30.03834865,175.0,64.0,5.6,116,19,Dinner,475.0,20.0,45.0,18.0,0.0,500.0,131.6,dexcom,143.0,3,0,20.0,83.0,0.24096385542168675,0.5421686746987951,0.21686746987951808,15.599999999999994
33,2022-04-22 09:56:00,40,M,30.03834865,175.0,64.0,5.6,116,9,Breakfast,448.0,66.0,22.0,10.5,0.0,100.0,129.6,dexcom,298.4,4,0,66.0,98.5,0.6700507614213198,0.2233502538071066,0.1065989847715736,13.599999999999994
33,2022-04-22 13:13:00,40,M,30.03834865,175.0,64.0,5.6,116,13,Lunch,575.0,76.0,22.0,18.5,11.0,100.0,137.4,dexcom,85.4,4,0,6.333333333333333,116.5,0.6523605150214592,0.1888412017167382,0.15879828326180256,21.400000000000006
33,2022-04-22 19:41:00,40,M,30.03834865,175.0,64.0,5.6,116,19,Dinner,80.0,0.0,3.0,1.0,0.0,100.0,100.2,dexcom,158.2,4,0,0.0,4.0,0.0,0.75,0.25,-15.799999999999997
33,2022-04-23 07:50:00,40,M,30.03834865,175.0,64.0,5.6,116,7,Breakfast,608.0,66.0,66.0,10.5,0.0,100.0,138.6,dexcom,195.0,5,1,66.0,142.5,0.4631578947368421,0.4631578947368421,0.07368421052631578,22.599999999999994
33,2022-04-23 12:33:00,40,M,30.03834865,175.0,64.0,5.6,116,12,Lunch,585.0,40.0,76.0,17.0,13.0,100.0,219.2,dexcom,82.2,5,1,2.857142857142857,133.0,0.3007518796992481,0.5714285714285714,0.12781954887218044,103.19999999999999
33,2022-04-23 16:45:00,40,M,30.03834865,175.0,64.0,5.6,116,16,Snack,100.0,37.0,1.0,1.0,4.0,100.0,124.0,dexcom,122.0,5,1,7.4,39.0,0.9487179487179487,0.02564102564102564,0.02564102564102564,8.0
33,2022-04-23 20:39:00,40,M,30.03834865,175.0,64.0,5.6,116,20,Dinner,307.0,30.0,35.0,5.0,10.0,150.0,128.0,dexcom,172.0,5,1,2.727272727272727,70.0,0.42857142857142855,0.5,0.07142857142857142,12.0
33,2022-04-24 07:40:00,40,M,30.03834865,175.0,64.0,5.6,116,7,Breakfast,712.0,66.0,22.0,42.0,0.0,100.0,144.2,dexcom,271.2,6,1,66.0,130.0,0.5076923076923077,0.16923076923076924,0.3230769230769231,28.19999999999999
33,2022-04-24 13:07:00,40,M,30.03834865,175.0,64.0,5.6,116,13,Lunch,445.0,43.0,20.0,20.0,13.0,100.0,155.0,dexcom,149.4,6,1,3.0714285714285716,83.0,0.5180722891566265,0.24096385542168675,0.24096385542168675,39.0
33,2022-04-24 21:46:00,40,M,30.03834865,175.0,64.0,5.6,116,21,Dinner,529.0,62.0,25.0,22.0,13.0,375.0,115.4,dexcom,162.6,6,1,4.428571428571429,109.0,0.5688073394495413,0.22935779816513763,0.2018348623853211,-0.5999999999999943
33,2022-04-25 07:22:00,40,M,30.03834865,175.0,64.0,5.6,116,7,Breakfast,268.0,24.0,22.0,10.5,0.0,100.0,155.6,dexcom,149.0,0,0,24.0,56.5,0.4247787610619469,0.3893805309734513,0.18584070796460178,39.599999999999994
33,2022-04-25 11:55:00,40,M,30.03834865,175.0,64.0,5.6,116,11,Lunch,725.0,94.0,44.0,20.0,4.0,100.0,135.0,dexcom,153.6,0,0,18.8,158.0,0.5949367088607594,0.27848101265822783,0.12658227848101267,19.0
33,2022-04-25 20:24:00,40,M,30.03834865,175.0,64.0,5.6,116,20,Dinner,510.0,44.0,22.0,27.0,5.0,75.0,104.0,dexcom,170.0,0,0,7.333333333333333,93.0,0.4731182795698925,0.23655913978494625,0.2903225806451613,-12.0
33,2022-04-26 08:00:00,40,M,30.03834865,175.0,64.0,5.6,116,8,Breakfast,902.0,73.0,22.0,42.0,7.0,100.0,125.0,libre,244.0,1,0,9.125,137.0,0.5328467153284672,0.16058394160583941,0.30656934306569344,9.0
34,2022-03-02 11:19:00,24,M,25.80197702,185.0,71.0,4.6,80,11,Snack,170.0,3.0,10.0,13.0,0.0,100.0,91.6,dexcom,95.6,2,0,3.0,26.0,0.11538461538461539,0.38461538461538464,0.5,11.599999999999994
34,2022-03-02 12:10:00,24,M,25.80197702,185.0,71.0,4.6,80,12,Lunch,1180.0,81.0,88.0,54.5,18.0,100.0,79.2,dexcom,129.8,2,0,4.2631578947368425,223.5,0.3624161073825503,0.39373601789709173,0.24384787472035793,-0.7999999999999972
34,2022-03-02 17:18:00,24,M,25.80197702,185.0,71.0,4.6,80,17,Snack,210.0,8.0,38.0,2.0,2.0,100.0,116.4,dexcom,129.6,2,0,2.6666666666666665,48.0,0.16666666666666666,0.7916666666666666,0.041666666666666664,36.400000000000006
34,2022-03-02 19:07:00,24,M,25.80197702,185.0,71.0,4.6,80,19,Dinner,1113.0,102.0,61.0,46.0,16.0,700.0,128.8,dexcom,124.8,2,0,6.0,209.0,0.4880382775119617,0.291866028708134,0.22009569377990432,48.80000000000001
34,2022-03-03 07:38:00,24,M,25.80197702,185.0,71.0,4.6,80,7,Breakfast,448.0,66.0,22.0,10.5,0.0,100.0,75.8,dexcom,99.0,3,0,66.0,98.5,0.6700507614213198,0.2233502538071066,0.1065989847715736,-4.200000000000003
34,2022-03-03 10:57:00,24,M,25.80197702,185.0,71.0,4.6,80,10,Snack,170.0,3.0,10.0,13.0,0.0,100.0,102.6,dexcom,107.6,3,0,3.0,26.0,0.11538461538461539,0.38461538461538464,0.5,22.599999999999994
34,2022-03-03 11:12:00,24,M,25.80197702,185.0,71.0,4.6,80,11,Snack,180.0,14.0,10.0,14.0,3.0,100.0,100.2,dexcom,101.8,3,0,3.5,38.0,0.3684210526315789,0.2631578947368421,0.3684210526315789,20.200000000000003
34,2022-03-03 12:13:00,24,M,25.80197702,185.0,71.0,4.6,80,12,Lunch,830.0,92.0,17.0,42.0,10.0,100.0,102.0,dexcom,129.6,3,0,8.363636363636363,151.0,0.609271523178808,0.11258278145695365,0.2781456953642384,22.0
34,2022-03-03 17:23:00,24,M,25.80197702,185.0,71.0,4.6,80,17,Snack,140.0,5.0,25.0,2.0,1.0,200.0,110.2,dexcom,95.6,3,0,2.5,32.0,0.15625,0.78125,0.0625,30.200000000000003
34,2022-03-03 19:44:00,24,M,25.80197702,185.0,71.0,4.6,80,19,Snack,890.0,97.0,32.0,43.0,7.0,300.0,82.6,dexcom,122.0,3,0,12.125,172.0,0.563953488372093,0.18604651162790697,0.25,2.5999999999999943
34,2022-03-04 06:43:00,24,M,25.80197702,185.0,71.0,4.6,80,6,Breakfast,608.0,66.0,66.0,10.5,0.0,100.0,109.4,dexcom,95.2,4,0,66.0,142.5,0.4631578947368421,0.4631578947368421,0.07368421052631578,29.400000000000006
34,2022-03-04 10:07:00,24,M,25.80197702,185.0,71.0,4.6,80,10,Snack,235.0,11.0,16.0,15.0,2.0,100.0,103.8,dexcom,105.6,4,0,3.6666666666666665,42.0,0.2619047619047619,0.38095238095238093,0.35714285714285715,23.799999999999997
34,2022-03-04 12:26:00,24,M,25.80197702,185.0,71.0,4.6,80,12,Lunch,435.0,16.0,66.0,14.0,4.0,100.0,105.0,dexcom,104.0,4,0,3.2,96.0,0.16666666666666666,0.6875,0.14583333333333334,25.0
34,2022-03-04 17:14:00,24,M,25.80197702,185.0,71.0,4.6,80,17,Snack,140.0,5.0,25.0,2.0,1.0,100.0,76.6,dexcom,105.6,4,0,2.5,32.0,0.15625,0.78125,0.0625,-3.4000000000000057
34,2022-03-04 18:52:00,24,M,25.80197702,185.0,71.0,4.6,80,18,Dinner,150.0,35.0,4.0,2.0,19.0,300.0,100.4,dexcom,117.0,4,0,1.75,41.0,0.8536585365853658,0.0975609756097561,0.04878048780487805,20.400000000000006
34,2022-03-04 18:54:00,24,M,25.80197702,185.0,71.0,4.6,80,18,Dinner,650.0,86.0,52.0,13.0,13.0,300.0,101.2,dexcom,117.0,4,0,6.142857142857143,151.0,0.5695364238410596,0.3443708609271523,0.08609271523178808,21.200000000000003
34,2022-03-05 08:22:00,24,M,25.80197702,185.0,71.0,4.6,80,8,Breakfast,712.0,66.0,22.0,42.0,0.0,100.0,98.2,dexcom,126.2,5,1,66.0,130.0,0.5076923076923077,0.16923076923076924,0.3230769230769231,18.200000000000003
34,2022-03-05 12:35:00,24,M,25.80197702,185.0,71.0,4.6,80,12,Lunch,555.0,94.0,12.0,13.0,5.0,100.0,96.6,dexcom,113.2,5,1,15.666666666666666,119.0,0.7899159663865546,0.10084033613445378,0.1092436974789916,16.599999999999994
34,2022-03-05 15:26:00,24,M,25.80197702,185.0,71.0,4.6,80,15,Dinner,280.0,4.0,9.0,26.0,1.0,100.0,135.0,dexcom,111.0,5,1,2.0,39.0,0.10256410256410256,0.23076923076923078,0.6666666666666666,55.0
34,2022-03-05 16:19:00,24,M,25.80197702,185.0,71.0,4.6,80,16,Dinner,665.0,54.0,62.0,22.0,6.0,400.0,123.0,dexcom,106.2,5,1,7.714285714285714,138.0,0.391304347826087,0.4492753623188406,0.15942028985507245,43.0
34,2022-03-05 19:52:00,24,M,25.80197702,185.0,71.0,4.6,80,19,Dinner,310.0,31.0,9.0,16.0,0.0,100.0,78.8,dexcom,129.0,5,1,31.0,56.0,0.5535714285714286,0.16071428571428573,0.2857142857142857,-1.2000000000000028
34,2022-03-05 21:41:00,24,M,25.80197702,185.0,71.0,4.6,80,21,Dinner,290.0,28.0,4.0,13.0,0.0,100.0,137.0,dexcom,138.0,5,1,28.0,45.0,0.6222222222222222,0.08888888888888889,0.28888888888888886,57.0
34,2022-03-06 09:56:00,24,M,25.80197702,185.0,71.0,4.6,80,9,Breakfast,902.0,73.0,66.0,42.0,7.0,100.0,96.0,dexcom,101.0,6,1,9.125,181.0,0.40331491712707185,0.36464088397790057,0.23204419889502761,16.0
34,2022-03-06 12:59:00,24,M,25.80197702,185.0,71.0,4.6,80,12,Lunch,355.0,19.0,32.0,15.0,5.0,100.0,79.4,dexcom,97.2,6,1,3.1666666666666665,66.0,0.2878787878787879,0.48484848484848486,0.22727272727272727,-0.5999999999999943
34,2022-03-06 17:11:00,24,M,25.80197702,185.0,71.0,4.6,80,17,Dinner,240.0,15.0,5.0,18.0,1.0,100.0,102.0,dexcom,107.0,6,1,7.5,38.0,0.39473684210526316,0.13157894736842105,0.47368421052631576,22.0
34,2022-03-06 18:59:00,24,M,25.80197702,185.0,71.0,4.6,80,18,Dinner,175.0,16.0,19.0,5.0,4.0,100.0,104.8,dexcom,105.8,6,1,3.2,40.0,0.4,0.475,0.125,24.799999999999997
34,2022-03-06 22:05:00,24,M,25.80197702,185.0,71.0,4.6,80,22,Dinner,290.0,38.0,4.0,13.0,0.0,100.0,83.2,dexcom,111.6,6,1,38.0,55.0,0.6909090909090909,0.07272727272727272,0.23636363636363636,3.200000000000003
34,2022-03-07 06:46:00,24,M,25.80197702,185.0,71.0,4.6,80,6,Breakfast,268.0,24.0,22.0,10.5,0.0,100.0,94.0,dexcom,109.0,0,0,24.0,56.5,0.4247787610619469,0.3893805309734513,0.18584070796460178,14.0
34,2022-03-07 11:53:00,24,M,25.80197702,185.0,71.0,4.6,80,11,Lunch,1110.0,93.0,84.0,44.0,4.0,100.0,99.6,dexcom,106.8,0,0,18.6,221.0,0.42081447963800905,0.38009049773755654,0.19909502262443438,19.599999999999994
34,2022-03-07 16:41:00,24,M,25.80197702,185.0,71.0,4.6,80,16,Dinner,663.0,96.0,39.0,13.0,4.0,400.0,100.0,dexcom,103.0,0,0,19.2,148.0,0.6486486486486487,0.2635135135135135,0.08783783783783784,20.0
34,2022-03-07 20:32:00,24,M,25.80197702,185.0,71.0,4.6,80,20,Dinner,98.0,14.0,5.0,3.0,4.0,400.0,110.0,dexcom,110.6,0,0,2.8,22.0,0.6363636363636364,0.22727272727272727,0.13636363636363635,30.0
34,2022-03-08 06:16:00,24,M,25.80197702,185.0,71.0,4.6,80,6,Breakfast,448.0,66.0,22.0,10.5,0.0,100.0,100.0,dexcom,99.0,1,0,66.0,98.5,0.6700507614213198,0.2233502538071066,0.1065989847715736,20.0
34,2022-03-08 09:42:00,24,M,25.80197702,185.0,71.0,4.6,80,9,Snack,312.0,19.0,17.0,20.0,5.0,300.0,104.0,dexcom,106.2,1,0,3.1666666666666665,56.0,0.3392857142857143,0.30357142857142855,0.35714285714285715,24.0
34,2022-03-08 11:58:00,24,M,25.80197702,185.0,71.0,4.6,80,11,Snack,140.0,0.0,0.0,0.0,0.0,100.0,106.8,dexcom,125.8,1,0,0.0,0.0,0.0,0.0,0.0,26.799999999999997
34,2022-03-08 12:32:00,24,M,25.80197702,185.0,71.0,4.6,80,12,Lunch,575.0,76.0,22.0,18.5,11.0,75.0,133.8,dexcom,122.2,1,0,6.333333333333333,116.5,0.6523605150214592,0.1888412017167382,0.15879828326180256,53.80000000000001
34,2022-03-08 17:59:00,24,M,25.80197702,185.0,71.0,4.6,80,17,Dinner,140.0,5.0,25.0,2.0,1.0,100.0,108.4,dexcom,133.8,1,0,2.5,32.0,0.15625,0.78125,0.0625,28.400000000000006
34,2022-03-08 19:32:00,24,M,25.80197702,185.0,71.0,4.6,80,19,Dinner,631.0,59.0,56.0,17.0,9.0,400.0,105.6,dexcom,125.2,1,0,5.9,132.0,0.44696969696969696,0.42424242424242425,0.12878787878787878,25.599999999999994
34,2022-03-09 07:18:00,24,M,25.80197702,185.0,71.0,4.6,80,7,Breakfast,608.0,66.0,66.0,10.5,0.0,100.0,97.6,dexcom,107.8,2,0,66.0,142.5,0.4631578947368421,0.4631578947368421,0.07368421052631578,17.599999999999994
34,2022-03-09 13:15:00,24,M,25.80197702,185.0,71.0,4.6,80,13,Lunch,585.0,40.0,76.0,17.0,13.0,100.0,105.0,dexcom,115.8,2,0,2.857142857142857,133.0,0.3007518796992481,0.5714285714285714,0.12781954887218044,25.0
34,2022-03-09 19:05:00,24,M,25.80197702,185.0,71.0,4.6,80,19,Dinner,584.0,24.0,71.0,22.0,5.0,600.0,88.2,dexcom,100.2,2,0,4.0,117.0,0.20512820512820512,0.6068376068376068,0.18803418803418803,8.200000000000003
34,2022-03-10 07:12:00,24,M,25.80197702,185.0,71.0,4.6,80,7,Breakfast,712.0,66.0,22.0,42.0,0.0,100.0,91.8,dexcom,95.8,3,0,66.0,130.0,0.5076923076923077,0.16923076923076924,0.3230769230769231,11.799999999999997
34,2022-03-10 13:37:00,24,M,25.80197702,185.0,71.0,4.6,80,13,Lunch,445.0,43.0,20.0,20.0,13.0,100.0,117.4,dexcom,121.2,3,0,3.0714285714285716,83.0,0.5180722891566265,0.24096385542168675,0.24096385542168675,37.400000000000006
34,2022-03-10 17:45:00,24,M,25.80197702,185.0,71.0,4.6,80,17,Snack,140.0,5.0,25.0,2.0,1.0,100.0,106.6,dexcom,119.2,3,0,2.5,32.0,0.15625,0.78125,0.0625,26.599999999999994
34,2022-03-10 19:12:00,24,M,25.80197702,185.0,71.0,4.6,80,19,Dinner,440.0,12.0,42.0,26.0,0.0,100.0,94.6,dexcom,114.8,3,0,12.0,80.0,0.15,0.525,0.325,14.599999999999994
34,2022-03-10 20:27:00,24,M,25.80197702,185.0,71.0,4.6,80,20,Dinner,427.0,54.0,17.0,14.0,8.0,600.0,124.2,dexcom,117.2,3,0,6.0,85.0,0.6352941176470588,0.2,0.16470588235294117,44.2
34,2022-03-11 07:24:00,24,M,25.80197702,185.0,71.0,4.6,80,7,Breakfast,268.0,24.0,22.0,10.5,0.0,100.0,96.8,dexcom,95.4,4,0,24.0,56.5,0.4247787610619469,0.3893805309734513,0.18584070796460178,16.799999999999997
34,2022-03-11 10:45:00,24,M,25.80197702,185.0,71.0,4.6,80,10,Snack,792.0,150.0,18.0,22.0,4.0,300.0,98.0,dexcom,111.2,4,0,30.0,190.0,0.7894736842105263,0.09473684210526316,0.11578947368421053,18.0
34,2022-03-11 12:10:00,24,M,25.80197702,185.0,71.0,4.6,80,12,Lunch,725.0,94.0,44.0,20.0,4.0,100.0,108.6,dexcom,125.2,4,0,18.8,158.0,0.5949367088607594,0.27848101265822783,0.12658227848101267,28.599999999999994
34,2022-03-11 18:13:00,24,M,25.80197702,185.0,71.0,4.6,80,18,Dinner,287.0,32.0,11.0,12.0,1.0,200.0,111.0,dexcom,101.0,4,0,16.0,55.0,0.5818181818181818,0.2,0.21818181818181817,31.0
35,2024-12-12 12:42:00,45,F,28.73382608,167.4,64.0,8.5,218,12,Lunch,1180.0,81.0,88.0,54.5,18.0,100.0,240.4,dexcom,253.0,3,0,4.2631578947368425,223.5,0.3624161073825503,0.39373601789709173,0.24384787472035793,22.400000000000006
35,2024-12-13 08:02:00,45,F,28.73382608,167.4,64.0,8.5,218,8,Breakfast,448.0,66.0,22.0,10.5,0.0,100.0,257.8,dexcom,343.2,4,0,66.0,98.5,0.6700507614213198,0.2233502538071066,0.1065989847715736,39.80000000000001
35,2024-12-13 12:15:00,45,F,28.73382608,167.4,64.0,8.5,218,12,Lunch,830.0,92.0,17.0,42.0,10.0,100.0,175.6,dexcom,204.4,4,0,8.363636363636363,151.0,0.609271523178808,0.11258278145695365,0.2781456953642384,-42.400000000000006
35,2024-12-13 20:56:00,45,F,28.73382608,167.4,64.0,8.5,218,20,Dinner,0.0,0.0,0.0,0.0,0.0,100.0,233.0,dexcom,233.0,4,0,0.0,0.0,0.0,0.0,0.0,15.0
35,2024-12-14 07:10:00,45,F,28.73382608,167.4,64.0,8.5,218,7,Breakfast,608.0,66.0,66.0,10.5,0.0,100.0,204.0,dexcom,308.6,5,1,66.0,142.5,0.4631578947368421,0.4631578947368421,0.07368421052631578,-14.0
35,2024-12-14 12:04:00,45,F,28.73382608,167.4,64.0,8.5,218,12,Lunch,435.0,16.0,66.0,14.0,4.0,100.0,164.0,dexcom,140.0,5,1,3.2,96.0,0.16666666666666666,0.6875,0.14583333333333334,-54.0
35,2024-12-14 20:57:00,45,F,28.73382608,167.4,64.0,8.5,218,20,Dinner,0.0,0.0,0.0,0.0,0.0,100.0,157.4,dexcom,238.8,5,1,0.0,0.0,0.0,0.0,0.0,-60.599999999999994
35,2024-12-15 06:20:00,45,F,28.73382608,167.4,64.0,8.5,218,6,Breakfast,712.0,66.0,22.0,42.0,0.0,100.0,158.4,dexcom,352.0,6,1,66.0,130.0,0.5076923076923077,0.16923076923076924,0.3230769230769231,-59.599999999999994
35,2024-12-15 14:02:00,45,F,28.73382608,167.4,64.0,8.5,218,14,Lunch,555.0,94.0,12.0,13.0,5.0,100.0,287.0,dexcom,219.6,6,1,15.666666666666666,119.0,0.7899159663865546,0.10084033613445378,0.1092436974789916,69.0
35,2024-12-15 20:26:00,45,F,28.73382608,167.4,64.0,8.5,218,20,Dinner,0.0,0.0,0.0,0.0,0.0,0.0,180.0,dexcom,193.0,6,1,0.0,0.0,0.0,0.0,0.0,-38.0
35,2024-12-16 08:32:00,45,F,28.73382608,167.4,64.0,8.5,218,8,Breakfast,902.0,73.0,66.0,42.0,7.0,100.0,187.2,dexcom,311.0,0,0,9.125,181.0,0.40331491712707185,0.36464088397790057,0.23204419889502761,-30.80000000000001
35,2024-12-16 13:13:00,45,F,28.73382608,167.4,64.0,8.5,218,13,Lunch,355.0,19.0,32.0,15.0,5.0,100.0,177.6,dexcom,173.2,0,0,3.1666666666666665,66.0,0.2878787878787879,0.48484848484848486,0.22727272727272727,-40.400000000000006
35,2024-12-16 18:50:00,45,F,28.73382608,167.4,64.0,8.5,218,18,Dinner,0.0,0.0,0.0,0.0,0.0,300.0,165.4,dexcom,267.0,0,0,0.0,0.0,0.0,0.0,0.0,-52.599999999999994
35,2024-12-17 06:29:00,45,F,28.73382608,167.4,64.0,8.5,218,6,Breakfast,268.0,24.0,22.0,10.5,0.0,100.0,176.8,dexcom,205.0,1,0,24.0,56.5,0.4247787610619469,0.3893805309734513,0.18584070796460178,-41.19999999999999
35,2024-12-17 12:19:00,45,F,28.73382608,167.4,64.0,8.5,218,12,Lunch,1110.0,93.0,84.0,44.0,4.0,100.0,188.8,dexcom,287.4,1,0,18.6,221.0,0.42081447963800905,0.38009049773755654,0.19909502262443438,-29.19999999999999
35,2024-12-17 19:05:00,45,F,28.73382608,167.4,64.0,8.5,218,19,Dinner,371.0,3.0,49.0,10.0,2.0,400.0,250.8,dexcom,198.0,1,0,1.0,62.0,0.04838709677419355,0.7903225806451613,0.16129032258064516,32.80000000000001
35,2024-12-18 07:10:00,45,F,28.73382608,167.4,64.0,8.5,218,7,Breakfast,448.0,66.0,22.0,10.5,0.0,100.0,180.4,dexcom,315.0,2,0,66.0,98.5,0.6700507614213198,0.2233502538071066,0.1065989847715736,-37.599999999999994
35,2024-12-18 13:02:00,45,F,28.73382608,167.4,64.0,8.5,218,13,Lunch,575.0,76.0,22.0,18.5,11.0,100.0,158.6,dexcom,273.6,2,0,6.333333333333333,116.5,0.6523605150214592,0.1888412017167382,0.15879828326180256,-59.400000000000006
35,2024-12-18 20:09:00,45,F,28.73382608,167.4,64.0,8.5,218,20,Dinner,1090.0,23.0,62.0,82.0,11.0,600.0,203.4,dexcom,234.8,2,0,1.9166666666666667,167.0,0.1377245508982036,0.3712574850299401,0.49101796407185627,-14.599999999999994
35,2024-12-19 06:25:00,45,F,28.73382608,167.4,64.0,8.5,218,6,Breakfast,608.0,66.0,66.0,10.5,0.0,100.0,180.6,dexcom,261.8,3,0,66.0,142.5,0.4631578947368421,0.4631578947368421,0.07368421052631578,-37.400000000000006
35,2024-12-19 12:09:00,45,F,28.73382608,167.4,64.0,8.5,218,12,Lunch,585.0,40.0,76.0,17.0,13.0,100.0,173.2,dexcom,232.0,3,0,2.857142857142857,133.0,0.3007518796992481,0.5714285714285714,0.12781954887218044,-44.80000000000001
35,2024-12-19 18:42:00,45,F,28.73382608,167.4,64.0,8.5,218,18,Dinner,544.0,54.0,44.0,18.0,5.0,400.0,173.2,dexcom,229.0,3,0,9.0,116.0,0.46551724137931033,0.3793103448275862,0.15517241379310345,-44.80000000000001
35,2024-12-20 06:39:00,45,F,28.73382608,167.4,64.0,8.5,218,6,Breakfast,712.0,66.0,22.0,42.0,0.0,100.0,195.8,dexcom,290.6,4,0,66.0,130.0,0.5076923076923077,0.16923076923076924,0.3230769230769231,-22.19999999999999
35,2024-12-20 12:45:00,45,F,28.73382608,167.4,64.0,8.5,218,12,Lunch,445.0,43.0,20.0,20.0,13.0,100.0,166.6,dexcom,166.4,4,0,3.0714285714285716,83.0,0.5180722891566265,0.24096385542168675,0.24096385542168675,-51.400000000000006
35,2024-12-20 18:58:00,45,F,28.73382608,167.4,64.0,8.5,218,18,Dinner,551.0,26.0,47.0,33.0,10.0,300.0,223.8,dexcom,242.6,4,0,2.3636363636363638,106.0,0.24528301886792453,0.44339622641509435,0.3113207547169811,5.800000000000011
35,2024-12-21 06:53:00,45,F,28.73382608,167.4,64.0,8.5,218,6,Breakfast,268.0,24.0,22.0,10.5,0.0,100.0,194.6,dexcom,319.0,5,1,24.0,56.5,0.4247787610619469,0.3893805309734513,0.18584070796460178,-23.400000000000006
35,2024-12-21 12:58:00,45,F,28.73382608,167.4,64.0,8.5,218,12,Lunch,725.0,94.0,44.0,20.0,4.0,100.0,298.8,dexcom,275.4,5,1,18.8,158.0,0.5949367088607594,0.27848101265822783,0.12658227848101267,80.80000000000001
36,2022-03-29 11:46:00,61,M,24.98509691,154.8,66.0,6.9,101,11,Lunch,1180.0,81.0,88.0,54.5,18.0,100.0,109.6,dexcom,105.6,1,0,4.2631578947368425,223.5,0.3624161073825503,0.39373601789709173,0.24384787472035793,8.599999999999994
36,2022-03-29 17:38:00,61,M,24.98509691,154.8,66.0,6.9,101,17,Dinner,10.0,0.0,0.0,0.0,1.0,100.0,87.0,dexcom,139.0,1,0,0.0,0.0,0.0,0.0,0.0,-14.0
36,2022-03-30 08:09:00,61,M,24.98509691,154.8,66.0,6.9,101,8,Breakfast,448.0,66.0,22.0,10.5,0.0,100.0,128.4,dexcom,190.2,2,0,66.0,98.5,0.6700507614213198,0.2233502538071066,0.1065989847715736,27.400000000000006
36,2022-03-30 12:07:00,61,M,24.98509691,154.8,66.0,6.9,101,12,Lunch,830.0,92.0,17.0,42.0,10.0,100.0,139.2,dexcom,205.4,2,0,8.363636363636363,151.0,0.609271523178808,0.11258278145695365,0.2781456953642384,38.19999999999999
36,2022-03-30 17:21:00,61,M,24.98509691,154.8,66.0,6.9,101,17,Dinner,189.0,0.0,41.0,2.0,0.0,100.0,76.0,dexcom,169.0,2,0,0.0,43.0,0.0,0.9534883720930233,0.046511627906976744,-25.0
36,2022-03-31 07:58:00,61,M,24.98509691,154.8,66.0,6.9,101,7,Breakfast,608.0,66.0,66.0,10.5,0.0,100.0,168.0,dexcom,258.0,3,0,66.0,142.5,0.4631578947368421,0.4631578947368421,0.07368421052631578,67.0
36,2022-03-31 11:39:00,61,M,24.98509691,154.8,66.0,6.9,101,11,Lunch,435.0,16.0,66.0,14.0,4.0,100.0,163.6,dexcom,133.4,3,0,3.2,96.0,0.16666666666666666,0.6875,0.14583333333333334,62.599999999999994
36,2022-04-01 07:35:00,61,M,24.98509691,154.8,66.0,6.9,101,7,Breakfast,712.0,66.0,22.0,42.0,0.0,100.0,135.8,dexcom,246.8,4,0,66.0,130.0,0.5076923076923077,0.16923076923076924,0.3230769230769231,34.80000000000001
36,2022-04-01 11:44:00,61,M,24.98509691,154.8,66.0,6.9,101,11,Lunch,555.0,94.0,12.0,13.0,5.0,100.0,159.0,dexcom,207.0,4,0,15.666666666666666,119.0,0.7899159663865546,0.10084033613445378,0.1092436974789916,58.0
36,2022-04-01 16:28:00,61,M,24.98509691,154.8,66.0,6.9,101,16,Dinner,764.0,109.0,43.0,8.0,9.0,200.0,206.0,dexcom,169.0,4,0,10.9,160.0,0.68125,0.26875,0.05,105.0
36,2022-04-02 07:37:00,61,M,24.98509691,154.8,66.0,6.9,101,7,Breakfast,902.0,73.0,66.0,42.0,7.0,100.0,156.8,dexcom,203.0,5,1,9.125,181.0,0.40331491712707185,0.36464088397790057,0.23204419889502761,55.80000000000001
36,2022-04-02 11:40:00,61,M,24.98509691,154.8,66.0,6.9,101,11,Lunch,355.0,19.0,32.0,15.0,5.0,100.0,186.6,dexcom,133.4,5,1,3.1666666666666665,66.0,0.2878787878787879,0.48484848484848486,0.22727272727272727,85.6
36,2022-04-02 17:54:00,61,M,24.98509691,154.8,66.0,6.9,101,17,Dinner,440.0,58.0,28.0,12.0,8.0,300.0,104.8,dexcom,176.0,5,1,6.444444444444445,98.0,0.5918367346938775,0.2857142857142857,0.12244897959183673,3.799999999999997
36,2022-04-03 07:37:00,61,M,24.98509691,154.8,66.0,6.9,101,7,Breakfast,268.0,24.0,22.0,10.5,0.0,100.0,149.8,dexcom,161.8,6,1,24.0,56.5,0.4247787610619469,0.3893805309734513,0.18584070796460178,48.80000000000001
36,2022-04-03 11:45:00,61,M,24.98509691,154.8,66.0,6.9,101,11,Lunch,1110.0,93.0,84.0,44.0,4.0,100.0,107.2,dexcom,230.2,6,1,18.6,221.0,0.42081447963800905,0.38009049773755654,0.19909502262443438,6.200000000000003
36,2022-04-03 17:53:00,61,M,24.98509691,154.8,66.0,6.9,101,17,Dinner,631.0,82.0,34.0,21.0,14.0,300.0,127.0,dexcom,170.0,6,1,5.466666666666667,137.0,0.5985401459854015,0.24817518248175183,0.15328467153284672,26.0
36,2022-04-04 08:18:00,61,M,24.98509691,154.8,66.0,6.9,101,8,Breakfast,448.0,66.0,22.0,10.5,0.0,100.0,135.0,dexcom,338.0,0,0,66.0,98.5,0.6700507614213198,0.2233502538071066,0.1065989847715736,34.0
36,2022-04-04 11:58:00,61,M,24.98509691,154.8,66.0,6.9,101,11,Lunch,575.0,76.0,22.0,18.5,11.0,100.0,184.0,dexcom,98.0,0,0,6.333333333333333,116.5,0.6523605150214592,0.1888412017167382,0.15879828326180256,83.0
36,2022-04-04 17:24:00,61,M,24.98509691,154.8,66.0,6.9,101,17,Dinner,520.0,52.0,42.0,18.0,7.0,400.0,112.2,dexcom,150.2,0,0,6.5,112.0,0.4642857142857143,0.375,0.16071428571428573,11.200000000000003
36,2022-04-05 08:14:00,61,M,24.98509691,154.8,66.0,6.9,101,8,Breakfast,608.0,66.0,66.0,10.5,0.0,100.0,123.4,dexcom,191.0,1,0,66.0,142.5,0.4631578947368421,0.4631578947368421,0.07368421052631578,22.400000000000006
36,2022-04-05 11:59:00,61,M,24.98509691,154.8,66.0,6.9,101,11,Lunch,585.0,40.0,76.0,17.0,13.0,100.0,191.8,dexcom,141.4,1,0,2.857142857142857,133.0,0.3007518796992481,0.5714285714285714,0.12781954887218044,90.80000000000001
36,2022-04-05 17:05:00,61,M,24.98509691,154.8,66.0,6.9,101,17,Dinner,279.0,1.0,33.0,16.0,0.0,200.0,96.4,dexcom,141.8,1,0,1.0,50.0,0.02,0.66,0.32,-4.599999999999994
36,2022-04-06 08:01:00,61,M,24.98509691,154.8,66.0,6.9,101,8,Breakfast,712.0,66.0,22.0,42.0,0.0,100.0,139.2,dexcom,249.0,2,0,66.0,130.0,0.5076923076923077,0.16923076923076924,0.3230769230769231,38.19999999999999
36,2022-04-06 11:57:00,61,M,24.98509691,154.8,66.0,6.9,101,11,Lunch,445.0,43.0,20.0,20.0,13.0,100.0,151.6,dexcom,159.4,2,0,3.0714285714285716,83.0,0.5180722891566265,0.24096385542168675,0.24096385542168675,50.599999999999994
36,2022-04-06 16:53:00,61,M,24.98509691,154.8,66.0,6.9,101,16,Dinner,659.0,62.0,76.0,37.0,4.0,400.0,100.0,dexcom,159.0,2,0,12.4,175.0,0.35428571428571426,0.4342857142857143,0.21142857142857144,-1.0
36,2022-04-07 07:54:00,61,M,24.98509691,154.8,66.0,6.9,101,7,Breakfast,268.0,24.0,22.0,10.5,0.0,100.0,126.2,dexcom,182.2,3,0,24.0,56.5,0.4247787610619469,0.3893805309734513,0.18584070796460178,25.200000000000003
36,2022-04-07 12:36:00,61,M,24.98509691,154.8,66.0,6.9,101,12,Lunch,725.0,94.0,44.0,20.0,4.0,100.0,106.6,dexcom,154.8,3,0,18.8,158.0,0.5949367088607594,0.27848101265822783,0.12658227848101267,5.599999999999994
36,2022-04-07 17:32:00,61,M,24.98509691,154.8,66.0,6.9,101,17,Dinner,140.0,4.0,12.0,8.0,0.0,100.0,170.6,dexcom,114.4,3,0,4.0,24.0,0.16666666666666666,0.5,0.3333333333333333,69.6
36,2022-04-08 08:00:00,61,M,24.98509691,154.8,66.0,6.9,101,8,Breakfast,902.0,73.0,22.0,42.0,7.0,100.0,82.2,libre,195.5333,4,0,9.125,137.0,0.5328467153284672,0.16058394160583941,0.30656934306569344,-18.799999999999997
38,2022-01-25 11:50:00,52,M,34.45714309,202.0,64.2,7.2,151,11,Lunch,1180.0,81.0,88.0,54.5,18.0,100.0,129.0,dexcom,159.8,1,0,4.2631578947368425,223.5,0.3624161073825503,0.39373601789709173,0.24384787472035793,-22.0
38,2022-01-25 19:30:00,52,M,34.45714309,202.0,64.2,7.2,151,19,Dinner,362.0,54.0,16.0,11.0,16.0,500.0,122.8,dexcom,147.8,1,0,3.176470588235294,81.0,0.6666666666666666,0.19753086419753085,0.13580246913580246,-28.200000000000003
38,2022-01-26 08:00:00,52,M,34.45714309,202.0,64.2,7.2,151,8,Breakfast,448.0,66.0,22.0,10.5,0.0,100.0,154.4,dexcom,219.4,2,0,66.0,98.5,0.6700507614213198,0.2233502538071066,0.1065989847715736,3.4000000000000057
38,2022-01-26 11:48:00,52,M,34.45714309,202.0,64.2,7.2,151,11,Lunch,830.0,92.0,17.0,42.0,10.0,100.0,107.2,dexcom,146.8,2,0,8.363636363636363,151.0,0.609271523178808,0.11258278145695365,0.2781456953642384,-43.8
38,2022-01-26 16:18:00,52,M,34.45714309,202.0,64.2,7.2,151,16,Snack,142.0,36.0,2.0,1.0,6.0,100.0,118.2,dexcom,145.8,2,0,5.142857142857143,39.0,0.9230769230769231,0.05128205128205128,0.02564102564102564,-32.8
38,2022-01-26 16:31:00,52,M,34.45714309,202.0,64.2,7.2,151,16,Snack,38.0,9.0,1.0,0.0,5.0,100.0,116.8,dexcom,167.2,2,0,1.5,10.0,0.9,0.1,0.0,-34.2
38,2022-01-27 06:27:00,52,M,34.45714309,202.0,64.2,7.2,151,6,Breakfast,608.0,66.0,66.0,10.5,0.0,100.0,167.2,dexcom,205.4,3,0,66.0,142.5,0.4631578947368421,0.4631578947368421,0.07368421052631578,16.19999999999999
38,2022-01-27 11:22:00,52,M,34.45714309,202.0,64.2,7.2,151,11,Lunch,435.0,16.0,66.0,14.0,4.0,100.0,116.6,dexcom,132.4,3,0,3.2,96.0,0.16666666666666666,0.6875,0.14583333333333334,-34.400000000000006
38,2022-01-27 11:46:00,52,M,34.45714309,202.0,64.2,7.2,151,11,Snack,0.0,0.0,0.0,0.0,0.0,0.0,111.8,dexcom,125.4,3,0,0.0,0.0,0.0,0.0,0.0,-39.2
38,2022-01-27 15:59:00,52,M,34.45714309,202.0,64.2,7.2,151,15,Snack,0.0,0.0,0.0,0.0,0.0,0.0,113.0,dexcom,134.0,3,0,0.0,0.0,0.0,0.0,0.0,-38.0
38,2022-01-27 17:46:00,52,M,34.45714309,202.0,64.2,7.2,151,17,Snack,38.0,9.0,1.0,0.0,5.0,100.0,128.4,dexcom,174.4,3,0,1.5,10.0,0.9,0.1,0.0,-22.599999999999994
38,2022-01-28 06:16:00,52,M,34.45714309,202.0,64.2,7.2,151,6,Breakfast,712.0,66.0,22.0,42.0,0.0,100.0,138.2,dexcom,269.8,4,0,66.0,130.0,0.5076923076923077,0.16923076923076924,0.3230769230769231,-12.800000000000011
38,2022-01-28 11:24:00,52,M,34.45714309,202.0,64.2,7.2,151,11,Lunch,555.0,94.0,12.0,13.0,5.0,100.0,111.0,dexcom,304.0,4,0,15.666666666666666,119.0,0.7899159663865546,0.10084033613445378,0.1092436974789916,-40.0
38,2022-01-28 15:47:00,52,M,34.45714309,202.0,64.2,7.2,151,15,Snack,38.0,9.0,1.0,0.0,5.0,100.0,182.0,dexcom,117.4,4,0,1.5,10.0,0.9,0.1,0.0,31.0
38,2022-01-28 17:00:00,52,M,34.45714309,202.0,64.2,7.2,151,17,Snack,0.0,0.0,0.0,0.0,0.0,0.0,144.6,dexcom,152.6,4,0,0.0,0.0,0.0,0.0,0.0,-6.400000000000006
38,2022-01-29 06:38:00,52,M,34.45714309,202.0,64.2,7.2,151,6,Breakfast,902.0,73.0,66.0,42.0,7.0,100.0,152.8,dexcom,173.2,5,1,9.125,181.0,0.40331491712707185,0.36464088397790057,0.23204419889502761,1.8000000000000114
38,2022-01-29 11:29:00,52,M,34.45714309,202.0,64.2,7.2,151,11,Lunch,355.0,19.0,32.0,15.0,5.0,100.0,117.0,dexcom,118.0,5,1,3.1666666666666665,66.0,0.2878787878787879,0.48484848484848486,0.22727272727272727,-34.0
38,2022-01-29 16:23:00,52,M,34.45714309,202.0,64.2,7.2,151,16,Snack,314.0,77.0,5.0,1.0,8.0,300.0,117.4,dexcom,192.0,5,1,8.555555555555555,83.0,0.927710843373494,0.060240963855421686,0.012048192771084338,-33.599999999999994
38,2022-01-29 16:25:00,52,M,34.45714309,202.0,64.2,7.2,151,16,Snack,38.0,9.0,1.0,0.0,5.0,100.0,117.8,dexcom,196.2,5,1,1.5,10.0,0.9,0.1,0.0,-33.2
38,2022-01-30 06:48:00,52,M,34.45714309,202.0,64.2,7.2,151,6,Breakfast,268.0,24.0,22.0,10.5,0.0,100.0,152.4,dexcom,182.0,6,1,24.0,56.5,0.4247787610619469,0.3893805309734513,0.18584070796460178,1.4000000000000057
38,2022-01-30 11:23:00,52,M,34.45714309,202.0,64.2,7.2,151,11,Lunch,1110.0,93.0,84.0,44.0,4.0,100.0,109.6,dexcom,162.2,6,1,18.6,221.0,0.42081447963800905,0.38009049773755654,0.19909502262443438,-41.400000000000006
38,2022-01-30 14:59:00,52,M,34.45714309,202.0,64.2,7.2,151,14,Dinner,0.0,0.0,0.0,0.0,0.0,0.0,154.0,dexcom,135.0,6,1,0.0,0.0,0.0,0.0,0.0,3.0
38,2022-01-30 18:20:00,52,M,34.45714309,202.0,64.2,7.2,151,18,Dinner,0.0,0.0,0.0,0.0,0.0,0.0,121.4,dexcom,211.0,6,1,0.0,0.0,0.0,0.0,0.0,-29.599999999999994
38,2022-01-31 07:03:00,52,M,34.45714309,202.0,64.2,7.2,151,7,Breakfast,448.0,66.0,22.0,10.5,0.0,100.0,155.8,dexcom,200.6,0,0,66.0,98.5,0.6700507614213198,0.2233502538071066,0.1065989847715736,4.800000000000011
38,2022-01-31 11:30:00,52,M,34.45714309,202.0,64.2,7.2,151,11,Lunch,575.0,76.0,22.0,18.5,11.0,100.0,107.6,dexcom,130.8,0,0,6.333333333333333,116.5,0.6523605150214592,0.1888412017167382,0.15879828326180256,-43.400000000000006
38,2022-01-31 14:38:00,52,M,34.45714309,202.0,64.2,7.2,151,14,Snack,52.0,14.0,1.0,0.0,1.0,100.0,120.8,dexcom,127.2,0,0,7.0,15.0,0.9333333333333333,0.06666666666666667,0.0,-30.200000000000003
38,2022-01-31 17:09:00,52,M,34.45714309,202.0,64.2,7.2,151,17,Snack,277.0,55.0,11.0,1.0,2.0,100.0,152.0,dexcom,160.0,0,0,18.333333333333332,67.0,0.8208955223880597,0.16417910447761194,0.014925373134328358,1.0
38,2022-02-01 07:18:00,52,M,34.45714309,202.0,64.2,7.2,151,7,Breakfast,608.0,66.0,66.0,10.5,0.0,100.0,162.8,dexcom,154.4,1,0,66.0,142.5,0.4631578947368421,0.4631578947368421,0.07368421052631578,11.800000000000011
38,2022-02-01 11:13:00,52,M,34.45714309,202.0,64.2,7.2,151,11,Lunch,585.0,40.0,76.0,17.0,13.0,100.0,111.6,dexcom,132.4,1,0,2.857142857142857,133.0,0.3007518796992481,0.5714285714285714,0.12781954887218044,-39.400000000000006
38,2022-02-01 15:22:00,52,M,34.45714309,202.0,64.2,7.2,151,15,Dinner,52.0,12.0,1.0,0.0,0.0,100.0,114.4,dexcom,175.6,1,0,12.0,13.0,0.9230769230769231,0.07692307692307693,0.0,-36.599999999999994
38,2022-02-01 17:12:00,52,M,34.45714309,202.0,64.2,7.2,151,17,Dinner,446.0,58.0,40.0,7.0,10.0,200.0,170.0,dexcom,150.2,1,0,5.2727272727272725,105.0,0.5523809523809524,0.38095238095238093,0.06666666666666667,19.0
38,2022-02-02 07:02:00,52,M,34.45714309,202.0,64.2,7.2,151,7,Breakfast,712.0,66.0,22.0,42.0,0.0,100.0,156.0,dexcom,143.8,2,0,66.0,130.0,0.5076923076923077,0.16923076923076924,0.3230769230769231,5.0
38,2022-02-02 11:34:00,52,M,34.45714309,202.0,64.2,7.2,151,11,Lunch,445.0,43.0,20.0,20.0,13.0,100.0,119.0,dexcom,116.0,2,0,3.0714285714285716,83.0,0.5180722891566265,0.24096385542168675,0.24096385542168675,-32.0
38,2022-02-02 15:14:00,52,M,34.45714309,202.0,64.2,7.2,151,15,Snack,0.0,0.0,0.0,0.0,0.0,0.0,112.0,dexcom,156.0,2,0,0.0,0.0,0.0,0.0,0.0,-39.0
38,2022-02-02 16:04:00,52,M,34.45714309,202.0,64.2,7.2,151,16,Snack,0.0,0.0,0.0,0.0,0.0,0.0,123.0,dexcom,174.0,2,0,0.0,0.0,0.0,0.0,0.0,-28.0
38,2022-02-03 07:17:00,52,M,34.45714309,202.0,64.2,7.2,151,7,Breakfast,268.0,24.0,22.0,10.5,0.0,100.0,156.2,dexcom,137.0,3,0,24.0,56.5,0.4247787610619469,0.3893805309734513,0.18584070796460178,5.199999999999989
38,2022-02-03 11:03:00,52,M,34.45714309,202.0,64.2,7.2,151,11,Lunch,725.0,94.0,44.0,20.0,4.0,100.0,104.2,dexcom,133.0,3,0,18.8,158.0,0.5949367088607594,0.27848101265822783,0.12658227848101267,-46.8
38,2022-02-03 13:41:00,52,M,34.45714309,202.0,64.2,7.2,151,13,Dinner,0.0,0.0,0.0,0.0,0.0,0.0,143.8,dexcom,153.0,3,0,0.0,0.0,0.0,0.0,0.0,-7.199999999999989
38,2022-02-03 16:39:00,52,M,34.45714309,202.0,64.2,7.2,151,16,Dinner,277.0,55.0,11.0,1.0,2.0,100.0,141.0,dexcom,191.0,3,0,18.333333333333332,67.0,0.8208955223880597,0.16417910447761194,0.014925373134328358,-10.0
38,2022-02-04 06:02:00,52,M,34.45714309,202.0,64.2,7.2,151,6,Breakfast,902.0,73.0,22.0,42.0,7.0,100.0,133.2,dexcom,204.0,4,0,9.125,137.0,0.5328467153284672,0.16058394160583941,0.30656934306569344,-17.80000000000001
39,2025-02-07 11:19:00,45,F,26.92293385,147.2,62.0,8.3,158,11,Lunch,1180.0,81.0,88.0,54.5,18.0,100.0,170.0,dexcom,152.0,4,0,4.2631578947368425,223.5,0.3624161073825503,0.39373601789709173,0.24384787472035793,12.0
39,2025-02-07 14:32:00,45,F,26.92293385,147.2,62.0,8.3,158,14,Snack,215.0,49.0,1.0,0.0,11.0,900.0,174.0,dexcom,129.4,4,0,4.083333333333333,50.0,0.98,0.02,0.0,16.0
39,2025-02-07 17:54:00,45,F,26.92293385,147.2,62.0,8.3,158,17,Dinner,1331.0,87.0,96.0,66.0,12.0,600.0,143.0,dexcom,216.0,4,0,6.6923076923076925,249.0,0.3493975903614458,0.3855421686746988,0.26506024096385544,-15.0
39,2025-02-08 08:57:00,45,F,26.92293385,147.2,62.0,8.3,158,8,Breakfast,448.0,66.0,22.0,10.5,0.0,100.0,176.8,dexcom,359.4,5,1,66.0,98.5,0.6700507614213198,0.2233502538071066,0.1065989847715736,18.80000000000001
39,2025-02-08 12:07:00,45,F,26.92293385,147.2,62.0,8.3,158,12,Lunch,830.0,92.0,17.0,42.0,10.0,100.0,235.2,dexcom,194.4,5,1,8.363636363636363,151.0,0.609271523178808,0.11258278145695365,0.2781456953642384,77.19999999999999
39,2025-02-08 15:21:00,45,F,26.92293385,147.2,62.0,8.3,158,15,Snack,93.0,18.0,1.0,0.0,7.0,500.0,151.2,dexcom,213.6,5,1,2.25,19.0,0.9473684210526315,0.05263157894736842,0.0,-6.800000000000011
39,2025-02-08 16:12:00,45,F,26.92293385,147.2,62.0,8.3,158,16,Dinner,190.0,50.0,0.0,0.0,8.0,200.0,157.6,dexcom,274.6,5,1,5.555555555555555,50.0,1.0,0.0,0.0,-0.4000000000000057
39,2025-02-09 08:06:00,45,F,26.92293385,147.2,62.0,8.3,158,8,Breakfast,608.0,66.0,66.0,10.5,0.0,100.0,196.2,dexcom,366.2,6,1,66.0,142.5,0.4631578947368421,0.4631578947368421,0.07368421052631578,38.19999999999999
39,2025-02-09 12:18:00,45,F,26.92293385,147.2,62.0,8.3,158,12,Lunch,435.0,16.0,66.0,14.0,4.0,100.0,218.6,dexcom,163.4,6,1,3.2,96.0,0.16666666666666666,0.6875,0.14583333333333334,60.599999999999994
39,2025-02-09 15:29:00,45,F,26.92293385,147.2,62.0,8.3,158,15,Dinner,428.0,73.0,27.0,5.0,9.0,400.0,132.0,dexcom,197.0,6,1,7.3,105.0,0.6952380952380952,0.2571428571428571,0.047619047619047616,-26.0
39,2025-02-09 16:50:00,45,F,26.92293385,147.2,62.0,8.3,158,16,Snack,239.0,58.0,1.0,0.0,14.0,500.0,165.8,dexcom,167.2,6,1,3.8666666666666667,59.0,0.9830508474576272,0.01694915254237288,0.0,7.800000000000011
39,2025-02-10 08:54:00,45,F,26.92293385,147.2,62.0,8.3,158,8,Breakfast,712.0,66.0,22.0,42.0,0.0,100.0,168.0,dexcom,366.0,0,0,66.0,130.0,0.5076923076923077,0.16923076923076924,0.3230769230769231,10.0
39,2025-02-10 11:54:00,45,F,26.92293385,147.2,62.0,8.3,158,11,Lunch,555.0,94.0,12.0,13.0,5.0,100.0,266.0,dexcom,264.0,0,0,15.666666666666666,119.0,0.7899159663865546,0.10084033613445378,0.1092436974789916,108.0
39,2025-02-10 15:05:00,45,F,26.92293385,147.2,62.0,8.3,158,15,Snack,62.0,15.0,1.0,0.0,7.0,300.0,175.0,dexcom,191.2,0,0,1.875,16.0,0.9375,0.0625,0.0,17.0
39,2025-02-10 18:04:00,45,F,26.92293385,147.2,62.0,8.3,158,18,Dinner,0.0,0.0,0.0,0.0,0.0,0.0,204.0,dexcom,289.0,0,0,0.0,0.0,0.0,0.0,0.0,46.0
39,2025-02-11 08:30:00,45,F,26.92293385,147.2,62.0,8.3,158,8,Breakfast,902.0,73.0,66.0,42.0,7.0,100.0,178.8,dexcom,310.8,1,0,9.125,181.0,0.40331491712707185,0.36464088397790057,0.23204419889502761,20.80000000000001
39,2025-02-11 11:38:00,45,F,26.92293385,147.2,62.0,8.3,158,11,Lunch,355.0,19.0,32.0,15.0,5.0,100.0,275.6,dexcom,170.4,1,0,3.1666666666666665,66.0,0.2878787878787879,0.48484848484848486,0.22727272727272727,117.60000000000002
39,2025-02-11 16:44:00,45,F,26.92293385,147.2,62.0,8.3,158,16,Snack,387.0,40.0,3.0,18.0,4.0,0.0,138.0,dexcom,298.0,1,0,8.0,61.0,0.6557377049180327,0.04918032786885246,0.29508196721311475,-20.0
39,2025-02-12 09:11:00,45,F,26.92293385,147.2,62.0,8.3,158,9,Breakfast,268.0,24.0,22.0,10.5,0.0,100.0,183.8,dexcom,238.2,2,0,24.0,56.5,0.4247787610619469,0.3893805309734513,0.18584070796460178,25.80000000000001
39,2025-02-12 12:21:00,45,F,26.92293385,147.2,62.0,8.3,158,12,Lunch,1110.0,93.0,84.0,44.0,4.0,100.0,187.8,dexcom,245.6,2,0,18.6,221.0,0.42081447963800905,0.38009049773755654,0.19909502262443438,29.80000000000001
39,2025-02-12 15:36:00,45,F,26.92293385,147.2,62.0,8.3,158,15,Snack,279.0,52.0,6.0,3.0,7.0,0.0,224.0,dexcom,245.6,2,0,6.5,61.0,0.8524590163934426,0.09836065573770492,0.04918032786885246,66.0
39,2025-02-13 08:04:00,45,F,26.92293385,147.2,62.0,8.3,158,8,Breakfast,448.0,66.0,22.0,10.5,0.0,100.0,200.0,dexcom,335.0,3,0,66.0,98.5,0.6700507614213198,0.2233502538071066,0.1065989847715736,42.0
39,2025-02-13 11:45:00,45,F,26.92293385,147.2,62.0,8.3,158,11,Lunch,575.0,76.0,22.0,18.5,11.0,100.0,214.6,dexcom,198.0,3,0,6.333333333333333,116.5,0.6523605150214592,0.1888412017167382,0.15879828326180256,56.599999999999994
39,2025-02-13 15:01:00,45,F,26.92293385,147.2,62.0,8.3,158,15,Snack,295.0,31.0,7.0,16.0,6.0,0.0,183.0,dexcom,248.0,3,0,4.428571428571429,54.0,0.5740740740740741,0.12962962962962962,0.2962962962962963,25.0
39,2025-02-14 06:51:00,45,F,26.92293385,147.2,62.0,8.3,158,6,Breakfast,608.0,66.0,66.0,10.5,0.0,100.0,186.0,dexcom,368.8,4,0,66.0,142.5,0.4631578947368421,0.4631578947368421,0.07368421052631578,28.0
39,2025-02-14 11:39:00,45,F,26.92293385,147.2,62.0,8.3,158,11,Lunch,585.0,40.0,76.0,17.0,13.0,100.0,203.0,dexcom,190.0,4,0,2.857142857142857,133.0,0.3007518796992481,0.5714285714285714,0.12781954887218044,45.0
39,2025-02-14 15:29:00,45,F,26.92293385,147.2,62.0,8.3,158,15,Dinner,498.0,70.0,41.0,7.0,10.0,300.0,136.0,dexcom,179.0,4,0,6.363636363636363,118.0,0.5932203389830508,0.3474576271186441,0.059322033898305086,-22.0
39,2025-02-15 08:28:00,45,F,26.92293385,147.2,62.0,8.3,158,8,Breakfast,712.0,66.0,22.0,42.0,0.0,100.0,180.8,dexcom,400.0,5,1,66.0,130.0,0.5076923076923077,0.16923076923076924,0.3230769230769231,22.80000000000001
39,2025-02-15 11:25:00,45,F,26.92293385,147.2,62.0,8.3,158,11,Lunch,445.0,43.0,20.0,20.0,13.0,100.0,312.0,dexcom,218.8,5,1,3.0714285714285716,83.0,0.5180722891566265,0.24096385542168675,0.24096385542168675,154.0
39,2025-02-15 18:22:00,45,F,26.92293385,147.2,62.0,8.3,158,18,Dinner,0.0,0.0,0.0,0.0,0.0,0.0,143.8,dexcom,352.0,5,1,0.0,0.0,0.0,0.0,0.0,-14.199999999999989
39,2025-02-16 07:13:00,45,F,26.92293385,147.2,62.0,8.3,158,7,Breakfast,268.0,24.0,22.0,10.5,0.0,100.0,208.0,dexcom,245.4,6,1,24.0,56.5,0.4247787610619469,0.3893805309734513,0.18584070796460178,50.0
39,2025-02-16 12:05:00,45,F,26.92293385,147.2,62.0,8.3,158,12,Lunch,725.0,94.0,44.0,20.0,4.0,100.0,152.4,dexcom,274.8,6,1,18.8,158.0,0.5949367088607594,0.27848101265822783,0.12658227848101267,-5.599999999999994
39,2025-02-16 17:52:00,45,F,26.92293385,147.2,62.0,8.3,158,17,Dinner,0.0,0.0,0.0,0.0,0.0,0.0,146.0,dexcom,221.6,6,1,0.0,0.0,0.0,0.0,0.0,-12.0
39,2025-02-17 09:17:00,45,F,26.92293385,147.2,62.0,8.3,158,9,Breakfast,902.0,73.0,22.0,42.0,7.0,100.0,113.4667,libre,245.3333,0,0,9.125,137.0,0.5328467153284672,0.16058394160583941,0.30656934306569344,-44.5333
41,2022-04-26 11:14:00,58,F,27.85067764,147.4,61.0,6.3,138,11,Lunch,1180.0,81.0,88.0,54.5,18.0,75.0,155.6,dexcom,211.8,1,0,4.2631578947368425,223.5,0.3624161073825503,0.39373601789709173,0.24384787472035793,17.599999999999994
41,2022-04-26 14:17:00,58,F,27.85067764,147.4,61.0,6.3,138,14,Snack,0.0,0.0,0.0,0.0,0.0,0.0,203.6,dexcom,174.6,1,0,0.0,0.0,0.0,0.0,0.0,65.6
41,2022-04-26 17:04:00,58,F,27.85067764,147.4,61.0,6.3,138,17,Snack,0.0,0.0,0.0,0.0,0.0,0.0,212.0,dexcom,173.6,1,0,0.0,0.0,0.0,0.0,0.0,74.0
41,2022-04-26 20:22:00,58,F,27.85067764,147.4,61.0,6.3,138,20,Dinner,0.0,0.0,0.0,0.0,0.0,0.0,168.0,dexcom,214.0,1,0,0.0,0.0,0.0,0.0,0.0,30.0
41,2022-04-27 08:45:00,58,F,27.85067764,147.4,61.0,6.3,138,8,Breakfast,448.0,66.0,22.0,10.5,0.0,100.0,161.0,dexcom,371.2,2,0,66.0,98.5,0.6700507614213198,0.2233502538071066,0.1065989847715736,23.0
41,2022-04-27 12:02:00,58,F,27.85067764,147.4,61.0,6.3,138,12,Lunch,830.0,92.0,17.0,42.0,10.0,100.0,200.2,dexcom,148.0,2,0,8.363636363636363,151.0,0.609271523178808,0.11258278145695365,0.2781456953642384,62.19999999999999
41,2022-04-27 15:28:00,58,F,27.85067764,147.4,61.0,6.3,138,15,Snack,341.0,77.0,3.0,2.0,1.0,100.0,116.0,dexcom,248.0,2,0,38.5,82.0,0.9390243902439024,0.036585365853658534,0.024390243902439025,-22.0
41,2022-04-27 16:12:00,58,F,27.85067764,147.4,61.0,6.3,138,16,Dinner,387.0,58.0,21.0,8.0,14.0,100.0,218.8,dexcom,213.6,2,0,3.8666666666666667,87.0,0.6666666666666666,0.2413793103448276,0.09195402298850575,80.80000000000001
41,2022-04-27 20:41:00,58,F,27.85067764,147.4,61.0,6.3,138,20,Snack,220.0,30.0,5.0,10.0,1.0,100.0,162.2,dexcom,174.8,2,0,15.0,45.0,0.6666666666666666,0.1111111111111111,0.2222222222222222,24.19999999999999
41,2022-04-28 07:41:00,58,F,27.85067764,147.4,61.0,6.3,138,7,Breakfast,608.0,66.0,66.0,10.5,0.0,100.0,170.4,dexcom,298.6,3,0,66.0,142.5,0.4631578947368421,0.4631578947368421,0.07368421052631578,32.400000000000006
41,2022-04-28 12:26:00,58,F,27.85067764,147.4,61.0,6.3,138,12,Lunch,435.0,16.0,66.0,14.0,4.0,100.0,114.2,dexcom,144.2,3,0,3.2,96.0,0.16666666666666666,0.6875,0.14583333333333334,-23.799999999999997
41,2022-04-28 15:19:00,58,F,27.85067764,147.4,61.0,6.3,138,15,Dinner,136.0,9.0,4.0,8.0,3.0,100.0,152.2,dexcom,176.2,3,0,2.25,21.0,0.42857142857142855,0.19047619047619047,0.38095238095238093,14.199999999999989
41,2022-04-28 16:40:00,58,F,27.85067764,147.4,61.0,6.3,138,16,Dinner,396.0,32.0,31.0,19.0,3.0,100.0,177.4,dexcom,175.4,3,0,8.0,82.0,0.3902439024390244,0.3780487804878049,0.23170731707317074,39.400000000000006
41,2022-04-28 19:48:00,58,F,27.85067764,147.4,61.0,6.3,138,19,Dinner,416.0,28.0,22.0,24.0,2.0,100.0,175.0,dexcom,229.0,3,0,9.333333333333334,74.0,0.3783783783783784,0.2972972972972973,0.32432432432432434,37.0
41,2022-04-29 08:15:00,58,F,27.85067764,147.4,61.0,6.3,138,8,Breakfast,712.0,66.0,22.0,42.0,0.0,100.0,159.0,dexcom,253.0,4,0,66.0,130.0,0.5076923076923077,0.16923076923076924,0.3230769230769231,21.0
41,2022-04-29 11:17:00,58,F,27.85067764,147.4,61.0,6.3,138,11,Lunch,555.0,94.0,12.0,13.0,5.0,75.0,268.0,dexcom,231.4,4,0,15.666666666666666,119.0,0.7899159663865546,0.10084033613445378,0.1092436974789916,130.0
41,2022-04-29 15:01:00,58,F,27.85067764,147.4,61.0,6.3,138,15,Snack,305.0,40.0,15.0,8.0,5.0,100.0,134.2,dexcom,183.0,4,0,6.666666666666667,63.0,0.6349206349206349,0.23809523809523808,0.12698412698412698,-3.8000000000000114
41,2022-04-29 16:35:00,58,F,27.85067764,147.4,61.0,6.3,138,16,Dinner,815.0,39.0,67.0,16.0,6.0,100.0,180.8,dexcom,207.0,4,0,5.571428571428571,122.0,0.319672131147541,0.5491803278688525,0.13114754098360656,42.80000000000001
41,2022-04-29 20:59:00,58,F,27.85067764,147.4,61.0,6.3,138,20,Snack,120.0,18.0,5.0,3.0,5.0,100.0,127.2,dexcom,129.8,4,0,3.0,26.0,0.6923076923076923,0.19230769230769232,0.11538461538461539,-10.799999999999997
41,2022-04-30 09:03:00,58,F,27.85067764,147.4,61.0,6.3,138,9,Breakfast,902.0,73.0,66.0,42.0,7.0,100.0,144.0,dexcom,232.0,5,1,9.125,181.0,0.40331491712707185,0.36464088397790057,0.23204419889502761,6.0
41,2022-04-30 12:13:00,58,F,27.85067764,147.4,61.0,6.3,138,12,Lunch,355.0,19.0,32.0,15.0,5.0,100.0,232.0,dexcom,125.0,5,1,3.1666666666666665,66.0,0.2878787878787879,0.48484848484848486,0.22727272727272727,94.0
41,2022-04-30 16:05:00,58,F,27.85067764,147.4,61.0,6.3,138,16,Snack,660.0,36.0,24.0,51.0,5.0,500.0,126.8,dexcom,175.6,5,1,6.0,111.0,0.32432432432432434,0.21621621621621623,0.4594594594594595,-11.200000000000003
41,2022-04-30 17:46:00,58,F,27.85067764,147.4,61.0,6.3,138,17,Dinner,294.0,49.0,2.0,1.0,2.0,300.0,158.0,dexcom,215.8,5,1,16.333333333333332,52.0,0.9423076923076923,0.038461538461538464,0.019230769230769232,20.0
41,2022-04-30 22:22:00,58,F,27.85067764,147.4,61.0,6.3,138,22,Snack,475.0,44.0,13.0,25.0,6.0,400.0,139.0,dexcom,166.2,5,1,6.285714285714286,82.0,0.5365853658536586,0.15853658536585366,0.3048780487804878,1.0
41,2022-05-01 07:44:00,58,F,27.85067764,147.4,61.0,6.3,138,7,Breakfast,268.0,24.0,22.0,10.5,0.0,100.0,131.2,dexcom,183.0,6,1,24.0,56.5,0.4247787610619469,0.3893805309734513,0.18584070796460178,-6.800000000000011
41,2022-05-01 11:54:00,58,F,27.85067764,147.4,61.0,6.3,138,11,Lunch,1110.0,93.0,84.0,44.0,4.0,100.0,113.2,dexcom,304.6,6,1,18.6,221.0,0.42081447963800905,0.38009049773755654,0.19909502262443438,-24.799999999999997
41,2022-05-01 16:00:00,58,F,27.85067764,147.4,61.0,6.3,138,16,Snack,70.0,19.0,1.0,0.0,4.0,100.0,180.4,dexcom,252.0,6,1,3.8,20.0,0.95,0.05,0.0,42.400000000000006
41,2022-05-01 16:01:00,58,F,27.85067764,147.4,61.0,6.3,138,16,Snack,580.0,38.0,15.0,44.0,2.0,500.0,181.6,dexcom,251.0,6,1,12.666666666666666,97.0,0.3917525773195876,0.15463917525773196,0.4536082474226804,43.599999999999994
41,2022-05-01 20:34:00,58,F,27.85067764,147.4,61.0,6.3,138,20,Dinner,346.0,64.0,7.0,6.0,1.0,300.0,141.6,dexcom,175.0,6,1,32.0,77.0,0.8311688311688312,0.09090909090909091,0.07792207792207792,3.5999999999999943
41,2022-05-02 08:19:00,58,F,27.85067764,147.4,61.0,6.3,138,8,Breakfast,448.0,66.0,22.0,10.5,0.0,100.0,143.2,dexcom,251.4,0,0,66.0,98.5,0.6700507614213198,0.2233502538071066,0.1065989847715736,5.199999999999989
41,2022-05-02 11:25:00,58,F,27.85067764,147.4,61.0,6.3,138,11,Lunch,575.0,76.0,22.0,18.5,11.0,75.0,155.8,dexcom,198.8,0,0,6.333333333333333,116.5,0.6523605150214592,0.1888412017167382,0.15879828326180256,17.80000000000001
41,2022-05-02 14:47:00,58,F,27.85067764,147.4,61.0,6.3,138,14,Snack,374.0,51.0,14.0,12.0,2.0,100.0,155.8,dexcom,158.2,0,0,17.0,77.0,0.6623376623376623,0.18181818181818182,0.15584415584415584,17.80000000000001
41,2022-05-02 18:57:00,58,F,27.85067764,147.4,61.0,6.3,138,18,Dinner,625.0,48.0,50.0,27.0,9.0,100.0,146.8,dexcom,186.0,0,0,4.8,125.0,0.384,0.4,0.216,8.800000000000011
41,2022-05-02 22:30:00,58,F,27.85067764,147.4,61.0,6.3,138,22,Snack,82.0,12.0,3.0,3.0,1.0,100.0,156.4,dexcom,176.6,0,0,6.0,18.0,0.6666666666666666,0.16666666666666666,0.16666666666666666,18.400000000000006
41,2022-05-03 07:44:00,58,F,27.85067764,147.4,61.0,6.3,138,7,Breakfast,608.0,66.0,66.0,10.5,0.0,100.0,138.4,dexcom,206.8,1,0,66.0,142.5,0.4631578947368421,0.4631578947368421,0.07368421052631578,0.4000000000000057
41,2022-05-03 11:07:00,58,F,27.85067764,147.4,61.0,6.3,138,11,Lunch,585.0,40.0,76.0,17.0,13.0,100.0,160.0,dexcom,148.8,1,0,2.857142857142857,133.0,0.3007518796992481,0.5714285714285714,0.12781954887218044,22.0
41,2022-05-03 15:22:00,58,F,27.85067764,147.4,61.0,6.3,138,15,Snack,240.0,18.0,9.0,14.0,2.0,100.0,143.8,dexcom,226.0,1,0,6.0,41.0,0.43902439024390244,0.21951219512195122,0.34146341463414637,5.800000000000011
41,2022-05-03 17:08:00,58,F,27.85067764,147.4,61.0,6.3,138,17,Dinner,326.0,47.0,18.0,5.0,11.0,100.0,243.0,dexcom,201.0,1,0,3.9166666666666665,70.0,0.6714285714285714,0.2571428571428571,0.07142857142857142,105.0
41,2022-05-03 20:25:00,58,F,27.85067764,147.4,61.0,6.3,138,20,Snack,93.0,15.0,3.0,2.0,1.0,100.0,155.8,dexcom,167.2,1,0,7.5,20.0,0.75,0.15,0.1,17.80000000000001
41,2022-05-04 07:58:00,58,F,27.85067764,147.4,61.0,6.3,138,7,Breakfast,712.0,66.0,22.0,42.0,0.0,100.0,145.0,dexcom,257.0,2,0,66.0,130.0,0.5076923076923077,0.16923076923076924,0.3230769230769231,7.0
41,2022-05-04 11:28:00,58,F,27.85067764,147.4,61.0,6.3,138,11,Lunch,445.0,43.0,20.0,20.0,13.0,100.0,184.0,dexcom,154.0,2,0,3.0714285714285716,83.0,0.5180722891566265,0.24096385542168675,0.24096385542168675,46.0
41,2022-05-04 15:11:00,58,F,27.85067764,147.4,61.0,6.3,138,15,Snack,37.0,5.0,1.0,2.0,1.0,100.0,136.6,dexcom,182.0,2,0,2.5,8.0,0.625,0.125,0.25,-1.4000000000000057
41,2022-05-04 18:56:00,58,F,27.85067764,147.4,61.0,6.3,138,18,Dinner,919.0,67.0,89.0,32.0,5.0,100.0,121.4,dexcom,198.2,2,0,11.166666666666666,188.0,0.35638297872340424,0.4734042553191489,0.1702127659574468,-16.599999999999994
41,2022-05-05 07:59:00,58,F,27.85067764,147.4,61.0,6.3,138,7,Breakfast,268.0,24.0,22.0,10.5,0.0,100.0,131.2,dexcom,158.8,3,0,24.0,56.5,0.4247787610619469,0.3893805309734513,0.18584070796460178,-6.800000000000011
41,2022-05-05 11:15:00,58,F,27.85067764,147.4,61.0,6.3,138,11,Lunch,725.0,94.0,44.0,20.0,4.0,100.0,117.6,dexcom,149.8,3,0,18.8,158.0,0.5949367088607594,0.27848101265822783,0.12658227848101267,-20.400000000000006
41,2022-05-05 14:30:00,58,F,27.85067764,147.4,61.0,6.3,138,14,Snack,285.0,35.0,14.0,10.0,1.0,100.0,126.0,dexcom,164.6,3,0,17.5,59.0,0.5932203389830508,0.23728813559322035,0.1694915254237288,-12.0
41,2022-05-05 16:50:00,58,F,27.85067764,147.4,61.0,6.3,138,16,Dinner,842.0,42.0,16.0,3.0,15.0,100.0,142.0,dexcom,198.2,3,0,2.625,61.0,0.6885245901639344,0.26229508196721313,0.04918032786885246,4.0
41,2022-05-05 17:01:00,58,F,27.85067764,147.4,61.0,6.3,138,17,Snack,577.0,98.0,16.0,12.0,1.0,100.0,144.2,dexcom,201.8,3,0,49.0,126.0,0.7777777777777778,0.12698412698412698,0.09523809523809523,6.199999999999989
42,2025-07-25 12:53:00,51,F,43.26869186,229.0,61.0,7.1,142,12,Lunch,1180.0,81.0,88.0,54.5,18.0,100.0,124.8,dexcom,190.4,4,0,4.2631578947368425,223.5,0.3624161073825503,0.39373601789709173,0.24384787472035793,-17.200000000000003
42,2025-07-25 17:20:00,51,F,43.26869186,229.0,61.0,7.1,142,17,Dinner,0.0,0.0,0.0,0.0,0.0,0.0,168.0,dexcom,212.0,4,0,0.0,0.0,0.0,0.0,0.0,26.0
42,2025-07-25 18:00:00,51,F,43.26869186,229.0,61.0,7.1,142,18,Snack,105.0,27.0,1.0,0.0,0.0,100.0,148.0,dexcom,188.0,4,0,27.0,28.0,0.9642857142857143,0.03571428571428571,0.0,6.0
42,2025-07-26 08:24:00,51,F,43.26869186,229.0,61.0,7.1,142,8,Breakfast,448.0,66.0,22.0,10.5,0.0,100.0,134.8,dexcom,227.4,5,1,66.0,98.5,0.6700507614213198,0.2233502538071066,0.1065989847715736,-7.199999999999989
42,2025-07-26 11:27:00,51,F,43.26869186,229.0,61.0,7.1,142,11,Lunch,830.0,92.0,17.0,42.0,10.0,100.0,86.8,dexcom,129.2,5,1,8.363636363636363,151.0,0.609271523178808,0.11258278145695365,0.2781456953642384,-55.2
42,2025-07-26 18:47:00,51,F,43.26869186,229.0,61.0,7.1,142,18,Snack,0.0,0.0,0.0,0.0,0.0,0.0,143.4,dexcom,191.4,5,1,0.0,0.0,0.0,0.0,0.0,1.4000000000000057
42,2025-07-27 08:22:00,51,F,43.26869186,229.0,61.0,7.1,142,8,Breakfast,608.0,66.0,66.0,10.5,0.0,100.0,178.4,dexcom,138.0,6,1,66.0,142.5,0.4631578947368421,0.4631578947368421,0.07368421052631578,36.400000000000006
42,2025-07-27 11:40:00,51,F,43.26869186,229.0,61.0,7.1,142,11,Lunch,435.0,16.0,66.0,14.0,4.0,75.0,121.0,dexcom,120.0,6,1,3.2,96.0,0.16666666666666666,0.6875,0.14583333333333334,-21.0
42,2025-07-27 18:30:00,51,F,43.26869186,229.0,61.0,7.1,142,18,Dinner,507.0,76.0,12.0,12.0,1.0,100.0,146.0,dexcom,178.0,6,1,38.0,100.0,0.76,0.12,0.12,4.0
42,2025-07-28 08:26:00,51,F,43.26869186,229.0,61.0,7.1,142,8,Breakfast,712.0,66.0,22.0,42.0,0.0,100.0,134.8,dexcom,148.8,0,0,66.0,130.0,0.5076923076923077,0.16923076923076924,0.3230769230769231,-7.199999999999989
42,2025-07-29 09:35:00,51,F,43.26869186,229.0,61.0,7.1,142,9,Breakfast,902.0,73.0,66.0,42.0,7.0,100.0,145.0,dexcom,195.0,1,0,9.125,181.0,0.40331491712707185,0.36464088397790057,0.23204419889502761,3.0
42,2025-07-29 12:29:00,51,F,43.26869186,229.0,61.0,7.1,142,12,Lunch,355.0,19.0,32.0,15.0,5.0,50.0,204.6,dexcom,204.6,1,0,3.1666666666666665,66.0,0.2878787878787879,0.48484848484848486,0.22727272727272727,62.599999999999994
42,2025-07-30 08:38:00,51,F,43.26869186,229.0,61.0,7.1,142,8,Breakfast,268.0,24.0,22.0,10.5,0.0,100.0,129.6,dexcom,133.2,2,0,24.0,56.5,0.4247787610619469,0.3893805309734513,0.18584070796460178,-12.400000000000006
42,2025-07-30 16:25:00,51,F,43.26869186,229.0,61.0,7.1,142,16,Lunch,1110.0,93.0,84.0,44.0,4.0,75.0,136.0,dexcom,148.0,2,0,18.6,221.0,0.42081447963800905,0.38009049773755654,0.19909502262443438,-6.0
42,2025-07-31 08:40:00,51,F,43.26869186,229.0,61.0,7.1,142,8,Breakfast,448.0,66.0,22.0,10.5,0.0,100.0,160.0,dexcom,155.0,3,0,66.0,98.5,0.6700507614213198,0.2233502538071066,0.1065989847715736,18.0
42,2025-07-31 16:37:00,51,F,43.26869186,229.0,61.0,7.1,142,16,Lunch,575.0,76.0,22.0,18.5,11.0,75.0,138.2,dexcom,115.2,3,0,6.333333333333333,116.5,0.6523605150214592,0.1888412017167382,0.15879828326180256,-3.8000000000000114
42,2025-08-01 07:50:00,51,F,43.26869186,229.0,61.0,7.1,142,7,Breakfast,608.0,66.0,66.0,10.5,0.0,100.0,159.0,dexcom,220.0,4,0,66.0,142.5,0.4631578947368421,0.4631578947368421,0.07368421052631578,17.0
42,2025-08-01 15:09:00,51,F,43.26869186,229.0,61.0,7.1,142,15,Lunch,585.0,40.0,76.0,17.0,13.0,50.0,171.4,dexcom,176.0,4,0,2.857142857142857,133.0,0.3007518796992481,0.5714285714285714,0.12781954887218044,29.400000000000006
42,2025-08-02 08:15:00,51,F,43.26869186,229.0,61.0,7.1,142,8,Breakfast,712.0,66.0,22.0,42.0,0.0,100.0,136.0,dexcom,157.0,5,1,66.0,130.0,0.5076923076923077,0.16923076923076924,0.3230769230769231,-6.0
42,2025-08-02 12:52:00,51,F,43.26869186,229.0,61.0,7.1,142,12,Lunch,445.0,43.0,20.0,20.0,13.0,90.0,138.2,dexcom,126.0,5,1,3.0714285714285716,83.0,0.5180722891566265,0.24096385542168675,0.24096385542168675,-3.8000000000000114
42,2025-08-03 10:28:00,51,F,43.26869186,229.0,61.0,7.1,142,10,Breakfast,268.0,24.0,22.0,10.5,0.0,100.0,117.0,dexcom,128.2,6,1,24.0,56.5,0.4247787610619469,0.3893805309734513,0.18584070796460178,-25.0
42,2025-08-03 17:42:00,51,F,43.26869186,229.0,61.0,7.1,142,17,Lunch,725.0,94.0,44.0,20.0,4.0,75.0,145.4,dexcom,155.4,6,1,18.8,158.0,0.5949367088607594,0.27848101265822783,0.12658227848101267,3.4000000000000057
43,2025-10-14 13:04:00,45,F,49.08823644,259.8,61.0,6.0,96,13,Lunch,1180.0,81.0,88.0,54.5,18.0,100.0,110.0,dexcom,124.2,1,0,4.2631578947368425,223.5,0.3624161073825503,0.39373601789709173,0.24384787472035793,14.0
43,2025-10-14 17:09:00,45,F,49.08823644,259.8,61.0,6.0,96,17,Snack,300.0,17.0,22.0,18.0,0.0,400.0,100.0,dexcom,156.6,1,0,17.0,57.0,0.2982456140350877,0.38596491228070173,0.3157894736842105,4.0
43,2025-10-14 22:12:00,45,F,49.08823644,259.8,61.0,6.0,96,22,Dinner,539.0,60.0,32.0,21.0,7.0,600.0,110.6,dexcom,146.0,1,0,7.5,113.0,0.5309734513274337,0.2831858407079646,0.18584070796460178,14.599999999999994
43,2025-10-14 22:27:00,45,F,49.08823644,259.8,61.0,6.0,96,22,Snack,180.0,27.0,2.0,7.0,1.0,100.0,109.4,dexcom,156.0,1,0,13.5,36.0,0.75,0.05555555555555555,0.19444444444444445,13.400000000000006
43,2025-10-15 08:03:00,45,F,49.08823644,259.8,61.0,6.0,96,8,Breakfast,448.0,66.0,22.0,10.5,0.0,100.0,100.4,dexcom,117.4,2,0,66.0,98.5,0.6700507614213198,0.2233502538071066,0.1065989847715736,4.400000000000006
43,2025-10-15 12:52:00,45,F,49.08823644,259.8,61.0,6.0,96,12,Lunch,830.0,92.0,17.0,42.0,10.0,100.0,97.4,dexcom,126.0,2,0,8.363636363636363,151.0,0.609271523178808,0.11258278145695365,0.2781456953642384,1.4000000000000057
43,2025-10-15 17:20:00,45,F,49.08823644,259.8,61.0,6.0,96,17,Dinner,696.0,8.0,24.0,16.0,1.0,600.0,102.0,dexcom,179.4,2,0,4.0,48.0,0.16666666666666666,0.5,0.3333333333333333,6.0
43,2025-10-15 17:48:00,45,F,49.08823644,259.8,61.0,6.0,96,17,Dinner,80.0,11.0,0.0,4.0,0.0,100.0,117.6,dexcom,164.0,2,0,11.0,15.0,0.7333333333333333,0.0,0.26666666666666666,21.599999999999994
43,2025-10-15 18:10:00,45,F,49.08823644,259.8,61.0,6.0,96,18,Dinner,100.0,24.0,1.0,0.0,0.0,100.0,162.0,dexcom,165.8,2,0,24.0,25.0,0.96,0.04,0.0,66.0
43,2025-10-15 21:05:00,45,F,49.08823644,259.8,61.0,6.0,96,21,Snack,701.0,67.0,28.0,39.0,11.0,400.0,134.6,dexcom,163.8,2,0,5.583333333333333,134.0,0.5,0.208955223880597,0.291044776119403,38.599999999999994
43,2025-10-15 21:20:00,45,F,49.08823644,259.8,61.0,6.0,96,21,Snack,62.0,15.0,1.0,0.0,3.0,100.0,143.2,dexcom,169.0,2,0,3.75,16.0,0.9375,0.0625,0.0,47.19999999999999
43,2025-10-16 07:48:00,45,F,49.08823644,259.8,61.0,6.0,96,7,Breakfast,608.0,66.0,66.0,10.5,0.0,100.0,127.6,dexcom,125.6,3,0,66.0,142.5,0.4631578947368421,0.4631578947368421,0.07368421052631578,31.599999999999994
43,2025-10-16 12:51:00,45,F,49.08823644,259.8,61.0,6.0,96,12,Lunch,435.0,16.0,66.0,14.0,4.0,100.0,102.0,dexcom,104.0,3,0,3.2,96.0,0.16666666666666666,0.6875,0.14583333333333334,6.0
43,2025-10-16 17:23:00,45,F,49.08823644,259.8,61.0,6.0,96,17,Dinner,514.0,41.0,10.0,25.0,5.0,200.0,102.0,dexcom,113.8,3,0,6.833333333333333,76.0,0.5394736842105263,0.13157894736842105,0.32894736842105265,6.0
43,2025-10-16 17:43:00,45,F,49.08823644,259.8,61.0,6.0,96,17,Dinner,740.0,60.0,20.0,2.0,3.0,300.0,102.8,dexcom,123.2,3,0,15.0,82.0,0.7317073170731707,0.24390243902439024,0.024390243902439025,6.799999999999997
43,2025-10-16 22:16:00,45,F,49.08823644,259.8,61.0,6.0,96,22,Snack,350.0,70.0,4.0,8.0,3.0,300.0,109.0,dexcom,194.0,3,0,17.5,82.0,0.8536585365853658,0.04878048780487805,0.0975609756097561,13.0
43,2025-10-17 08:01:00,45,F,49.08823644,259.8,61.0,6.0,96,8,Breakfast,712.0,66.0,22.0,42.0,0.0,100.0,120.0,dexcom,165.0,4,0,66.0,130.0,0.5076923076923077,0.16923076923076924,0.3230769230769231,24.0
43,2025-10-17 12:48:00,45,F,49.08823644,259.8,61.0,6.0,96,12,Lunch,555.0,94.0,12.0,13.0,5.0,100.0,116.2,dexcom,186.6,4,0,15.666666666666666,119.0,0.7899159663865546,0.10084033613445378,0.1092436974789916,20.200000000000003
43,2025-10-17 16:13:00,45,F,49.08823644,259.8,61.0,6.0,96,16,Snack,300.0,39.0,4.0,14.0,2.0,100.0,112.2,dexcom,103.6,4,0,13.0,57.0,0.6842105263157895,0.07017543859649122,0.24561403508771928,16.200000000000003
43,2025-10-17 18:37:00,45,F,49.08823644,259.8,61.0,6.0,96,18,Dinner,972.0,129.0,41.0,33.0,17.0,300.0,104.2,dexcom,164.2,4,0,7.166666666666667,203.0,0.6354679802955665,0.2019704433497537,0.1625615763546798,8.200000000000003
43,2025-10-17 19:22:00,45,F,49.08823644,259.8,61.0,6.0,96,19,Dinner,223.0,35.0,7.0,6.0,0.0,100.0,136.6,dexcom,195.6,4,0,35.0,48.0,0.7291666666666666,0.14583333333333334,0.125,40.599999999999994
43,2025-10-17 22:58:00,45,F,49.08823644,259.8,61.0,6.0,96,22,Dinner,80.0,11.0,0.0,4.0,0.0,100.0,163.0,dexcom,178.6,4,0,11.0,15.0,0.7333333333333333,0.0,0.26666666666666666,67.0
43,2025-10-18 08:51:00,45,F,49.08823644,259.8,61.0,6.0,96,8,Breakfast,902.0,73.0,66.0,42.0,7.0,100.0,125.0,dexcom,137.0,5,1,9.125,181.0,0.40331491712707185,0.36464088397790057,0.23204419889502761,29.0
43,2025-10-18 12:34:00,45,F,49.08823644,259.8,61.0,6.0,96,12,Lunch,355.0,19.0,32.0,15.0,5.0,100.0,108.6,dexcom,103.4,5,1,3.1666666666666665,66.0,0.2878787878787879,0.48484848484848486,0.22727272727272727,12.599999999999994
43,2025-10-18 16:00:00,45,F,49.08823644,259.8,61.0,6.0,96,16,Dinner,618.0,60.0,48.0,26.0,4.0,500.0,101.0,dexcom,149.4,5,1,12.0,134.0,0.44776119402985076,0.3582089552238806,0.19402985074626866,5.0
43,2025-10-18 19:15:00,45,F,49.08823644,259.8,61.0,6.0,96,19,Dinner,415.0,70.0,3.0,14.0,0.0,100.0,112.0,dexcom,127.4,5,1,70.0,87.0,0.8045977011494253,0.034482758620689655,0.16091954022988506,16.0
43,2025-10-18 21:34:00,45,F,49.08823644,259.8,61.0,6.0,96,21,Dinner,55.0,14.0,1.0,0.0,3.0,100.0,103.0,dexcom,129.0,5,1,3.5,15.0,0.9333333333333333,0.06666666666666667,0.0,7.0
43,2025-10-18 21:50:00,45,F,49.08823644,259.8,61.0,6.0,96,21,Dinner,521.0,34.0,25.0,30.0,1.0,300.0,112.4,dexcom,140.4,5,1,17.0,89.0,0.38202247191011235,0.2808988764044944,0.33707865168539325,16.400000000000006
43,2025-10-18 22:03:00,45,F,49.08823644,259.8,61.0,6.0,96,22,Dinner,155.0,31.0,5.0,1.0,1.0,100.0,145.4,dexcom,145.8,5,1,15.5,37.0,0.8378378378378378,0.13513513513513514,0.02702702702702703,49.400000000000006
43,2025-10-19 09:02:00,45,F,49.08823644,259.8,61.0,6.0,96,9,Breakfast,268.0,24.0,22.0,10.5,0.0,100.0,108.8,dexcom,93.8,6,1,24.0,56.5,0.4247787610619469,0.3893805309734513,0.18584070796460178,12.799999999999997
43,2025-10-19 12:38:00,45,F,49.08823644,259.8,61.0,6.0,96,12,Lunch,1110.0,93.0,84.0,44.0,4.0,100.0,100.8,dexcom,108.6,6,1,18.6,221.0,0.42081447963800905,0.38009049773755654,0.19909502262443438,4.799999999999997
43,2025-10-19 17:07:00,45,F,49.08823644,259.8,61.0,6.0,96,17,Snack,529.0,46.0,20.0,30.0,5.0,200.0,103.8,dexcom,115.8,6,1,7.666666666666667,96.0,0.4791666666666667,0.20833333333333334,0.3125,7.799999999999997
43,2025-10-19 19:53:00,45,F,49.08823644,259.8,61.0,6.0,96,19,Snack,120.0,15.0,2.0,5.0,0.0,100.0,114.2,dexcom,181.8,6,1,15.0,22.0,0.6818181818181818,0.09090909090909091,0.22727272727272727,18.200000000000003
43,2025-10-19 21:24:00,45,F,49.08823644,259.8,61.0,6.0,96,21,Dinner,1473.0,201.0,40.0,62.0,7.0,300.0,179.2,dexcom,132.8,6,1,25.125,303.0,0.6633663366336634,0.132013201320132,0.20462046204620463,83.19999999999999
43,2025-10-19 23:06:00,45,F,49.08823644,259.8,61.0,6.0,96,23,Dinner,155.0,31.0,5.0,1.0,1.0,100.0,154.0,dexcom,163.0,6,1,15.5,37.0,0.8378378378378378,0.13513513513513514,0.02702702702702703,58.0
43,2025-10-20 08:00:00,45,F,49.08823644,259.8,61.0,6.0,96,8,Breakfast,448.0,66.0,22.0,10.5,0.0,100.0,99.4,dexcom,126.2,0,0,66.0,98.5,0.6700507614213198,0.2233502538071066,0.1065989847715736,3.4000000000000057
43,2025-10-20 12:44:00,45,F,49.08823644,259.8,61.0,6.0,96,12,Lunch,575.0,76.0,22.0,18.5,11.0,100.0,105.0,dexcom,131.2,0,0,6.333333333333333,116.5,0.6523605150214592,0.1888412017167382,0.15879828326180256,9.0
43,2025-10-20 16:41:00,45,F,49.08823644,259.8,61.0,6.0,96,16,Dinner,666.0,37.0,34.0,42.0,1.0,400.0,98.0,dexcom,149.0,0,0,18.5,113.0,0.3274336283185841,0.3008849557522124,0.37168141592920356,2.0
43,2025-10-20 16:59:00,45,F,49.08823644,259.8,61.0,6.0,96,16,Dinner,160.0,25.0,2.0,7.0,1.0,100.0,103.2,dexcom,152.6,0,0,12.5,34.0,0.7352941176470589,0.058823529411764705,0.20588235294117646,7.200000000000003
43,2025-10-20 22:17:00,45,F,49.08823644,259.8,61.0,6.0,96,22,Dinner,678.0,66.0,32.0,29.0,4.0,600.0,107.6,dexcom,202.6,0,0,13.2,127.0,0.5196850393700787,0.25196850393700787,0.2283464566929134,11.599999999999994
43,2025-10-20 22:34:00,45,F,49.08823644,259.8,61.0,6.0,96,22,Dinner,78.0,16.0,3.0,1.0,1.0,100.0,117.2,dexcom,212.2,0,0,8.0,20.0,0.8,0.15,0.05,21.200000000000003
43,2025-10-21 07:51:00,45,F,49.08823644,259.8,61.0,6.0,96,7,Breakfast,608.0,66.0,66.0,10.5,0.0,100.0,113.0,dexcom,117.0,1,0,66.0,142.5,0.4631578947368421,0.4631578947368421,0.07368421052631578,17.0
43,2025-10-21 12:50:00,45,F,49.08823644,259.8,61.0,6.0,96,12,Lunch,585.0,40.0,76.0,17.0,13.0,100.0,96.2,dexcom,109.0,1,0,2.857142857142857,133.0,0.3007518796992481,0.5714285714285714,0.12781954887218044,0.20000000000000284
43,2025-10-21 16:56:00,45,F,49.08823644,259.8,61.0,6.0,96,16,Dinner,170.0,9.0,5.0,13.0,1.0,100.0,91.0,dexcom,113.0,1,0,4.5,27.0,0.3333333333333333,0.18518518518518517,0.48148148148148145,-5.0
43,2025-10-21 17:12:00,45,F,49.08823644,259.8,61.0,6.0,96,17,Dinner,1226.0,109.0,52.0,68.0,3.0,600.0,90.6,dexcom,107.6,1,0,27.25,229.0,0.4759825327510917,0.22707423580786026,0.29694323144104806,-5.400000000000006
43,2025-10-21 18:04:00,45,F,49.08823644,259.8,61.0,6.0,96,18,Dinner,135.0,16.0,2.0,7.0,1.0,100.0,117.2,dexcom,122.8,1,0,8.0,25.0,0.64,0.08,0.28,21.200000000000003
43,2025-10-21 21:15:00,45,F,49.08823644,259.8,61.0,6.0,96,21,Dinner,110.0,19.0,4.0,3.0,2.0,100.0,108.6,dexcom,138.4,1,0,6.333333333333333,26.0,0.7307692307692307,0.15384615384615385,0.11538461538461539,12.599999999999994
43,2025-10-21 22:46:00,45,F,49.08823644,259.8,61.0,6.0,96,22,Dinner,55.0,14.0,1.0,0.0,3.0,100.0,113.0,dexcom,143.0,1,0,3.5,15.0,0.9333333333333333,0.06666666666666667,0.0,17.0
43,2025-10-21 22:47:00,45,F,49.08823644,259.8,61.0,6.0,96,22,Dinner,109.0,3.0,12.0,5.0,0.0,400.0,113.6,dexcom,143.2,1,0,3.0,20.0,0.15,0.6,0.25,17.599999999999994
43,2025-10-21 23:00:00,45,F,49.08823644,259.8,61.0,6.0,96,23,Dinner,250.0,32.0,5.0,9.0,1.0,100.0,130.8,dexcom,144.8,1,0,16.0,46.0,0.6956521739130435,0.10869565217391304,0.1956521739130435,34.80000000000001
43,2025-10-22 02:17:00,45,F,49.08823644,259.8,61.0,6.0,96,2,Lunch,445.0,43.0,20.0,20.0,13.0,100.0,138.8,dexcom,128.0,2,0,3.0714285714285716,83.0,0.5180722891566265,0.24096385542168675,0.24096385542168675,42.80000000000001
43,2025-10-22 08:03:00,45,F,49.08823644,259.8,61.0,6.0,96,8,Breakfast,712.0,66.0,22.0,42.0,0.0,100.0,112.4,dexcom,117.6,2,0,66.0,130.0,0.5076923076923077,0.16923076923076924,0.3230769230769231,16.400000000000006
43,2025-10-22 17:48:00,45,F,49.08823644,259.8,61.0,6.0,96,17,Dinner,503.0,27.0,24.0,26.0,3.0,300.0,97.8,dexcom,156.8,2,0,6.75,77.0,0.35064935064935066,0.3116883116883117,0.33766233766233766,1.7999999999999972
43,2025-10-22 19:30:00,45,F,49.08823644,259.8,61.0,6.0,96,19,Snack,40.0,10.0,0.0,0.0,9.0,100.0,133.0,dexcom,160.8,2,0,1.0,10.0,1.0,0.0,0.0,37.0
43,2025-10-22 21:01:00,45,F,49.08823644,259.8,61.0,6.0,96,21,Dinner,861.0,89.0,27.0,42.0,11.0,200.0,132.0,dexcom,149.0,2,0,7.416666666666667,158.0,0.5632911392405063,0.17088607594936708,0.26582278481012656,36.0
43,2025-10-22 21:34:00,45,F,49.08823644,259.8,61.0,6.0,96,21,Dinner,160.0,28.0,1.0,6.0,0.0,100.0,163.2,dexcom,197.8,2,0,28.0,35.0,0.8,0.02857142857142857,0.17142857142857143,67.19999999999999
43,2025-10-23 08:08:00,45,F,49.08823644,259.8,61.0,6.0,96,8,Breakfast,268.0,24.0,22.0,10.5,0.0,100.0,107.0,dexcom,99.2,3,0,24.0,56.5,0.4247787610619469,0.3893805309734513,0.18584070796460178,11.0
43,2025-10-23 12:52:00,45,F,49.08823644,259.8,61.0,6.0,96,12,Lunch,725.0,94.0,44.0,20.0,4.0,100.0,105.8,dexcom,112.4,3,0,18.8,158.0,0.5949367088607594,0.27848101265822783,0.12658227848101267,9.799999999999997
43,2025-10-23 17:17:00,45,F,49.08823644,259.8,61.0,6.0,96,17,Dinner,325.0,35.0,18.0,16.0,9.0,100.0,103.2,dexcom,131.0,3,0,3.5,69.0,0.5072463768115942,0.2608695652173913,0.2318840579710145,7.200000000000003
43,2025-10-23 17:47:00,45,F,49.08823644,259.8,61.0,6.0,96,17,Dinner,220.0,34.0,2.0,9.0,1.0,100.0,137.6,dexcom,111.8,3,0,17.0,45.0,0.7555555555555555,0.044444444444444446,0.2,41.599999999999994
43,2025-10-23 21:56:00,45,F,49.08823644,259.8,61.0,6.0,96,21,Dinner,810.0,84.0,21.0,45.0,8.0,200.0,104.0,dexcom,175.0,3,0,9.333333333333334,150.0,0.56,0.14,0.3,8.0
43,2025-10-23 22:14:00,45,F,49.08823644,259.8,61.0,6.0,96,22,Dinner,220.0,34.0,2.0,9.0,1.0,100.0,125.6,dexcom,177.0,3,0,17.0,45.0,0.7555555555555555,0.044444444444444446,0.2,29.599999999999994
43,2025-10-23 22:34:00,45,F,49.08823644,259.8,61.0,6.0,96,22,Dinner,160.0,18.0,4.0,10.0,2.0,100.0,167.2,dexcom,173.6,3,0,6.0,32.0,0.5625,0.125,0.3125,71.19999999999999
43,2025-10-24 08:12:00,45,F,49.08823644,259.8,61.0,6.0,96,8,Breakfast,902.0,73.0,22.0,42.0,7.0,100.0,92.2,libre,98.0,4,0,9.125,137.0,0.5328467153284672,0.16058394160583941,0.30656934306569344,-3.799999999999997
44,2022-10-17 12:15:00,60,F,35.91846122,206.0,63.5,6.0,119,12,Lunch,1180.0,81.0,88.0,54.5,18.0,75.0,134.2,dexcom,154.2,0,0,4.2631578947368425,223.5,0.3624161073825503,0.39373601789709173,0.24384787472035793,15.199999999999989
44,2022-10-17 19:59:00,60,F,35.91846122,206.0,63.5,6.0,119,19,Dinner,381.0,65.0,19.0,4.0,2.0,400.0,138.0,dexcom,149.0,0,0,21.666666666666668,88.0,0.7386363636363636,0.2159090909090909,0.045454545454545456,19.0
44,2022-10-18 09:59:00,60,F,35.91846122,206.0,63.5,6.0,119,9,Breakfast,448.0,66.0,22.0,10.5,0.0,100.0,121.0,dexcom,173.0,1,0,66.0,98.5,0.6700507614213198,0.2233502538071066,0.1065989847715736,2.0
44,2022-10-18 13:53:00,60,F,35.91846122,206.0,63.5,6.0,119,13,Lunch,830.0,92.0,17.0,42.0,10.0,100.0,93.8,dexcom,81.0,1,0,8.363636363636363,151.0,0.609271523178808,0.11258278145695365,0.2781456953642384,-25.200000000000003
44,2022-10-18 16:19:00,60,F,35.91846122,206.0,63.5,6.0,119,16,Snack,155.0,24.0,2.0,6.0,2.0,200.0,88.0,dexcom,146.0,1,0,8.0,32.0,0.75,0.0625,0.1875,-31.0
44,2022-10-18 17:54:00,60,F,35.91846122,206.0,63.5,6.0,119,17,Dinner,446.0,66.0,19.0,11.0,2.0,500.0,143.0,dexcom,198.0,1,0,22.0,96.0,0.6875,0.19791666666666666,0.11458333333333333,24.0
44,2022-10-19 08:56:00,60,F,35.91846122,206.0,63.5,6.0,119,8,Breakfast,608.0,66.0,66.0,10.5,0.0,100.0,110.8,dexcom,167.2,2,0,66.0,142.5,0.4631578947368421,0.4631578947368421,0.07368421052631578,-8.200000000000003
44,2022-10-19 12:19:00,60,F,35.91846122,206.0,63.5,6.0,119,12,Lunch,435.0,16.0,66.0,14.0,4.0,100.0,111.0,dexcom,109.0,2,0,3.2,96.0,0.16666666666666666,0.6875,0.14583333333333334,-8.0
44,2022-10-19 16:51:00,60,F,35.91846122,206.0,63.5,6.0,119,16,Dinner,3.0,1.0,0.0,0.0,0.0,100.0,117.6,dexcom,122.8,2,0,1.0,1.0,1.0,0.0,0.0,-1.4000000000000057
44,2022-10-19 16:55:00,60,F,35.91846122,206.0,63.5,6.0,119,16,Dinner,155.0,24.0,2.0,6.0,2.0,200.0,121.6,dexcom,128.8,2,0,8.0,32.0,0.75,0.0625,0.1875,2.5999999999999943
44,2022-10-19 18:44:00,60,F,35.91846122,206.0,63.5,6.0,119,18,Dinner,253.0,33.0,11.0,7.0,1.0,400.0,124.0,dexcom,132.0,2,0,16.5,51.0,0.6470588235294118,0.21568627450980393,0.13725490196078433,5.0
44,2022-10-20 09:05:00,60,F,35.91846122,206.0,63.5,6.0,119,9,Breakfast,712.0,66.0,22.0,42.0,0.0,100.0,114.8,dexcom,189.2,3,0,66.0,130.0,0.5076923076923077,0.16923076923076924,0.3230769230769231,-4.200000000000003
44,2022-10-20 12:31:00,60,F,35.91846122,206.0,63.5,6.0,119,12,Lunch,555.0,94.0,12.0,13.0,5.0,75.0,124.0,dexcom,187.8,3,0,15.666666666666666,119.0,0.7899159663865546,0.10084033613445378,0.1092436974789916,5.0
44,2022-10-20 17:48:00,60,F,35.91846122,206.0,63.5,6.0,119,17,Dinner,57.0,13.0,3.0,0.0,5.0,200.0,126.4,dexcom,121.4,3,0,2.1666666666666665,16.0,0.8125,0.1875,0.0,7.400000000000006
44,2022-10-20 18:08:00,60,F,35.91846122,206.0,63.5,6.0,119,18,Dinner,433.0,15.0,14.0,36.0,0.0,200.0,122.2,dexcom,110.2,3,0,15.0,65.0,0.23076923076923078,0.2153846153846154,0.5538461538461539,3.200000000000003
44,2022-10-20 21:48:00,60,F,35.91846122,206.0,63.5,6.0,119,21,Snack,94.0,12.0,2.0,4.0,1.0,100.0,118.2,dexcom,163.8,3,0,6.0,18.0,0.6666666666666666,0.1111111111111111,0.2222222222222222,-0.7999999999999972
44,2022-10-21 08:11:00,60,F,35.91846122,206.0,63.5,6.0,119,8,Breakfast,902.0,73.0,66.0,42.0,7.0,100.0,103.4,dexcom,141.0,4,0,9.125,181.0,0.40331491712707185,0.36464088397790057,0.23204419889502761,-15.599999999999994
44,2022-10-21 11:29:00,60,F,35.91846122,206.0,63.5,6.0,119,11,Lunch,355.0,19.0,32.0,15.0,5.0,100.0,116.0,dexcom,96.0,4,0,3.1666666666666665,66.0,0.2878787878787879,0.48484848484848486,0.22727272727272727,-3.0
44,2022-10-21 11:56:00,60,F,35.91846122,206.0,63.5,6.0,119,11,Dinner,40.0,2.0,0.0,0.0,0.0,100.0,112.0,dexcom,94.0,4,0,2.0,2.0,1.0,0.0,0.0,-7.0
44,2022-10-21 17:27:00,60,F,35.91846122,206.0,63.5,6.0,119,17,Dinner,270.0,59.0,6.0,0.0,5.0,200.0,104.0,dexcom,213.0,4,0,9.833333333333334,65.0,0.9076923076923077,0.09230769230769231,0.0,-15.0
44,2022-10-21 19:36:00,60,F,35.91846122,206.0,63.5,6.0,119,19,Snack,241.0,20.0,5.0,14.0,2.0,200.0,205.6,dexcom,118.0,4,0,6.666666666666667,39.0,0.5128205128205128,0.1282051282051282,0.358974358974359,86.6
44,2022-10-22 08:08:00,60,F,35.91846122,206.0,63.5,6.0,119,8,Breakfast,268.0,24.0,22.0,10.5,0.0,100.0,105.0,dexcom,126.0,5,1,24.0,56.5,0.4247787610619469,0.3893805309734513,0.18584070796460178,-14.0
44,2022-10-22 11:24:00,60,F,35.91846122,206.0,63.5,6.0,119,11,Lunch,1110.0,93.0,84.0,44.0,4.0,100.0,100.0,dexcom,135.0,5,1,18.6,221.0,0.42081447963800905,0.38009049773755654,0.19909502262443438,-19.0
44,2022-10-22 16:30:00,60,F,35.91846122,206.0,63.5,6.0,119,16,Dinner,855.0,65.0,50.0,45.0,2.0,0.0,122.2,dexcom,134.8,5,1,21.666666666666668,160.0,0.40625,0.3125,0.28125,3.200000000000003
44,2022-10-22 23:22:00,60,F,35.91846122,206.0,63.5,6.0,119,23,Snack,80.0,13.0,1.0,3.0,0.0,100.0,109.4,dexcom,170.8,5,1,13.0,17.0,0.7647058823529411,0.058823529411764705,0.17647058823529413,-9.599999999999994
44,2022-10-23 06:24:00,60,F,35.91846122,206.0,63.5,6.0,119,6,Breakfast,448.0,66.0,22.0,10.5,0.0,100.0,111.0,dexcom,196.0,6,1,66.0,98.5,0.6700507614213198,0.2233502538071066,0.1065989847715736,-8.0
44,2022-10-23 10:53:00,60,F,35.91846122,206.0,63.5,6.0,119,10,Lunch,575.0,76.0,22.0,18.5,11.0,75.0,82.0,dexcom,125.2,6,1,6.333333333333333,116.5,0.6523605150214592,0.1888412017167382,0.15879828326180256,-37.0
44,2022-10-23 16:13:00,60,F,35.91846122,206.0,63.5,6.0,119,16,Dinner,682.0,73.0,22.0,20.0,12.0,600.0,104.8,dexcom,176.8,6,1,5.615384615384615,115.0,0.6347826086956522,0.19130434782608696,0.17391304347826086,-14.200000000000003
44,2022-10-23 20:38:00,60,F,35.91846122,206.0,63.5,6.0,119,20,Snack,200.0,23.0,3.0,12.0,3.0,100.0,120.4,dexcom,146.2,6,1,5.75,38.0,0.6052631578947368,0.07894736842105263,0.3157894736842105,1.4000000000000057
44,2022-10-24 07:49:00,60,F,35.91846122,206.0,63.5,6.0,119,7,Breakfast,608.0,66.0,66.0,10.5,0.0,100.0,112.0,dexcom,132.0,0,0,66.0,142.5,0.4631578947368421,0.4631578947368421,0.07368421052631578,-7.0
44,2022-10-24 12:06:00,60,F,35.91846122,206.0,63.5,6.0,119,12,Lunch,585.0,40.0,76.0,17.0,13.0,100.0,84.0,dexcom,111.2,0,0,2.857142857142857,133.0,0.3007518796992481,0.5714285714285714,0.12781954887218044,-35.0
44,2022-10-24 15:25:00,60,F,35.91846122,206.0,63.5,6.0,119,15,Snack,68.0,10.0,2.0,3.0,0.0,100.0,114.2,dexcom,134.8,0,0,10.0,15.0,0.6666666666666666,0.13333333333333333,0.2,-4.799999999999997
44,2022-10-24 16:22:00,60,F,35.91846122,206.0,63.5,6.0,119,16,Dinner,243.0,12.0,3.0,7.0,0.0,400.0,142.8,dexcom,167.6,0,0,12.0,22.0,0.5454545454545454,0.13636363636363635,0.3181818181818182,23.80000000000001
44,2022-10-25 07:45:00,60,F,35.91846122,206.0,63.5,6.0,119,7,Breakfast,712.0,66.0,22.0,42.0,0.0,100.0,108.8,dexcom,123.2,1,0,66.0,130.0,0.5076923076923077,0.16923076923076924,0.3230769230769231,-10.200000000000003
44,2022-10-25 11:04:00,60,F,35.91846122,206.0,63.5,6.0,119,11,Lunch,445.0,43.0,20.0,20.0,13.0,100.0,93.0,dexcom,126.0,1,0,3.0714285714285716,83.0,0.5180722891566265,0.24096385542168675,0.24096385542168675,-26.0
44,2022-10-25 16:42:00,60,F,35.91846122,206.0,63.5,6.0,119,16,Dinner,361.0,49.0,10.0,12.0,5.0,600.0,122.6,dexcom,241.8,1,0,8.166666666666666,71.0,0.6901408450704225,0.14084507042253522,0.16901408450704225,3.5999999999999943
44,2022-10-25 20:36:00,60,F,35.91846122,206.0,63.5,6.0,119,20,Dinner,316.0,50.0,3.0,7.0,1.0,300.0,137.0,dexcom,138.6,1,0,25.0,60.0,0.8333333333333334,0.05,0.11666666666666667,18.0
44,2022-10-25 21:51:00,60,F,35.91846122,206.0,63.5,6.0,119,21,Dinner,117.0,17.0,6.0,3.0,0.0,100.0,135.8,dexcom,155.2,1,0,17.0,26.0,0.6538461538461539,0.23076923076923078,0.11538461538461539,16.80000000000001
44,2022-10-26 07:45:00,60,F,35.91846122,206.0,63.5,6.0,119,7,Breakfast,268.0,24.0,22.0,10.5,0.0,100.0,116.8,dexcom,129.6,2,0,24.0,56.5,0.4247787610619469,0.3893805309734513,0.18584070796460178,-2.200000000000003
44,2022-10-26 12:24:00,60,F,35.91846122,206.0,63.5,6.0,119,12,Lunch,725.0,94.0,44.0,20.0,4.0,100.0,107.0,dexcom,164.0,2,0,18.8,158.0,0.5949367088607594,0.27848101265822783,0.12658227848101267,-12.0
44,2022-10-26 16:22:00,60,F,35.91846122,206.0,63.5,6.0,119,16,Snack,185.0,19.0,13.0,6.0,1.0,100.0,110.4,dexcom,151.4,2,0,9.5,38.0,0.5,0.34210526315789475,0.15789473684210525,-8.599999999999994
44,2022-10-26 17:05:00,60,F,35.91846122,206.0,63.5,6.0,119,17,Dinner,430.0,78.0,15.0,7.0,8.0,600.0,123.0,dexcom,135.0,2,0,8.666666666666666,100.0,0.78,0.15,0.07,4.0
44,2022-10-27 08:58:00,60,F,35.91846122,206.0,63.5,6.0,119,8,Breakfast,902.0,73.0,22.0,42.0,7.0,100.0,106.8,libre,140.6667,3,0,9.125,137.0,0.5328467153284672,0.16058394160583941,0.30656934306569344,-12.200000000000003
45,2025-03-25 20:15:00,46,F,32.88125085,162.8,59.0,6.1,148,20,Snack,120.0,23.0,7.0,1.0,11.0,1.0,122.0,dexcom,117.2,1,0,1.9166666666666667,31.0,0.7419354838709677,0.22580645161290322,0.03225806451612903,-26.0
45,2025-03-26 08:41:00,46,F,32.88125085,162.8,59.0,6.1,148,8,Breakfast,448.0,66.0,22.0,10.5,0.0,100.0,127.2,dexcom,216.0,2,0,66.0,98.5,0.6700507614213198,0.2233502538071066,0.1065989847715736,-20.799999999999997
45,2025-03-26 11:47:00,46,F,32.88125085,162.8,59.0,6.1,148,11,Lunch,830.0,92.0,17.0,42.0,10.0,100.0,172.6,dexcom,114.4,2,0,8.363636363636363,151.0,0.609271523178808,0.11258278145695365,0.2781456953642384,24.599999999999994
45,2025-03-26 18:31:00,46,F,32.88125085,162.8,59.0,6.1,148,18,Snack,34.0,6.0,2.0,0.0,2.0,100.0,117.0,dexcom,140.4,2,0,2.0,8.0,0.75,0.25,0.0,-31.0
45,2025-03-27 08:55:00,46,F,32.88125085,162.8,59.0,6.1,148,8,Breakfast,608.0,66.0,66.0,10.5,0.0,100.0,133.4,dexcom,179.8,3,0,66.0,142.5,0.4631578947368421,0.4631578947368421,0.07368421052631578,-14.599999999999994
45,2025-03-27 12:04:00,46,F,32.88125085,162.8,59.0,6.1,148,12,Lunch,435.0,16.0,66.0,14.0,4.0,100.0,88.6,dexcom,121.2,3,0,3.2,96.0,0.16666666666666666,0.6875,0.14583333333333334,-59.400000000000006
45,2025-03-28 08:50:00,46,F,32.88125085,162.8,59.0,6.1,148,8,Breakfast,712.0,66.0,22.0,42.0,0.0,100.0,155.8,dexcom,191.8,4,0,66.0,130.0,0.5076923076923077,0.16923076923076924,0.3230769230769231,7.800000000000011
45,2025-03-28 13:43:00,46,F,32.88125085,162.8,59.0,6.1,148,13,Lunch,555.0,94.0,12.0,13.0,5.0,75.0,108.0,dexcom,271.0,4,0,15.666666666666666,119.0,0.7899159663865546,0.10084033613445378,0.1092436974789916,-40.0
45,2025-03-28 17:12:00,46,F,32.88125085,162.8,59.0,6.1,148,17,Snack,46.0,11.0,1.0,0.0,6.0,0.0,178.6,dexcom,136.4,4,0,1.5714285714285714,12.0,0.9166666666666666,0.08333333333333333,0.0,30.599999999999994
45,2025-03-29 08:43:00,46,F,32.88125085,162.8,59.0,6.1,148,8,Breakfast,902.0,73.0,66.0,42.0,7.0,100.0,164.0,dexcom,259.0,5,1,9.125,181.0,0.40331491712707185,0.36464088397790057,0.23204419889502761,16.0
45,2025-03-29 12:34:00,46,F,32.88125085,162.8,59.0,6.1,148,12,Lunch,355.0,19.0,32.0,15.0,5.0,100.0,205.0,dexcom,123.0,5,1,3.1666666666666665,66.0,0.2878787878787879,0.48484848484848486,0.22727272727272727,57.0
45,2025-03-29 14:14:00,46,F,32.88125085,162.8,59.0,6.1,148,14,Snack,170.0,20.0,2.0,10.0,1.0,100.0,95.0,dexcom,107.6,5,1,10.0,32.0,0.625,0.0625,0.3125,-53.0
45,2025-03-29 21:29:00,46,F,32.88125085,162.8,59.0,6.1,148,21,Snack,594.0,41.0,38.0,30.0,3.0,600.0,224.4,dexcom,206.6,5,1,10.25,109.0,0.3761467889908257,0.3486238532110092,0.27522935779816515,76.4
45,2025-03-30 08:50:00,46,F,32.88125085,162.8,59.0,6.1,148,8,Breakfast,268.0,24.0,22.0,10.5,0.0,100.0,134.0,dexcom,140.6,6,1,24.0,56.5,0.4247787610619469,0.3893805309734513,0.18584070796460178,-14.0
45,2025-03-30 12:18:00,46,F,32.88125085,162.8,59.0,6.1,148,12,Lunch,1110.0,93.0,84.0,44.0,4.0,100.0,118.0,dexcom,157.0,6,1,18.6,221.0,0.42081447963800905,0.38009049773755654,0.19909502262443438,-30.0
45,2025-03-30 20:16:00,46,F,32.88125085,162.8,59.0,6.1,148,20,Dinner,180.0,22.0,2.0,10.0,8.0,300.0,119.0,dexcom,240.0,6,1,2.4444444444444446,34.0,0.6470588235294118,0.058823529411764705,0.29411764705882354,-29.0
45,2025-03-31 08:56:00,46,F,32.88125085,162.8,59.0,6.1,148,8,Breakfast,448.0,66.0,22.0,10.5,0.0,100.0,139.6,dexcom,194.6,0,0,66.0,98.5,0.6700507614213198,0.2233502538071066,0.1065989847715736,-8.400000000000006
45,2025-03-31 12:33:00,46,F,32.88125085,162.8,59.0,6.1,148,12,Lunch,575.0,76.0,22.0,18.5,11.0,75.0,116.0,dexcom,149.0,0,0,6.333333333333333,116.5,0.6523605150214592,0.1888412017167382,0.15879828326180256,-32.0
45,2025-03-31 16:00:00,46,F,32.88125085,162.8,59.0,6.1,148,16,Snack,170.0,20.0,2.0,10.0,1.0,100.0,221.0,dexcom,198.2,0,0,10.0,32.0,0.625,0.0625,0.3125,73.0
45,2025-03-31 20:00:00,46,F,32.88125085,162.8,59.0,6.1,148,20,Dinner,800.0,93.0,33.0,33.0,5.0,100.0,151.4,dexcom,153.8,0,0,15.5,159.0,0.5849056603773585,0.20754716981132076,0.20754716981132076,3.4000000000000057
45,2025-04-01 09:05:00,46,F,32.88125085,162.8,59.0,6.1,148,9,Breakfast,608.0,66.0,66.0,10.5,0.0,100.0,152.2,dexcom,259.8,1,0,66.0,142.5,0.4631578947368421,0.4631578947368421,0.07368421052631578,4.199999999999989
45,2025-04-01 12:43:00,46,F,32.88125085,162.8,59.0,6.1,148,12,Lunch,585.0,40.0,76.0,17.0,13.0,100.0,131.0,dexcom,111.0,1,0,2.857142857142857,133.0,0.3007518796992481,0.5714285714285714,0.12781954887218044,-17.0
45,2025-04-01 20:39:00,46,F,32.88125085,162.8,59.0,6.1,148,20,Dinner,328.0,7.0,23.0,20.0,1.0,200.0,136.6,dexcom,155.6,1,0,3.5,50.0,0.14,0.46,0.4,-11.400000000000006
45,2025-04-01 20:58:00,46,F,32.88125085,162.8,59.0,6.1,148,20,Dinner,451.0,51.0,33.0,10.0,2.0,300.0,143.0,dexcom,160.0,1,0,17.0,94.0,0.5425531914893617,0.35106382978723405,0.10638297872340426,-5.0
45,2025-04-02 09:40:00,46,F,32.88125085,162.8,59.0,6.1,148,9,Breakfast,712.0,66.0,22.0,42.0,0.0,100.0,151.4,dexcom,226.2,2,0,66.0,130.0,0.5076923076923077,0.16923076923076924,0.3230769230769231,3.4000000000000057
45,2025-04-02 17:30:00,46,F,32.88125085,162.8,59.0,6.1,148,17,Lunch,445.0,43.0,20.0,20.0,13.0,100.0,129.2,dexcom,172.0,2,0,3.0714285714285716,83.0,0.5180722891566265,0.24096385542168675,0.24096385542168675,-18.80000000000001
45,2025-04-02 20:00:00,46,F,32.88125085,162.8,59.0,6.1,148,20,Dinner,995.0,134.0,40.0,39.0,10.0,300.0,154.8,dexcom,130.0,2,0,12.181818181818182,213.0,0.6291079812206573,0.18779342723004694,0.18309859154929578,6.800000000000011
45,2025-04-03 08:46:00,46,F,32.88125085,162.8,59.0,6.1,148,8,Breakfast,268.0,24.0,22.0,10.5,0.0,100.0,150.2,dexcom,164.8,3,0,24.0,56.5,0.4247787610619469,0.3893805309734513,0.18584070796460178,2.1999999999999886
45,2025-04-03 12:16:00,46,F,32.88125085,162.8,59.0,6.1,148,12,Lunch,725.0,94.0,44.0,20.0,4.0,100.0,162.6,dexcom,211.2,3,0,18.8,158.0,0.5949367088607594,0.27848101265822783,0.12658227848101267,14.599999999999994
45,2025-04-03 16:18:00,46,F,32.88125085,162.8,59.0,6.1,148,16,Snack,180.0,12.0,4.0,14.0,2.0,0.0,129.0,dexcom,197.0,3,0,4.0,30.0,0.4,0.13333333333333333,0.4666666666666667,-19.0
45,2025-04-03 21:15:00,46,F,32.88125085,162.8,59.0,6.1,148,21,Snack,170.0,20.0,2.0,10.0,1.0,0.0,138.6,dexcom,230.4,3,0,10.0,32.0,0.625,0.0625,0.3125,-9.400000000000006
45,2025-04-04 10:24:00,46,F,32.88125085,162.8,59.0,6.1,148,10,Breakfast,902.0,73.0,22.0,42.0,7.0,100.0,152.3333,libre,250.6667,4,0,9.125,137.0,0.5328467153284672,0.16058394160583941,0.30656934306569344,4.333300000000008
46,2025-05-01 11:58:00,51,M,28.16034914,179.8,67.0,7.4,154,11,Lunch,1180.0,81.0,88.0,54.5,18.0,75.0,155.0,dexcom,112.0,3,0,4.2631578947368425,223.5,0.3624161073825503,0.39373601789709173,0.24384787472035793,1.0
46,2025-05-02 08:00:00,51,M,28.16034914,179.8,67.0,7.4,154,8,Breakfast,448.0,66.0,22.0,10.5,0.0,100.0,117.6,dexcom,166.0,4,0,66.0,98.5,0.6700507614213198,0.2233502538071066,0.1065989847715736,-36.400000000000006
46,2025-05-02 11:39:00,51,M,28.16034914,179.8,67.0,7.4,154,11,Lunch,830.0,92.0,17.0,42.0,10.0,100.0,67.2,dexcom,122.0,4,0,8.363636363636363,151.0,0.609271523178808,0.11258278145695365,0.2781456953642384,-86.8
46,2025-05-03 08:00:00,51,M,28.16034914,179.8,67.0,7.4,154,8,Breakfast,608.0,66.0,66.0,10.5,0.0,100.0,129.6,dexcom,108.0,5,1,66.0,142.5,0.4631578947368421,0.4631578947368421,0.07368421052631578,-24.400000000000006
46,2025-05-03 11:47:00,51,M,28.16034914,179.8,67.0,7.4,154,11,Lunch,435.0,16.0,66.0,14.0,4.0,100.0,109.2,dexcom,136.4,5,1,3.2,96.0,0.16666666666666666,0.6875,0.14583333333333334,-44.8
46,2025-05-04 08:06:00,51,M,28.16034914,179.8,67.0,7.4,154,8,Breakfast,712.0,66.0,22.0,42.0,0.0,100.0,130.8,dexcom,98.2,6,1,66.0,130.0,0.5076923076923077,0.16923076923076924,0.3230769230769231,-23.19999999999999
46,2025-05-04 11:17:00,51,M,28.16034914,179.8,67.0,7.4,154,11,Lunch,555.0,94.0,12.0,13.0,5.0,75.0,122.4,dexcom,155.6,6,1,15.666666666666666,119.0,0.7899159663865546,0.10084033613445378,0.1092436974789916,-31.599999999999994
46,2025-05-04 14:49:00,51,M,28.16034914,179.8,67.0,7.4,154,14,Dinner,456.0,44.0,34.0,16.0,0.0,100.0,184.0,dexcom,228.8,6,1,44.0,94.0,0.46808510638297873,0.3617021276595745,0.1702127659574468,30.0
46,2025-05-05 08:00:00,51,M,28.16034914,179.8,67.0,7.4,154,8,Breakfast,902.0,73.0,66.0,42.0,7.0,100.0,126.8,dexcom,234.0,0,0,9.125,181.0,0.40331491712707185,0.36464088397790057,0.23204419889502761,-27.200000000000003
46,2025-05-05 11:01:00,51,M,28.16034914,179.8,67.0,7.4,154,11,Lunch,355.0,19.0,32.0,15.0,5.0,100.0,249.2,dexcom,177.0,0,0,3.1666666666666665,66.0,0.2878787878787879,0.48484848484848486,0.22727272727272727,95.19999999999999
46,2025-05-05 18:57:00,51,M,28.16034914,179.8,67.0,7.4,154,18,Dinner,265.0,43.0,3.0,10.0,4.0,200.0,128.4,dexcom,302.6,0,0,8.6,56.0,0.7678571428571429,0.05357142857142857,0.17857142857142858,-25.599999999999994
46,2025-05-05 19:30:00,51,M,28.16034914,179.8,67.0,7.4,154,19,Dinner,456.0,44.0,34.0,16.0,0.0,100.0,145.6,dexcom,338.8,0,0,44.0,94.0,0.46808510638297873,0.3617021276595745,0.1702127659574468,-8.400000000000006
46,2025-05-06 07:52:00,51,M,28.16034914,179.8,67.0,7.4,154,7,Breakfast,268.0,24.0,22.0,10.5,0.0,100.0,153.8,dexcom,224.0,1,0,24.0,56.5,0.4247787610619469,0.3893805309734513,0.18584070796460178,-0.19999999999998863
46,2025-05-06 12:00:00,51,M,28.16034914,179.8,67.0,7.4,154,12,Lunch,1110.0,93.0,84.0,44.0,4.0,100.0,140.2,dexcom,259.6,1,0,18.6,221.0,0.42081447963800905,0.38009049773755654,0.19909502262443438,-13.800000000000011
46,2025-05-06 16:23:00,51,M,28.16034914,179.8,67.0,7.4,154,16,Dinner,290.0,22.0,2.0,0.0,0.0,200.0,220.0,dexcom,199.0,1,0,22.0,24.0,0.9166666666666666,0.08333333333333333,0.0,66.0
46,2025-05-06 16:31:00,51,M,28.16034914,179.8,67.0,7.4,154,16,Dinner,514.0,64.0,20.0,20.0,0.0,100.0,204.4,dexcom,189.2,1,0,64.0,104.0,0.6153846153846154,0.19230769230769232,0.19230769230769232,50.400000000000006
46,2025-05-07 07:55:00,51,M,28.16034914,179.8,67.0,7.4,154,7,Breakfast,448.0,66.0,22.0,10.5,0.0,100.0,160.4,dexcom,258.6,2,0,66.0,98.5,0.6700507614213198,0.2233502538071066,0.1065989847715736,6.400000000000006
46,2025-05-07 11:29:00,51,M,28.16034914,179.8,67.0,7.4,154,11,Lunch,575.0,76.0,22.0,18.5,11.0,75.0,172.4,dexcom,248.8,2,0,6.333333333333333,116.5,0.6523605150214592,0.1888412017167382,0.15879828326180256,18.400000000000006
46,2025-05-07 17:32:00,51,M,28.16034914,179.8,67.0,7.4,154,17,Dinner,120.0,22.0,4.0,2.0,1.0,100.0,253.8,dexcom,209.2,2,0,11.0,28.0,0.7857142857142857,0.14285714285714285,0.07142857142857142,99.80000000000001
46,2025-05-07 18:33:00,51,M,28.16034914,179.8,67.0,7.4,154,18,Dinner,642.0,80.0,8.0,33.0,3.0,200.0,268.0,dexcom,246.0,2,0,20.0,121.0,0.6611570247933884,0.06611570247933884,0.2727272727272727,114.0
46,2025-05-08 07:59:00,51,M,28.16034914,179.8,67.0,7.4,154,7,Breakfast,608.0,66.0,66.0,10.5,0.0,100.0,190.4,dexcom,229.0,3,0,66.0,142.5,0.4631578947368421,0.4631578947368421,0.07368421052631578,36.400000000000006
46,2025-05-08 11:43:00,51,M,28.16034914,179.8,67.0,7.4,154,11,Lunch,585.0,40.0,76.0,17.0,13.0,100.0,139.0,dexcom,105.0,3,0,2.857142857142857,133.0,0.3007518796992481,0.5714285714285714,0.12781954887218044,-15.0
46,2025-05-08 16:10:00,51,M,28.16034914,179.8,67.0,7.4,154,16,Dinner,360.0,35.0,37.0,8.0,2.0,300.0,152.2,dexcom,216.2,3,0,11.666666666666666,80.0,0.4375,0.4625,0.1,-1.8000000000000114
46,2025-05-09 07:59:00,51,M,28.16034914,179.8,67.0,7.4,154,7,Breakfast,712.0,66.0,22.0,42.0,0.0,100.0,166.2,dexcom,174.0,4,0,66.0,130.0,0.5076923076923077,0.16923076923076924,0.3230769230769231,12.199999999999989
46,2025-05-09 12:23:00,51,M,28.16034914,179.8,67.0,7.4,154,12,Lunch,445.0,43.0,20.0,20.0,13.0,100.0,141.0,dexcom,113.0,4,0,3.0714285714285716,83.0,0.5180722891566265,0.24096385542168675,0.24096385542168675,-13.0
46,2025-05-09 15:04:00,51,M,28.16034914,179.8,67.0,7.4,154,15,Dinner,170.0,17.0,5.0,8.0,0.0,75.0,136.2,dexcom,230.6,4,0,17.0,30.0,0.5666666666666667,0.16666666666666666,0.26666666666666666,-17.80000000000001
46,2025-05-10 08:17:00,51,M,28.16034914,179.8,67.0,7.4,154,8,Breakfast,268.0,24.0,22.0,10.5,0.0,100.0,167.6,dexcom,171.4,5,1,24.0,56.5,0.4247787610619469,0.3893805309734513,0.18584070796460178,13.599999999999994
46,2025-05-10 11:46:00,51,M,28.16034914,179.8,67.0,7.4,154,11,Lunch,725.0,94.0,44.0,20.0,4.0,100.0,111.2,dexcom,157.0,5,1,18.8,158.0,0.5949367088607594,0.27848101265822783,0.12658227848101267,-42.8
46,2025-05-10 14:28:00,51,M,28.16034914,179.8,67.0,7.4,154,14,Dinner,633.0,47.0,55.0,25.0,3.0,200.0,151.0,dexcom,194.0,5,1,11.75,127.0,0.3700787401574803,0.4330708661417323,0.1968503937007874,-3.0
47,2025-10-30 12:04:00,62,M,31.37720076,182.8,64.0,6.9,150,12,Lunch,1180.0,81.0,88.0,54.5,18.0,75.0,161.2,dexcom,195.4,3,0,4.2631578947368425,223.5,0.3624161073825503,0.39373601789709173,0.24384787472035793,11.199999999999989
47,2025-10-30 17:10:00,62,M,31.37720076,182.8,64.0,6.9,150,17,Dinner,451.0,40.0,10.0,28.0,1.0,300.0,124.4,dexcom,144.2,3,0,20.0,78.0,0.5128205128205128,0.1282051282051282,0.358974358974359,-25.599999999999994
47,2025-10-31 07:41:00,62,M,31.37720076,182.8,64.0,6.9,150,7,Breakfast,448.0,66.0,22.0,10.5,0.0,100.0,193.0,dexcom,338.0,4,0,66.0,98.5,0.6700507614213198,0.2233502538071066,0.1065989847715736,43.0
47,2025-10-31 11:44:00,62,M,31.37720076,182.8,64.0,6.9,150,11,Lunch,830.0,92.0,17.0,42.0,10.0,100.0,149.2,dexcom,181.2,4,0,8.363636363636363,151.0,0.609271523178808,0.11258278145695365,0.2781456953642384,-0.8000000000000114
47,2025-10-31 16:29:00,62,M,31.37720076,182.8,64.0,6.9,150,16,Dinner,420.0,33.0,41.0,15.0,4.0,300.0,134.8,dexcom,225.4,4,0,6.6,89.0,0.3707865168539326,0.4606741573033708,0.16853932584269662,-15.199999999999989
47,2025-11-01 07:57:00,62,M,31.37720076,182.8,64.0,6.9,150,7,Breakfast,608.0,66.0,66.0,10.5,0.0,100.0,194.4,dexcom,291.6,5,1,66.0,142.5,0.4631578947368421,0.4631578947368421,0.07368421052631578,44.400000000000006
47,2025-11-01 12:19:00,62,M,31.37720076,182.8,64.0,6.9,150,12,Lunch,435.0,16.0,66.0,14.0,4.0,100.0,198.4,dexcom,134.6,5,1,3.2,96.0,0.16666666666666666,0.6875,0.14583333333333334,48.400000000000006
47,2025-11-01 16:42:00,62,M,31.37720076,182.8,64.0,6.9,150,16,Dinner,236.0,4.0,38.0,7.0,2.0,200.0,154.4,dexcom,277.2,5,1,1.3333333333333333,49.0,0.08163265306122448,0.7755102040816326,0.14285714285714285,4.400000000000006
47,2025-11-02 07:39:00,62,M,31.37720076,182.8,64.0,6.9,150,7,Breakfast,712.0,66.0,22.0,42.0,0.0,100.0,198.4,dexcom,328.2,6,1,66.0,130.0,0.5076923076923077,0.16923076923076924,0.3230769230769231,48.400000000000006
47,2025-11-02 11:57:00,62,M,31.37720076,182.8,64.0,6.9,150,11,Lunch,555.0,94.0,12.0,13.0,5.0,75.0,190.4,dexcom,250.6,6,1,15.666666666666666,119.0,0.7899159663865546,0.10084033613445378,0.1092436974789916,40.400000000000006
47,2025-11-02 17:20:00,62,M,31.37720076,182.8,64.0,6.9,150,17,Dinner,241.0,8.0,25.0,12.0,2.0,100.0,184.6,dexcom,161.8,6,1,2.6666666666666665,45.0,0.17777777777777778,0.5555555555555556,0.26666666666666666,34.599999999999994
47,2025-11-03 07:40:00,62,M,31.37720076,182.8,64.0,6.9,150,7,Breakfast,902.0,73.0,66.0,42.0,7.0,100.0,192.8,dexcom,287.8,0,0,9.125,181.0,0.40331491712707185,0.36464088397790057,0.23204419889502761,42.80000000000001
47,2025-11-03 11:47:00,62,M,31.37720076,182.8,64.0,6.9,150,11,Lunch,355.0,19.0,32.0,15.0,5.0,100.0,193.0,dexcom,144.4,0,0,3.1666666666666665,66.0,0.2878787878787879,0.48484848484848486,0.22727272727272727,43.0
47,2025-11-03 16:56:00,62,M,31.37720076,182.8,64.0,6.9,150,16,Dinner,442.0,33.0,28.0,22.0,2.0,100.0,170.0,dexcom,212.0,0,0,11.0,83.0,0.39759036144578314,0.3373493975903614,0.26506024096385544,20.0
47,2025-11-04 08:49:00,62,M,31.37720076,182.8,64.0,6.9,150,8,Breakfast,268.0,24.0,22.0,10.5,0.0,100.0,188.0,dexcom,222.2,1,0,24.0,56.5,0.4247787610619469,0.3893805309734513,0.18584070796460178,38.0
47,2025-11-04 11:22:00,62,M,31.37720076,182.8,64.0,6.9,150,11,Lunch,1110.0,93.0,84.0,44.0,4.0,100.0,189.0,dexcom,170.0,1,0,18.6,221.0,0.42081447963800905,0.38009049773755654,0.19909502262443438,39.0
47,2025-11-04 17:23:00,62,M,31.37720076,182.8,64.0,6.9,150,17,Dinner,644.0,67.0,34.0,29.0,11.0,200.0,138.6,dexcom,255.6,1,0,5.583333333333333,130.0,0.5153846153846153,0.26153846153846155,0.2230769230769231,-11.400000000000006
47,2025-11-05 08:47:00,62,M,31.37720076,182.8,64.0,6.9,150,8,Breakfast,448.0,66.0,22.0,10.5,0.0,100.0,194.8,dexcom,330.6,2,0,66.0,98.5,0.6700507614213198,0.2233502538071066,0.1065989847715736,44.80000000000001
47,2025-11-05 12:10:00,62,M,31.37720076,182.8,64.0,6.9,150,12,Lunch,575.0,76.0,22.0,18.5,11.0,75.0,252.4,dexcom,179.8,2,0,6.333333333333333,116.5,0.6523605150214592,0.1888412017167382,0.15879828326180256,102.4
47,2025-11-05 17:23:00,62,M,31.37720076,182.8,64.0,6.9,150,17,Dinner,820.0,52.0,48.0,50.0,8.0,100.0,163.0,dexcom,235.4,2,0,5.777777777777778,150.0,0.3466666666666667,0.32,0.3333333333333333,13.0
47,2025-11-06 08:13:00,62,M,31.37720076,182.8,64.0,6.9,150,8,Breakfast,608.0,66.0,66.0,10.5,0.0,100.0,186.2,dexcom,188.6,3,0,66.0,142.5,0.4631578947368421,0.4631578947368421,0.07368421052631578,36.19999999999999
47,2025-11-06 11:47:00,62,M,31.37720076,182.8,64.0,6.9,150,11,Lunch,585.0,40.0,76.0,17.0,13.0,100.0,167.4,dexcom,190.6,3,0,2.857142857142857,133.0,0.3007518796992481,0.5714285714285714,0.12781954887218044,17.400000000000006
47,2025-11-06 16:06:00,62,M,31.37720076,182.8,64.0,6.9,150,16,Dinner,1205.0,95.0,84.0,60.0,8.0,200.0,125.0,dexcom,174.0,3,0,10.555555555555555,239.0,0.39748953974895396,0.3514644351464435,0.2510460251046025,-25.0
47,2025-11-07 07:54:00,62,M,31.37720076,182.8,64.0,6.9,150,7,Breakfast,712.0,66.0,22.0,42.0,0.0,100.0,158.3333,libre,216.6667,4,0,66.0,130.0,0.5076923076923077,0.16923076923076924,0.3230769230769231,8.333300000000008
47,2025-11-07 11:07:00,62,M,31.37720076,182.8,64.0,6.9,150,11,Lunch,445.0,43.0,20.0,20.0,13.0,100.0,180.4,dexcom,183.0,4,0,3.0714285714285716,83.0,0.5180722891566265,0.24096385542168675,0.24096385542168675,30.400000000000006
47,2025-11-07 15:50:00,62,M,31.37720076,182.8,64.0,6.9,150,15,Dinner,670.0,61.0,42.0,28.0,4.0,300.0,148.8,dexcom,183.4,4,0,12.2,131.0,0.46564885496183206,0.32061068702290074,0.21374045801526717,-1.1999999999999886
47,2025-11-08 09:59:00,62,M,31.37720076,182.8,64.0,6.9,150,9,Breakfast,268.0,24.0,22.0,10.5,0.0,100.0,242.8,dexcom,192.6,5,1,24.0,56.5,0.4247787610619469,0.3893805309734513,0.18584070796460178,92.80000000000001
47,2025-11-08 11:28:00,62,M,31.37720076,182.8,64.0,6.9,150,11,Lunch,725.0,94.0,44.0,20.0,4.0,100.0,171.4,dexcom,140.4,5,1,18.8,158.0,0.5949367088607594,0.27848101265822783,0.12658227848101267,21.400000000000006
47,2025-11-08 16:23:00,62,M,31.37720076,182.8,64.0,6.9,150,16,Dinner,596.0,43.0,47.0,26.0,3.0,300.0,168.2,dexcom,165.0,5,1,10.75,116.0,0.3706896551724138,0.4051724137931034,0.22413793103448276,18.19999999999999
48,2022-11-14 13:02:00,22,F,21.1336719,127.0,65.0,4.8,79,13,Lunch,1180.0,81.0,88.0,54.5,18.0,75.0,84.0,dexcom,117.0,0,0,4.2631578947368425,223.5,0.3624161073825503,0.39373601789709173,0.24384787472035793,5.0
48,2022-11-14 19:00:00,22,F,21.1336719,127.0,65.0,4.8,79,19,Dinner,20.0,2.0,0.0,2.0,2.0,0.0,76.2,dexcom,79.0,0,0,0.6666666666666666,4.0,0.5,0.0,0.5,-2.799999999999997
48,2022-11-14 19:30:00,22,F,21.1336719,127.0,65.0,4.8,79,19,Dinner,723.0,97.0,36.0,21.0,10.0,0.0,53.6,dexcom,86.6,0,0,8.818181818181818,154.0,0.6298701298701299,0.23376623376623376,0.13636363636363635,-25.4
48,2022-11-15 09:35:00,22,F,21.1336719,127.0,65.0,4.8,79,9,Breakfast,448.0,66.0,22.0,10.5,0.0,100.0,90.4,dexcom,113.8,1,0,66.0,98.5,0.6700507614213198,0.2233502538071066,0.1065989847715736,11.400000000000006
48,2022-11-15 13:42:00,22,F,21.1336719,127.0,65.0,4.8,79,13,Lunch,830.0,92.0,17.0,42.0,10.0,100.0,66.0,dexcom,118.0,1,0,8.363636363636363,151.0,0.609271523178808,0.11258278145695365,0.2781456953642384,-13.0
48,2022-11-15 19:30:00,22,F,21.1336719,127.0,65.0,4.8,79,19,Dinner,336.0,45.0,11.0,12.0,6.0,0.0,77.4,dexcom,89.4,1,0,6.428571428571429,68.0,0.6617647058823529,0.16176470588235295,0.17647058823529413,-1.5999999999999943
48,2022-11-16 10:29:00,22,F,21.1336719,127.0,65.0,4.8,79,10,Breakfast,608.0,66.0,66.0,10.5,0.0,100.0,82.6,dexcom,90.0,2,0,66.0,142.5,0.4631578947368421,0.4631578947368421,0.07368421052631578,3.5999999999999943
48,2022-11-16 15:57:00,22,F,21.1336719,127.0,65.0,4.8,79,15,Lunch,435.0,16.0,66.0,14.0,4.0,100.0,93.0,dexcom,104.0,2,0,3.2,96.0,0.16666666666666666,0.6875,0.14583333333333334,14.0
48,2022-11-16 21:11:00,22,F,21.1336719,127.0,65.0,4.8,79,21,Dinner,1420.0,93.0,56.0,83.0,5.0,200.0,126.4,dexcom,104.2,2,0,15.5,232.0,0.40086206896551724,0.2413793103448276,0.3577586206896552,47.400000000000006
48,2022-11-17 07:31:00,22,F,21.1336719,127.0,65.0,4.8,79,7,Breakfast,712.0,66.0,22.0,42.0,0.0,100.0,94.0,dexcom,106.6,3,0,66.0,130.0,0.5076923076923077,0.16923076923076924,0.3230769230769231,15.0
48,2022-11-17 14:02:00,22,F,21.1336719,127.0,65.0,4.8,79,14,Lunch,555.0,94.0,12.0,13.0,5.0,75.0,103.0,dexcom,135.0,3,0,15.666666666666666,119.0,0.7899159663865546,0.10084033613445378,0.1092436974789916,24.0
48,2022-11-17 18:58:00,22,F,21.1336719,127.0,65.0,4.8,79,18,Dinner,329.0,13.0,7.0,5.0,1.0,300.0,94.2,dexcom,122.2,3,0,6.5,25.0,0.52,0.28,0.2,15.200000000000003
48,2022-11-18 07:07:00,22,F,21.1336719,127.0,65.0,4.8,79,7,Breakfast,902.0,73.0,66.0,42.0,7.0,100.0,110.0,dexcom,121.0,4,0,9.125,181.0,0.40331491712707185,0.36464088397790057,0.23204419889502761,31.0
48,2022-11-18 11:43:00,22,F,21.1336719,127.0,65.0,4.8,79,11,Lunch,355.0,19.0,32.0,15.0,5.0,100.0,92.4,dexcom,100.0,4,0,3.1666666666666665,66.0,0.2878787878787879,0.48484848484848486,0.22727272727272727,13.400000000000006
48,2022-11-18 19:07:00,22,F,21.1336719,127.0,65.0,4.8,79,19,Dinner,780.0,95.0,52.0,21.0,3.0,200.0,100.0,dexcom,170.0,4,0,23.75,168.0,0.5654761904761905,0.30952380952380953,0.125,21.0
48,2022-11-19 07:23:00,22,F,21.1336719,127.0,65.0,4.8,79,7,Breakfast,268.0,24.0,22.0,10.5,0.0,100.0,108.4,dexcom,103.8,5,1,24.0,56.5,0.4247787610619469,0.3893805309734513,0.18584070796460178,29.400000000000006
48,2022-11-19 10:57:00,22,F,21.1336719,127.0,65.0,4.8,79,10,Lunch,1110.0,93.0,84.0,44.0,4.0,100.0,118.0,dexcom,111.0,5,1,18.6,221.0,0.42081447963800905,0.38009049773755654,0.19909502262443438,39.0
48,2022-11-19 15:19:00,22,F,21.1336719,127.0,65.0,4.8,79,15,Snack,31.0,8.0,0.0,0.0,0.0,100.0,101.4,dexcom,108.0,5,1,8.0,8.0,1.0,0.0,0.0,22.400000000000006
48,2022-11-19 17:44:00,22,F,21.1336719,127.0,65.0,4.8,79,17,Dinner,500.0,51.0,32.0,21.0,5.0,300.0,99.2,dexcom,120.2,5,1,8.5,104.0,0.49038461538461536,0.3076923076923077,0.20192307692307693,20.200000000000003
48,2022-11-19 18:46:00,22,F,21.1336719,127.0,65.0,4.8,79,18,Snack,179.0,10.0,8.0,12.0,1.0,100.0,100.4,dexcom,133.2,5,1,5.0,30.0,0.3333333333333333,0.26666666666666666,0.4,21.400000000000006
48,2022-11-20 07:04:00,22,F,21.1336719,127.0,65.0,4.8,79,7,Breakfast,448.0,66.0,22.0,10.5,0.0,100.0,108.8,dexcom,138.6,6,1,66.0,98.5,0.6700507614213198,0.2233502538071066,0.1065989847715736,29.799999999999997
48,2022-11-20 11:14:00,22,F,21.1336719,127.0,65.0,4.8,79,11,Lunch,575.0,76.0,22.0,18.5,11.0,75.0,112.6,dexcom,141.0,6,1,6.333333333333333,116.5,0.6523605150214592,0.1888412017167382,0.15879828326180256,33.599999999999994
48,2022-11-20 19:04:00,22,F,21.1336719,127.0,65.0,4.8,79,19,Dinner,934.0,76.0,67.0,33.0,8.0,500.0,115.4,dexcom,140.2,6,1,8.444444444444445,176.0,0.4318181818181818,0.3806818181818182,0.1875,36.400000000000006
48,2022-11-21 09:33:00,22,F,21.1336719,127.0,65.0,4.8,79,9,Breakfast,608.0,66.0,66.0,10.5,0.0,100.0,110.4,dexcom,110.4,0,0,66.0,142.5,0.4631578947368421,0.4631578947368421,0.07368421052631578,31.400000000000006
48,2022-11-21 12:33:00,22,F,21.1336719,127.0,65.0,4.8,79,12,Lunch,585.0,40.0,76.0,17.0,13.0,100.0,118.0,dexcom,120.4,0,0,2.857142857142857,133.0,0.3007518796992481,0.5714285714285714,0.12781954887218044,39.0
48,2022-11-21 16:30:00,22,F,21.1336719,127.0,65.0,4.8,79,16,Dinner,243.0,26.0,10.0,12.0,5.0,300.0,127.0,dexcom,131.0,0,0,4.333333333333333,48.0,0.5416666666666666,0.20833333333333334,0.25,48.0
48,2022-11-21 19:49:00,22,F,21.1336719,127.0,65.0,4.8,79,19,Dinner,772.0,55.0,61.0,33.0,7.0,200.0,118.6,dexcom,145.0,0,0,6.875,149.0,0.3691275167785235,0.40939597315436244,0.2214765100671141,39.599999999999994
48,2022-11-22 10:34:00,22,F,21.1336719,127.0,65.0,4.8,79,10,Breakfast,712.0,66.0,22.0,42.0,0.0,100.0,108.8,dexcom,114.4,1,0,66.0,130.0,0.5076923076923077,0.16923076923076924,0.3230769230769231,29.799999999999997
48,2022-11-22 13:25:00,22,F,21.1336719,127.0,65.0,4.8,79,13,Lunch,445.0,43.0,20.0,20.0,13.0,100.0,85.4,dexcom,107.4,1,0,3.0714285714285716,83.0,0.5180722891566265,0.24096385542168675,0.24096385542168675,6.400000000000006
48,2022-11-22 16:35:00,22,F,21.1336719,127.0,65.0,4.8,79,16,Snack,426.0,59.0,8.0,20.0,4.0,200.0,101.6,dexcom,134.4,1,0,11.8,87.0,0.6781609195402298,0.09195402298850575,0.22988505747126436,22.599999999999994
48,2022-11-22 21:36:00,22,F,21.1336719,127.0,65.0,4.8,79,21,Dinner,270.0,31.0,13.0,11.0,4.0,200.0,109.6,dexcom,139.6,1,0,6.2,55.0,0.5636363636363636,0.23636363636363636,0.2,30.599999999999994
48,2022-11-23 10:22:00,22,F,21.1336719,127.0,65.0,4.8,79,10,Breakfast,268.0,24.0,22.0,10.5,0.0,100.0,113.0,dexcom,103.0,2,0,24.0,56.5,0.4247787610619469,0.3893805309734513,0.18584070796460178,34.0
48,2022-11-23 13:22:00,22,F,21.1336719,127.0,65.0,4.8,79,13,Lunch,725.0,94.0,44.0,20.0,4.0,100.0,97.0,dexcom,108.0,2,0,18.8,158.0,0.5949367088607594,0.27848101265822783,0.12658227848101267,18.0
48,2022-11-23 19:08:00,22,F,21.1336719,127.0,65.0,4.8,79,19,Dinner,253.0,14.0,11.0,16.0,0.0,300.0,144.4,dexcom,150.4,2,0,14.0,41.0,0.34146341463414637,0.2682926829268293,0.3902439024390244,65.4
48,2022-11-23 22:36:00,22,F,21.1336719,127.0,65.0,4.8,79,22,Snack,293.0,40.0,11.0,13.0,4.0,200.0,123.6,dexcom,136.8,2,0,8.0,64.0,0.625,0.171875,0.203125,44.599999999999994
48,2022-11-24 11:24:00,22,F,21.1336719,127.0,65.0,4.8,79,11,Breakfast,902.0,73.0,22.0,42.0,7.0,100.0,95.3333,libre,87.6667,3,0,9.125,137.0,0.5328467153284672,0.16058394160583941,0.30656934306569344,16.333299999999994
49,2025-05-11 11:52:00,58,F,36.09087565,184.8,60.0,7.2,148,11,Lunch,1180.0,81.0,88.0,54.5,18.0,75.0,152.2,dexcom,233.2,6,1,4.2631578947368425,223.5,0.3624161073825503,0.39373601789709173,0.24384787472035793,4.199999999999989
49,2025-05-11 20:16:00,58,F,36.09087565,184.8,60.0,7.2,148,20,Dinner,57.0,13.0,3.0,0.0,4.0,300.0,160.4,dexcom,215.0,6,1,2.6,16.0,0.8125,0.1875,0.0,12.400000000000006
49,2025-05-12 07:05:00,58,F,36.09087565,184.8,60.0,7.2,148,7,Breakfast,448.0,66.0,22.0,10.5,0.0,100.0,186.6,dexcom,373.8,0,0,66.0,98.5,0.6700507614213198,0.2233502538071066,0.1065989847715736,38.599999999999994
49,2025-05-12 13:34:00,58,F,36.09087565,184.8,60.0,7.2,148,13,Lunch,830.0,92.0,17.0,42.0,10.0,100.0,140.0,dexcom,229.0,0,0,8.363636363636363,151.0,0.609271523178808,0.11258278145695365,0.2781456953642384,-8.0
49,2025-05-12 20:45:00,58,F,36.09087565,184.8,60.0,7.2,148,20,Dinner,393.0,42.0,13.0,22.0,21.0,400.0,145.0,dexcom,192.4,0,0,1.9090909090909092,77.0,0.5454545454545454,0.16883116883116883,0.2857142857142857,-3.0
49,2025-05-13 07:08:00,58,F,36.09087565,184.8,60.0,7.2,148,7,Breakfast,608.0,66.0,66.0,10.5,0.0,100.0,165.0,dexcom,257.0,1,0,66.0,142.5,0.4631578947368421,0.4631578947368421,0.07368421052631578,17.0
49,2025-05-13 13:26:00,58,F,36.09087565,184.8,60.0,7.2,148,13,Lunch,435.0,16.0,66.0,14.0,4.0,100.0,92.4,dexcom,209.4,1,0,3.2,96.0,0.16666666666666666,0.6875,0.14583333333333334,-55.599999999999994
49,2025-05-14 07:08:00,58,F,36.09087565,184.8,60.0,7.2,148,7,Breakfast,712.0,66.0,22.0,42.0,0.0,100.0,162.0,dexcom,273.0,2,0,66.0,130.0,0.5076923076923077,0.16923076923076924,0.3230769230769231,14.0
49,2025-05-14 12:02:00,58,F,36.09087565,184.8,60.0,7.2,148,12,Lunch,555.0,94.0,12.0,13.0,5.0,75.0,79.8,dexcom,226.2,2,0,15.666666666666666,119.0,0.7899159663865546,0.10084033613445378,0.1092436974789916,-68.2
49,2025-05-14 19:33:00,58,F,36.09087565,184.8,60.0,7.2,148,19,Dinner,388.0,32.0,8.0,29.0,16.0,700.0,104.0,dexcom,226.0,2,0,1.8823529411764706,69.0,0.463768115942029,0.11594202898550725,0.42028985507246375,-44.0
49,2025-05-15 08:10:00,58,F,36.09087565,184.8,60.0,7.2,148,8,Breakfast,902.0,73.0,66.0,42.0,7.0,100.0,134.2,dexcom,213.2,3,0,9.125,181.0,0.40331491712707185,0.36464088397790057,0.23204419889502761,-13.800000000000011
49,2025-05-15 13:05:00,58,F,36.09087565,184.8,60.0,7.2,148,13,Lunch,355.0,19.0,32.0,15.0,5.0,100.0,111.0,dexcom,108.0,3,0,3.1666666666666665,66.0,0.2878787878787879,0.48484848484848486,0.22727272727272727,-37.0
49,2025-05-15 20:10:00,58,F,36.09087565,184.8,60.0,7.2,148,20,Dinner,752.0,63.0,16.0,55.0,20.0,600.0,140.2,dexcom,226.8,3,0,3.0,134.0,0.4701492537313433,0.11940298507462686,0.41044776119402987,-7.800000000000011
49,2025-05-16 07:09:00,58,F,36.09087565,184.8,60.0,7.2,148,7,Breakfast,268.0,24.0,22.0,10.5,0.0,100.0,138.8,dexcom,147.0,4,0,24.0,56.5,0.4247787610619469,0.3893805309734513,0.18584070796460178,-9.199999999999989
49,2025-05-16 12:08:00,58,F,36.09087565,184.8,60.0,7.2,148,12,Lunch,1110.0,93.0,84.0,44.0,4.0,100.0,104.0,dexcom,205.0,4,0,18.6,221.0,0.42081447963800905,0.38009049773755654,0.19909502262443438,-44.0
49,2025-05-16 19:30:00,58,F,36.09087565,184.8,60.0,7.2,148,19,Dinner,575.0,63.0,19.0,30.0,5.0,400.0,120.6,dexcom,198.6,4,0,10.5,112.0,0.5625,0.16964285714285715,0.26785714285714285,-27.400000000000006
49,2025-05-17 07:11:00,58,F,36.09087565,184.8,60.0,7.2,148,7,Breakfast,448.0,66.0,22.0,10.5,0.0,100.0,153.0,dexcom,194.2,5,1,66.0,98.5,0.6700507614213198,0.2233502538071066,0.1065989847715736,5.0
49,2025-05-17 12:16:00,58,F,36.09087565,184.8,60.0,7.2,148,12,Lunch,575.0,76.0,22.0,18.5,11.0,75.0,84.4,dexcom,178.8,5,1,6.333333333333333,116.5,0.6523605150214592,0.1888412017167382,0.15879828326180256,-63.599999999999994
49,2025-05-17 19:17:00,58,F,36.09087565,184.8,60.0,7.2,148,19,Dinner,412.0,124.0,56.0,36.0,8.0,400.0,181.8,dexcom,150.8,5,1,13.777777777777779,216.0,0.5740740740740741,0.25925925925925924,0.16666666666666666,33.80000000000001
49,2025-05-18 08:59:00,58,F,36.09087565,184.8,60.0,7.2,148,8,Breakfast,608.0,66.0,66.0,10.5,0.0,100.0,153.2,dexcom,241.8,6,1,66.0,142.5,0.4631578947368421,0.4631578947368421,0.07368421052631578,5.199999999999989
49,2025-05-18 13:01:00,58,F,36.09087565,184.8,60.0,7.2,148,13,Lunch,585.0,40.0,76.0,17.0,13.0,100.0,157.4,dexcom,182.6,6,1,2.857142857142857,133.0,0.3007518796992481,0.5714285714285714,0.12781954887218044,9.400000000000006
49,2025-05-18 19:42:00,58,F,36.09087565,184.8,60.0,7.2,148,19,Dinner,590.0,69.0,31.0,42.0,9.0,500.0,210.4,dexcom,198.4,6,1,6.9,142.0,0.4859154929577465,0.21830985915492956,0.29577464788732394,62.400000000000006
49,2025-05-19 07:06:00,58,F,36.09087565,184.8,60.0,7.2,148,7,Breakfast,712.0,66.0,22.0,42.0,0.0,100.0,164.8,dexcom,279.8,0,0,66.0,130.0,0.5076923076923077,0.16923076923076924,0.3230769230769231,16.80000000000001
49,2025-05-19 13:37:00,58,F,36.09087565,184.8,60.0,7.2,148,13,Lunch,445.0,43.0,20.0,20.0,13.0,100.0,94.8,dexcom,182.8,0,0,3.0714285714285716,83.0,0.5180722891566265,0.24096385542168675,0.24096385542168675,-53.2
49,2025-05-19 20:21:00,58,F,36.09087565,184.8,60.0,7.2,148,20,Dinner,370.0,38.0,26.0,12.0,2.0,200.0,106.0,dexcom,206.8,0,0,12.666666666666666,76.0,0.5,0.34210526315789475,0.15789473684210525,-42.0
49,2025-05-20 07:06:00,58,F,36.09087565,184.8,60.0,7.2,148,7,Breakfast,268.0,24.0,22.0,10.5,0.0,100.0,152.6,dexcom,170.4,1,0,24.0,56.5,0.4247787610619469,0.3893805309734513,0.18584070796460178,4.599999999999994
49,2025-05-20 12:53:00,58,F,36.09087565,184.8,60.0,7.2,148,12,Lunch,725.0,94.0,44.0,20.0,4.0,100.0,100.0,dexcom,283.0,1,0,18.8,158.0,0.5949367088607594,0.27848101265822783,0.12658227848101267,-48.0
49,2025-05-21 08:02:00,58,F,36.09087565,184.8,60.0,7.2,148,8,Breakfast,902.0,73.0,22.0,42.0,7.0,100.0,221.4,libre,135.8,2,0,9.125,137.0,0.5328467153284672,0.16058394160583941,0.30656934306569344,73.4
