meal_id,subject_id,meal_time,age,gender,bmi,weight_lb,height_in,a1c,fasting_glucose_lab,meal_hour,meal_type,calories,carbs,protein,fat,fiber,amount_consumed,premeal_glucose,delta_glucose_max_2h,source_file,glucose_sensor_used,post_max_glucose_2h,glucose_120min,delta_glucose_120min
S001_2020-05-01T14:23:00,1,2020-05-01 14:23:00,27,M,22.26523858,133.8,65.0,5.4,91,14,Lunch,1170.0,85.0,88.0,54.2,12.0,100.0,109.4,24.6,CGMacros_dateshifted365/CGMacros/CGMacros-001/CGMacros-001.csv,dexcom,134.0,103.0,-6.4
S001_2020-05-01T20:48:00,1,2020-05-01 20:48:00,27,M,22.26523858,133.8,65.0,5.4,91,20,Dinner,80.0,18.0,0.0,0.0,0.0,100.0,114.8,39.2,CGMacros_dateshifted365/CGMacros/CGMacros-001/CGMacros-001.csv,dexcom,154.0,127.0,12.2
S001_2020-05-02T00:15:00,1,2020-05-02 00:15:00,27,M,22.26523858,133.8,65.0,5.4,91,0,Snack,110.0,24.0,0.0,2.0,0.0,100.0,97.4,35.6,CGMacros_dateshifted365/CGMacros/CGMacros-001/CGMacros-001.csv,dexcom,133.0,106.6,9.2
S001_2020-05-02T08:18:00,1,2020-05-02 08:18:00,27,M,22.26523858,133.8,65.0,5.4,91,8,Breakfast,448.0,66.0,22.0,10.5,0.0,100.0,101.8,40.2,CGMacros_dateshifted365/CGMacros/CGMacros-001/CGMacros-001.csv,dexcom,142.0,64.8,-37.0
S001_2020-05-02T12:00:00,1,2020-05-02 12:00:00,27,M,22.26523858,133.8,65.0,5.4,91,12,Lunch,840.0,89.0,17.0,42.0,3.0,100.0,80.0,55.0,CGMacros_dateshifted365/CGMacros/CGMacros-001/CGMacros-001.csv,dexcom,135.0,91.4,11.4
S001_2020-05-02T16:37:00,1,2020-05-02 16:37:00,27,M,22.26523858,133.8,65.0,5.4,91,16,Snack,38.0,9.0,0.0,0.0,0.0,100.0,96.0,31.0,CGMacros_dateshifted365/CGMacros/CGMacros-001/CGMacros-001.csv,dexcom,127.0,85.4,-10.6
S001_2020-05-02T19:52:00,1,2020-05-02 19:52:00,27,M,22.26523858,133.8,65.0,5.4,91,19,Dinner,330.0,32.0,4.0,22.0,4.0,100.0,94.6,39.0,CGMacros_dateshifted365/CGMacros/CGMacros-001/CGMacros-001.csv,dexcom,133.6,133.6,39.0
S001_2020-05-03T00:03:00,1,2020-05-03 00:03:00,27,M,22.26523858,133.8,65.0,5.4,91,0,Snack,160.0,29.0,2.0,4.0,0.0,100.0,97.8,29.2,CGMacros_dateshifted365/CGMacros/CGMacros-001/CGMacros-001.csv,dexcom,127.0,116.8,19.0
S001_2020-05-03T09:07:00,1,2020-05-03 09:07:00,27,M,22.26523858,133.8,65.0,5.4,91,9,Breakfast,608.0,66.0,66.0,10.5,0.0,100.0,95.2,23.8,CGMacros_dateshifted365/CGMacros/CGMacros-001/CGMacros-001.csv,dexcom,119.0,87.8,-7.4
S001_2020-05-03T14:51:00,1,2020-05-03 14:51:00,27,M,22.26523858,133.8,65.0,5.4,91,14,Lunch,615.0,26.0,67.0,30.0,3.0,100.0,94.0,9.0,CGMacros_dateshifted365/CGMacros/CGMacros-001/CGMacros-001.csv,dexcom,103.0,95.4,1.4
S001_2020-05-03T20:02:00,1,2020-05-03 20:02:00,27,M,22.26523858,133.8,65.0,5.4,91,20,Dinner,240.0,28.0,9.0,10.0,3.0,100.0,90.6,14.4,CGMacros_dateshifted365/CGMacros/CGMacros-001/CGMacros-001.csv,dexcom,105.0,103.6,13.0
S001_2020-05-03T20:48:00,1,2020-05-03 20:48:00,27,M,22.26523858,133.8,65.0,5.4,91,20,Snack,90.0,22.0,1.0,0.0,0.0,100.0,101.0,10.8,CGMacros_dateshifted365/CGMacros/CGMacros-001/CGMacros-001.csv,dexcom,111.8,111.8,10.8
S001_2020-05-03T22:26:00,1,2020-05-03 22:26:00,27,M,22.26523858,133.8,65.0,5.4,91,22,Snack,107.0,11.0,7.0,3.0,0.0,100.0,103.4,17.6,CGMacros_dateshifted365/CGMacros/CGMacros-001/CGMacros-001.csv,dexcom,121.0,114.2,10.8
S001_2020-05-04T09:17:00,1,2020-05-04 09:17:00,27,M,22.26523858,133.8,65.0,5.4,91,9,Breakfast,712.0,66.0,22.0,42.0,0.0,100.0,106.4,34.6,CGMacros_dateshifted365/CGMacros/CGMacros-001/CGMacros-001.csv,dexcom,141.0,102.0,-4.4
S001_2020-05-04T12:59:00,1,2020-05-04 12:59:00,27,M,22.26523858,133.8,65.0,5.4,91,12,Lunch,555.0,94.0,12.0,13.0,3.0,100.0,101.0,34.0,CGMacros_dateshifted365/CGMacros/CGMacros-001/CGMacros-001.csv,dexcom,135.0,121.0,20.0
S001_2020-05-04T17:26:00,1,2020-05-04 17:26:00,27,M,22.26523858,133.8,65.0,5.4,91,17,Snack,100.0,27.0,0.0,0.0,0.0,100.0,100.2,13.8,CGMacros_dateshifted365/CGMacros/CGMacros-001/CGMacros-001.csv,dexcom,114.0,80.6,-19.6
S001_2020-05-04T19:42:00,1,2020-05-04 19:42:00,27,M,22.26523858,133.8,65.0,5.4,91,19,Dinner,210.0,1.0,13.0,17.0,0.0,100.0,92.2,14.8,CGMacros_dateshifted365/CGMacros/CGMacros-001/CGMacros-001.csv,dexcom,107.0,103.0,10.8
S001_2020-05-04T21:47:00,1,2020-05-04 21:47:00,27,M,22.26523858,133.8,65.0,5.4,91,21,Snack,100.0,22.0,0.0,2.0,0.0,100.0,101.2,14.8,CGMacros_dateshifted365/CGMacros/CGMacros-001/CGMacros-001.csv,dexcom,116.0,104.0,2.8
S001_2020-05-05T09:22:00,1,2020-05-05 09:22:00,27,M,22.26523858,133.8,65.0,5.4,91,9,Breakfast,902.0,73.0,66.0,42.0,7.0,100.0,105.2,20.8,CGMacros_dateshifted365/CGMacros/CGMacros-001/CGMacros-001.csv,dexcom,126.0,101.0,-4.2
S001_2020-05-05T13:16:00,1,2020-05-05 13:16:00,27,M,22.26523858,133.8,65.0,5.4,91,13,Lunch,425.0,28.0,27.0,23.0,3.0,100.0,108.0,3.0,CGMacros_dateshifted365/CGMacros/CGMacros-001/CGMacros-001.csv,dexcom,111.0,91.2,-16.8
S001_2020-05-05T21:05:00,1,2020-05-05 21:05:00,27,M,22.26523858,133.8,65.0,5.4,91,21,Dinner,133.0,1.0,27.0,2.0,0.0,100.0,83.0,25.0,CGMacros_dateshifted365/CGMacros/CGMacros-001/CGMacros-001.csv,dexcom,108.0,105.6,22.6
S001_2020-05-05T21:18:00,1,2020-05-05 21:18:00,27,M,22.26523858,133.8,65.0,5.4,91,21,Dinner,60.0,14.0,0.0,0.0,1.0,100.0,85.6,22.4,CGMacros_dateshifted365/CGMacros/CGMacros-001/CGMacros-001.csv,dexcom,108.0,104.8,19.2
S001_2020-05-06T08:54:00,1,2020-05-06 08:54:00,27,M,22.26523858,133.8,65.0,5.4,91,8,Breakfast,268.0,24.0,22.0,10.5,0.0,100.0,110.0,15.0,CGMacros_dateshifted365/CGMacros/CGMacros-001/CGMacros-001.csv,dexcom,125.0,94.0,-16.0
S001_2020-05-06T12:25:00,1,2020-05-06 12:25:00,27,M,22.26523858,133.8,65.0,5.4,91,12,Lunch,1110.0,93.0,84.0,44.0,3.0,100.0,103.8,14.2,CGMacros_dateshifted365/CGMacros/CGMacros-001/CGMacros-001.csv,dexcom,118.0,107.0,3.2
S001_2020-05-06T19:56:00,1,2020-05-06 19:56:00,27,M,22.26523858,133.8,65.0,5.4,91,19,Dinner,242.0,42.0,7.0,5.0,0.0,100.0,89.0,11.0,CGMacros_dateshifted365/CGMacros/CGMacros-001/CGMacros-001.csv,dexcom,100.0,89.6,0.6
S001_2020-05-06T20:58:00,1,2020-05-06 20:58:00,27,M,22.26523858,133.8,65.0,5.4,91,20,Dinner,193.0,32.0,5.0,4.0,3.0,100.0,98.4,20.6,CGMacros_dateshifted365/CGMacros/CGMacros-001/CGMacros-001.csv,dexcom,119.0,101.2,2.8
S001_2020-05-07T10:07:00,1,2020-05-07 10:07:00,27,M,22.26523858,133.8,65.0,5.4,91,10,Breakfast,448.0,66.0,22.0,10.5,0.0,100.0,112.2,27.8,CGMacros_dateshifted365/CGMacros/CGMacros-001/CGMacros-001.csv,dexcom,140.0,110.8,-1.4
S001_2020-05-07T14:12:00,1,2020-05-07 14:12:00,27,M,22.26523858,133.8,65.0,5.4,91,14,Lunch,575.0,76.0,22.0,19.0,12.0,100.0,96.8,25.2,CGMacros_dateshifted365/CGMacros/CGMacros-001/CGMacros-001.csv,dexcom,122.0,120.2,23.4
S001_2020-05-07T19:36:00,1,2020-05-07 19:36:00,27,M,22.26523858,133.8,65.0,5.4,91,19,Dinner,420.0,0.0,17.0,8.0,0.0,100.0,99.4,36.6,CGMacros_dateshifted365/CGMacros/CGMacros-001/CGMacros-001.csv,dexcom,136.0,134.8,35.4
S001_2020-05-07T21:50:00,1,2020-05-07 21:50:00,27,M,22.26523858,133.8,65.0,5.4,91,21,Snack,98.0,18.0,1.9,2.0,0.0,100.0,105.8,54.2,CGMacros_dateshifted365/CGMacros/CGMacros-001/CGMacros-001.csv,dexcom,160.0,100.8,-5.0
S001_2020-05-08T09:58:00,1,2020-05-08 09:58:00,27,M,22.26523858,133.8,65.0,5.4,91,9,Breakfast,608.0,66.0,66.0,10.5,0.0,100.0,109.4,25.6,CGMacros_dateshifted365/CGMacros/CGMacros-001/CGMacros-001.csv,dexcom,135.0,118.2,8.8
S001_2020-05-08T13:26:00,1,2020-05-08 13:26:00,27,M,22.26523858,133.8,65.0,5.4,91,13,Lunch,585.0,40.0,76.0,17.0,12.0,100.0,110.0,3.0,CGMacros_dateshifted365/CGMacros/CGMacros-001/CGMacros-001.csv,dexcom,113.0,97.2,-12.8
S001_2020-05-08T20:16:00,1,2020-05-08 20:16:00,27,M,22.26523858,133.8,65.0,5.4,91,20,Dinner,370.0,32.0,16.0,21.0,0.0,100.0,100.4,37.6,CGMacros_dateshifted365/CGMacros/CGMacros-001/CGMacros-001.csv,dexcom,138.0,126.4,26.0
S001_2020-05-08T20:22:00,1,2020-05-08 20:22:00,27,M,22.26523858,133.8,65.0,5.4,91,20,Dinner,133.0,12.0,2.7,8.0,0.0,100.0,98.6,39.4,CGMacros_dateshifted365/CGMacros/CGMacros-001/CGMacros-001.csv,dexcom,138.0,128.2,29.6
S001_2020-05-08T22:29:00,1,2020-05-08 22:29:00,27,M,22.26523858,133.8,65.0,5.4,91,22,Snack,120.0,28.0,1.0,0.0,0.0,100.0,138.0,0.0,CGMacros_dateshifted365/CGMacros/CGMacros-001/CGMacros-001.csv,dexcom,138.0,125.0,-13.0
S001_2020-05-09T09:35:00,1,2020-05-09 09:35:00,27,M,22.26523858,133.8,65.0,5.4,91,9,Breakfast,712.0,66.0,22.0,42.0,0.0,100.0,107.4,36.6,CGMacros_dateshifted365/CGMacros/CGMacros-001/CGMacros-001.csv,dexcom,144.0,92.0,-15.4
S001_2020-05-09T13:46:00,1,2020-05-09 13:46:00,27,M,22.26523858,133.8,65.0,5.4,91,13,Lunch,445.0,43.0,20.0,20.0,12.0,100.0,115.6,8.4,CGMacros_dateshifted365/CGMacros/CGMacros-001/CGMacros-001.csv,dexcom,124.0,117.6,2.0
S001_2020-05-09T18:26:00,1,2020-05-09 18:26:00,27,M,22.26523858,133.8,65.0,5.4,91,18,Dinner,120.0,28.0,1.0,0.0,0.0,100.0,120.4,34.6,CGMacros_dateshifted365/CGMacros/CGMacros-001/CGMacros-001.csv,dexcom,155.0,143.6,23.2
S001_2020-05-09T18:41:00,1,2020-05-09 18:41:00,27,M,22.26523858,133.8,65.0,5.4,91,18,Dinner,120.0,0.0,20.0,5.0,0.0,100.0,153.8,-0.6,CGMacros_dateshifted365/CGMacros/CGMacros-001/CGMacros-001.csv,dexcom,153.2,140.2,-13.6
S001_2020-05-10T09:27:00,1,2020-05-10 09:27:00,27,M,22.26523858,133.8,65.0,5.4,91,9,Breakfast,268.0,24.0,22.0,10.5,0.0,100.0,116.0,26.0,CGMacros_dateshifted365/CGMacros/CGMacros-001/CGMacros-001.csv,dexcom,142.0,116.0,0.0
S001_2020-05-10T12:47:00,1,2020-05-10 12:47:00,27,M,22.26523858,133.8,65.0,5.4,91,12,Lunch,735.0,94.0,44.0,20.0,,100.0,108.4,26.6,CGMacros_dateshifted365/CGMacros/CGMacros-001/CGMacros-001.csv,dexcom,135.0,118.8,10.4
S001_2020-05-10T19:59:00,1,2020-05-10 19:59:00,27,M,22.26523858,133.8,65.0,5.4,91,19,Dinner,100.0,26.0,0.0,0.0,0.0,100.0,106.0,17.0,CGMacros_dateshifted365/CGMacros/CGMacros-001/CGMacros-001.csv,dexcom,123.0,123.0,17.0
S001_2020-05-11T10:58:00,1,2020-05-11 10:58:00,27,M,22.26523858,133.8,65.0,5.4,91,10,Breakfast,902.0,73.0,22.0,42.0,7.0,100.0,89.1333,21.8667,CGMacros_dateshifted365/CGMacros/CGMacros-001/CGMacros-001.csv,libre,111.0,95.1333,6.0
S002_2019-11-16T10:03:00,2,2019-11-16 10:03:00,49,F,30.94674189,169.2,62.0,5.5,93,10,Breakfast,448.0,66.0,22.0,10.5,0.0,100.0,103.8,72.2,CGMacros_dateshifted365/CGMacros/CGMacros-002/CGMacros-002.csv,dexcom,176.0,138.4,34.6
S002_2019-11-16T13:27:00,2,2019-11-16 13:27:00,49,F,30.94674189,169.2,62.0,5.5,93,13,Lunch,830.0,92.0,17.0,42.0,10.0,100.0,67.8,69.8,CGMacros_dateshifted365/CGMacros/CGMacros-002/CGMacros-002.csv,dexcom,137.6,137.6,69.8
S002_2019-11-16T15:21:00,2,2019-11-16 15:21:00,49,F,30.94674189,169.2,62.0,5.5,93,15,Snack,192.0,0.0,7.0,0.0,2.0,100.0,125.0,37.0,CGMacros_dateshifted365/CGMacros/CGMacros-002/CGMacros-002.csv,dexcom,162.0,94.0,-31.0
S002_2019-11-16T17:14:00,2,2019-11-16 17:14:00,49,F,30.94674189,169.2,62.0,5.5,93,17,Dinner,560.0,47.0,21.0,32.0,4.0,100.0,94.0,44.0,CGMacros_dateshifted365/CGMacros/CGMacros-002/CGMacros-002.csv,dexcom,138.0,123.0,29.0
S002_2019-11-16T19:18:00,2,2019-11-16 19:18:00,49,F,30.94674189,169.2,62.0,5.5,93,19,Snack,191.0,26.0,4.0,7.0,0.0,100.0,116.6,67.4,CGMacros_dateshifted365/CGMacros/CGMacros-002/CGMacros-002.csv,dexcom,184.0,176.4,59.8
S002_2019-11-17T10:33:00,2,2019-11-17 10:33:00,49,F,30.94674189,169.2,62.0,5.5,93,10,Breakfast,608.0,66.0,66.0,10.5,0.0,100.0,108.4,70.6,CGMacros_dateshifted365/CGMacros/CGMacros-002/CGMacros-002.csv,dexcom,179.0,145.2,36.8
S002_2019-11-17T14:24:00,2,2019-11-17 14:24:00,49,F,30.94674189,169.2,62.0,5.5,93,14,Lunch,435.0,16.0,66.0,14.0,4.0,100.0,107.0,4.0,CGMacros_dateshifted365/CGMacros/CGMacros-002/CGMacros-002.csv,dexcom,111.0,96.0,-11.0
S002_2019-11-17T19:34:00,2,2019-11-17 19:34:00,49,F,30.94674189,169.2,62.0,5.5,93,19,Snack,85.0,21.0,2.0,0.0,1.0,100.0,108.0,40.0,CGMacros_dateshifted365/CGMacros/CGMacros-002/CGMacros-002.csv,dexcom,148.0,130.0,22.0
S002_2019-11-18T09:41:00,2,2019-11-18 09:41:00,49,F,30.94674189,169.2,62.0,5.5,93,9,Breakfast,712.0,66.0,22.0,42.0,0.0,100.0,100.0,104.0,CGMacros_dateshifted365/CGMacros/CGMacros-002/CGMacros-002.csv,dexcom,204.0,191.6,91.6
S002_2019-11-18T13:15:00,2,2019-11-18 13:15:00,49,F,30.94674189,169.2,62.0,5.5,93,13,Lunch,555.0,94.0,12.0,13.0,5.0,100.0,67.4,139.8,CGMacros_dateshifted365/CGMacros/CGMacros-002/CGMacros-002.csv,dexcom,207.2,207.2,139.8
S002_2019-11-18T18:03:00,2,2019-11-18 18:03:00,49,F,30.94674189,169.2,62.0,5.5,93,18,Dinner,488.0,21.0,22.0,13.0,4.0,100.0,104.0,36.0,CGMacros_dateshifted365/CGMacros/CGMacros-002/CGMacros-002.csv,dexcom,140.0,137.4,33.4
S002_2019-11-19T09:28:00,2,2019-11-19 09:28:00,49,F,30.94674189,169.2,62.0,5.5,93,9,Breakfast,902.0,73.0,66.0,42.0,7.0,100.0,152.2,26.8,CGMacros_dateshifted365/CGMacros/CGMacros-002/CGMacros-002.csv,dexcom,179.0,128.2,-24.0
S002_2019-11-19T13:05:00,2,2019-11-19 13:05:00,49,F,30.94674189,169.2,62.0,5.5,93,13,Lunch,355.0,19.0,32.0,15.0,5.0,100.0,108.8,7.2,CGMacros_dateshifted365/CGMacros/CGMacros-002/CGMacros-002.csv,dexcom,116.0,114.8,6.0
S002_2019-11-19T19:09:00,2,2019-11-19 19:09:00,49,F,30.94674189,169.2,62.0,5.5,93,19,Dinner,140.0,27.0,5.0,1.0,1.0,100.0,114.0,123.0,CGMacros_dateshifted365/CGMacros/CGMacros-002/CGMacros-002.csv,dexcom,237.0,208.0,94.0
S002_2019-11-19T19:15:00,2,2019-11-19 19:15:00,49,F,30.94674189,169.2,62.0,5.5,93,19,Dinner,158.0,2.0,32.0,1.0,0.0,100.0,113.2,123.8,CGMacros_dateshifted365/CGMacros/CGMacros-002/CGMacros-002.csv,dexcom,237.0,206.2,93.0
S002_2019-11-19T19:26:00,2,2019-11-19 19:26:00,49,F,30.94674189,169.2,62.0,5.5,93,19,Dinner,132.0,11.0,1.0,9.0,2.0,100.0,110.8,126.2,CGMacros_dateshifted365/CGMacros/CGMacros-002/CGMacros-002.csv,dexcom,237.0,192.0,81.2
S002_2019-11-20T07:35:00,2,2019-11-20 07:35:00,49,F,30.94674189,169.2,62.0,5.5,93,7,Breakfast,268.0,24.0,22.0,10.5,0.0,100.0,106.0,58.0,CGMacros_dateshifted365/CGMacros/CGMacros-002/CGMacros-002.csv,dexcom,164.0,96.2,-9.8
S002_2019-11-20T12:25:00,2,2019-11-20 12:25:00,49,F,30.94674189,169.2,62.0,5.5,93,12,Lunch,1110.0,93.0,84.0,44.0,4.0,100.0,109.6,112.4,CGMacros_dateshifted365/CGMacros/CGMacros-002/CGMacros-002.csv,dexcom,222.0,175.4,65.8
S002_2019-11-20T18:54:00,2,2019-11-20 18:54:00,49,F,30.94674189,169.2,62.0,5.5,93,18,Dinner,148.0,18.0,3.0,7.0,2.0,100.0,105.0,67.0,CGMacros_dateshifted365/CGMacros/CGMacros-002/CGMacros-002.csv,dexcom,172.0,144.0,39.0
S002_2019-11-20T18:56:00,2,2019-11-20 18:56:00,49,F,30.94674189,169.2,62.0,5.5,93,18,Dinner,48.0,2.0,0.0,0.0,0.0,100.0,102.2,69.8,CGMacros_dateshifted365/CGMacros/CGMacros-002/CGMacros-002.csv,dexcom,172.0,142.8,40.6
S002_2019-11-21T09:55:00,2,2019-11-21 09:55:00,49,F,30.94674189,169.2,62.0,5.5,93,9,Breakfast,448.0,66.0,22.0,10.5,0.0,100.0,95.0,118.0,CGMacros_dateshifted365/CGMacros/CGMacros-002/CGMacros-002.csv,dexcom,213.0,202.6,107.6
S002_2019-11-21T13:49:00,2,2019-11-21 13:49:00,49,F,30.94674189,169.2,62.0,5.5,93,13,Lunch,575.0,76.0,22.0,18.5,11.0,100.0,73.0,126.0,CGMacros_dateshifted365/CGMacros/CGMacros-002/CGMacros-002.csv,dexcom,199.0,169.0,96.0
S002_2019-11-21T18:17:00,2,2019-11-21 18:17:00,49,F,30.94674189,169.2,62.0,5.5,93,18,Dinner,348.0,10.0,26.0,22.0,2.0,100.0,107.0,108.0,CGMacros_dateshifted365/CGMacros/CGMacros-002/CGMacros-002.csv,dexcom,215.0,188.8,81.8
S002_2019-11-21T18:53:00,2,2019-11-21 18:53:00,49,F,30.94674189,169.2,62.0,5.5,93,18,Dinner,193.0,0.0,0.0,0.0,0.0,50.0,112.8,102.2,CGMacros_dateshifted365/CGMacros/CGMacros-002/CGMacros-002.csv,dexcom,215.0,176.4,63.6
S002_2019-11-21T19:40:00,2,2019-11-21 19:40:00,49,F,30.94674189,169.2,62.0,5.5,93,19,Dinner,41.0,3.0,2.0,2.0,0.0,80.0,204.6,-1.4,CGMacros_dateshifted365/CGMacros/CGMacros-002/CGMacros-002.csv,dexcom,203.2,166.8,-37.8
S002_2019-11-22T08:48:00,2,2019-11-22 08:48:00,49,F,30.94674189,169.2,62.0,5.5,93,8,Breakfast,608.0,66.0,66.0,10.5,0.0,100.0,110.0,44.0,CGMacros_dateshifted365/CGMacros/CGMacros-002/CGMacros-002.csv,dexcom,154.0,131.6,21.6
S002_2019-11-22T13:16:00,2,2019-11-22 13:16:00,49,F,30.94674189,169.2,62.0,5.5,93,13,Lunch,585.0,40.0,76.0,17.0,13.0,100.0,96.2,55.8,CGMacros_dateshifted365/CGMacros/CGMacros-002/CGMacros-002.csv,dexcom,152.0,129.0,32.8
S002_2019-11-22T18:50:00,2,2019-11-22 18:50:00,49,F,30.94674189,169.2,62.0,5.5,93,18,Dinner,626.0,42.0,25.0,38.0,2.0,100.0,134.0,15.0,CGMacros_dateshifted365/CGMacros/CGMacros-002/CGMacros-002.csv,dexcom,149.0,138.4,4.4
S002_2019-11-23T09:59:00,2,2019-11-23 09:59:00,49,F,30.94674189,169.2,62.0,5.5,93,9,Breakfast,712.0,66.0,22.0,42.0,0.0,100.0,111.0,92.0,CGMacros_dateshifted365/CGMacros/CGMacros-002/CGMacros-002.csv,dexcom,203.0,152.0,41.0
S002_2019-11-23T14:30:00,2,2019-11-23 14:30:00,49,F,30.94674189,169.2,62.0,5.5,93,14,Lunch,445.0,43.0,20.0,20.0,13.0,100.0,99.8,83.2,CGMacros_dateshifted365/CGMacros/CGMacros-002/CGMacros-002.csv,dexcom,183.0,166.0,66.2
S002_2019-11-23T19:04:00,2,2019-11-23 19:04:00,49,F,30.94674189,169.2,62.0,5.5,93,19,Dinner,382.0,30.0,46.0,57.0,2.0,100.0,108.0,73.0,CGMacros_dateshifted365/CGMacros/CGMacros-002/CGMacros-002.csv,dexcom,181.0,150.0,42.0
S002_2019-11-23T19:21:00,2,2019-11-23 19:21:00,49,F,30.94674189,169.2,62.0,5.5,93,19,Dinner,291.0,33.0,6.0,14.0,1.0,100.0,107.8,73.2,CGMacros_dateshifted365/CGMacros/CGMacros-002/CGMacros-002.csv,dexcom,181.0,142.8,35.0
S002_2019-11-24T08:09:00,2,2019-11-24 08:09:00,49,F,30.94674189,169.2,62.0,5.5,93,8,Breakfast,268.0,24.0,22.0,10.5,0.0,100.0,112.0,58.0,CGMacros_dateshifted365/CGMacros/CGMacros-002/CGMacros-002.csv,dexcom,170.0,130.0,18.0
S002_2019-11-24T11:48:00,2,2019-11-24 11:48:00,49,F,30.94674189,169.2,62.0,5.5,93,11,Lunch,725.0,94.0,44.0,20.0,4.0,100.0,101.2,99.8,CGMacros_dateshifted365/CGMacros/CGMacros-002/CGMacros-002.csv,dexcom,201.0,198.6,97.4
S002_2019-11-24T17:58:00,2,2019-11-24 17:58:00,49,F,30.94674189,169.2,62.0,5.5,93,17,Dinner,694.0,90.0,33.0,19.0,11.0,100.0,109.2,51.8,CGMacros_dateshifted365/CGMacros/CGMacros-002/CGMacros-002.csv,dexcom,161.0,150.6,41.4
S002_2019-11-24T18:18:00,2,2019-11-24 18:18:00,49,F,30.94674189,169.2,62.0,5.5,93,18,Dinner,246.0,7.0,2.0,22.0,1.0,100.0,121.8,39.2,CGMacros_dateshifted365/CGMacros/CGMacros-002/CGMacros-002.csv,dexcom,161.0,157.0,35.2
S002_2019-11-25T20:23:00,2,2019-11-25 20:23:00,49,F,30.94674189,169.2,62.0,5.5,93,20,Breakfast,902.0,73.0,22.0,42.0,7.0,100.0,75.4667,1.5333,CGMacros_dateshifted365/CGMacros/CGMacros-002/CGMacros-002.csv,libre,77.0,70.5333,-4.9333
S003_2020-03-11T12:09:00,3,2020-03-11 12:09:00,59,F,26.94868993,157.0,64.0,6.5,118,12,Lunch,1180.0,81.0,88.0,54.5,18.0,50.0,111.0,76.0,CGMacros_dateshifted365/CGMacros/CGMacros-003/CGMacros-003.csv,dexcom,187.0,167.0,56.0
S003_2020-03-11T19:38:00,3,2020-03-11 19:38:00,59,F,26.94868993,157.0,64.0,6.5,118,19,Dinner,360.0,57.0,12.0,1.0,9.0,100.0,104.8,108.2,CGMacros_dateshifted365/CGMacros/CGMacros-003/CGMacros-003.csv,dexcom,213.0,175.4,70.6
S003_2020-03-12T10:17:00,3,2020-03-12 10:17:00,59,F,26.94868993,157.0,64.0,6.5,118,10,Breakfast,448.0,66.0,22.0,10.5,0.0,100.0,121.6,164.4,CGMacros_dateshifted365/CGMacros/CGMacros-003/CGMacros-003.csv,dexcom,286.0,137.6,16.0
S003_2020-03-12T14:25:00,3,2020-03-12 14:25:00,59,F,26.94868993,157.0,64.0,6.5,118,14,Lunch,830.0,92.0,17.0,42.0,10.0,90.0,85.2,74.8,CGMacros_dateshifted365/CGMacros/CGMacros-003/CGMacros-003.csv,dexcom,160.0,153.0,67.8
S003_2020-03-12T20:04:00,3,2020-03-12 20:04:00,59,F,26.94868993,157.0,64.0,6.5,118,20,Dinner,549.0,54.0,49.0,16.0,8.0,100.0,101.0,71.0,CGMacros_dateshifted365/CGMacros/CGMacros-003/CGMacros-003.csv,dexcom,172.0,151.0,50.0
S003_2020-03-13T08:27:00,3,2020-03-13 08:27:00,59,F,26.94868993,157.0,64.0,6.5,118,8,Breakfast,608.0,66.0,66.0,10.5,0.0,100.0,116.8,87.2,CGMacros_dateshifted365/CGMacros/CGMacros-003/CGMacros-003.csv,dexcom,204.0,114.6,-2.2
S003_2020-03-13T12:33:00,3,2020-03-13 12:33:00,59,F,26.94868993,157.0,64.0,6.5,118,12,Lunch,435.0,16.0,66.0,14.0,4.0,60.0,101.2,1.2,CGMacros_dateshifted365/CGMacros/CGMacros-003/CGMacros-003.csv,dexcom,102.4,102.4,1.2
S003_2020-03-13T17:03:00,3,2020-03-13 17:03:00,59,F,26.94868993,157.0,64.0,6.5,118,17,Snack,57.0,9.0,1.0,1.0,2.0,100.0,119.8,62.2,CGMacros_dateshifted365/CGMacros/CGMacros-003/CGMacros-003.csv,dexcom,182.0,95.0,-24.8
S003_2020-03-13T20:53:00,3,2020-03-13 20:53:00,59,F,26.94868993,157.0,64.0,6.5,118,20,Snack,420.0,23.0,2.0,12.0,2.0,100.0,90.8,104.2,CGMacros_dateshifted365/CGMacros/CGMacros-003/CGMacros-003.csv,dexcom,195.0,163.2,72.4
S003_2020-03-14T09:35:00,3,2020-03-14 09:35:00,59,F,26.94868993,157.0,64.0,6.5,118,9,Breakfast,712.0,66.0,22.0,42.0,0.0,100.0,112.2,132.8,CGMacros_dateshifted365/CGMacros/CGMacros-003/CGMacros-003.csv,dexcom,245.0,149.8,37.6
S003_2020-03-14T13:33:00,3,2020-03-14 13:33:00,59,F,26.94868993,157.0,64.0,6.5,118,13,Lunch,555.0,94.0,12.0,13.0,5.0,60.0,83.0,131.0,CGMacros_dateshifted365/CGMacros/CGMacros-003/CGMacros-003.csv,dexcom,214.0,184.6,101.6
S003_2020-03-14T19:57:00,3,2020-03-14 19:57:00,59,F,26.94868993,157.0,64.0,6.5,118,19,Dinner,706.0,72.0,48.0,13.0,2.0,100.0,95.6,76.4,CGMacros_dateshifted365/CGMacros/CGMacros-003/CGMacros-003.csv,dexcom,172.0,158.2,62.6
S003_2020-03-15T09:12:00,3,2020-03-15 09:12:00,59,F,26.94868993,157.0,64.0,6.5,118,9,Breakfast,902.0,73.0,66.0,42.0,7.0,100.0,117.8,66.2,CGMacros_dateshifted365/CGMacros/CGMacros-003/CGMacros-003.csv,dexcom,184.0,154.4,36.6
S003_2020-03-15T14:06:00,3,2020-03-15 14:06:00,59,F,26.94868993,157.0,64.0,6.5,118,14,Lunch,355.0,19.0,32.0,15.0,5.0,60.0,93.6,14.4,CGMacros_dateshifted365/CGMacros/CGMacros-003/CGMacros-003.csv,dexcom,108.0,97.0,3.4
S003_2020-03-15T20:05:00,3,2020-03-15 20:05:00,59,F,26.94868993,157.0,64.0,6.5,118,20,Dinner,257.0,26.0,34.0,2.0,9.0,100.0,111.8,31.2,CGMacros_dateshifted365/CGMacros/CGMacros-003/CGMacros-003.csv,dexcom,143.0,110.4,-1.4
S003_2020-03-16T08:14:00,3,2020-03-16 08:14:00,59,F,26.94868993,157.0,64.0,6.5,118,8,Breakfast,268.0,24.0,22.0,10.5,0.0,100.0,108.0,91.0,CGMacros_dateshifted365/CGMacros/CGMacros-003/CGMacros-003.csv,dexcom,199.0,99.0,-9.0
S003_2020-03-16T13:32:00,3,2020-03-16 13:32:00,59,F,26.94868993,157.0,64.0,6.5,118,13,Lunch,1110.0,93.0,84.0,44.0,4.0,70.0,102.0,54.0,CGMacros_dateshifted365/CGMacros/CGMacros-003/CGMacros-003.csv,dexcom,156.0,137.0,35.0
S003_2020-03-16T17:20:00,3,2020-03-16 17:20:00,59,F,26.94868993,157.0,64.0,6.5,118,17,Snack,17.0,4.0,0.0,0.0,2.0,100.0,99.8,17.2,CGMacros_dateshifted365/CGMacros/CGMacros-003/CGMacros-003.csv,dexcom,117.0,104.0,4.2
S003_2020-03-16T20:15:00,3,2020-03-16 20:15:00,59,F,26.94868993,157.0,64.0,6.5,118,20,Dinner,318.0,57.0,20.0,1.0,10.0,100.0,121.0,43.0,CGMacros_dateshifted365/CGMacros/CGMacros-003/CGMacros-003.csv,dexcom,164.0,144.8,23.8
S003_2020-03-17T09:07:00,3,2020-03-17 09:07:00,59,F,26.94868993,157.0,64.0,6.5,118,9,Breakfast,448.0,66.0,22.0,10.5,0.0,100.0,117.0,115.0,CGMacros_dateshifted365/CGMacros/CGMacros-003/CGMacros-003.csv,dexcom,232.0,132.4,15.4
S003_2020-03-17T13:24:00,3,2020-03-17 13:24:00,59,F,26.94868993,157.0,64.0,6.5,118,13,Lunch,575.0,76.0,22.0,18.5,11.0,100.0,83.0,108.0,CGMacros_dateshifted365/CGMacros/CGMacros-003/CGMacros-003.csv,dexcom,191.0,177.0,94.0
S003_2020-03-17T20:02:00,3,2020-03-17 20:02:00,59,F,26.94868993,157.0,64.0,6.5,118,20,Dinner,690.0,89.0,33.0,22.0,3.0,100.0,104.2,65.8,CGMacros_dateshifted365/CGMacros/CGMacros-003/CGMacros-003.csv,dexcom,170.0,146.2,42.0
S003_2020-03-18T09:15:00,3,2020-03-18 09:15:00,59,F,26.94868993,157.0,64.0,6.5,118,9,Breakfast,608.0,66.0,66.0,10.5,0.0,100.0,114.8,61.2,CGMacros_dateshifted365/CGMacros/CGMacros-003/CGMacros-003.csv,dexcom,176.0,106.0,-8.8
S003_2020-03-18T13:34:00,3,2020-03-18 13:34:00,59,F,26.94868993,157.0,64.0,6.5,118,13,Lunch,585.0,40.0,76.0,17.0,13.0,60.0,110.0,2.0,CGMacros_dateshifted365/CGMacros/CGMacros-003/CGMacros-003.csv,dexcom,112.0,110.0,0.0
S003_2020-03-18T16:56:00,3,2020-03-18 16:56:00,59,F,26.94868993,157.0,64.0,6.5,118,16,Snack,104.0,27.0,1.0,0.0,1.0,100.0,108.2,48.8,CGMacros_dateshifted365/CGMacros/CGMacros-003/CGMacros-003.csv,dexcom,157.0,105.0,-3.2
S003_2020-03-18T20:12:00,3,2020-03-18 20:12:00,59,F,26.94868993,157.0,64.0,6.5,118,20,Dinner,559.0,27.0,27.0,39.0,3.0,100.0,94.6,26.8,CGMacros_dateshifted365/CGMacros/CGMacros-003/CGMacros-003.csv,dexcom,121.4,121.4,26.8
S003_2020-03-19T10:08:00,3,2020-03-19 10:08:00,59,F,26.94868993,157.0,64.0,6.5,118,10,Breakfast,712.0,66.0,22.0,42.0,0.0,100.0,112.6,121.4,CGMacros_dateshifted365/CGMacros/CGMacros-003/CGMacros-003.csv,dexcom,234.0,140.2,27.6
S003_2020-03-19T14:07:00,3,2020-03-19 14:07:00,59,F,26.94868993,157.0,64.0,6.5,118,14,Lunch,445.0,43.0,20.0,20.0,13.0,70.0,84.8,42.2,CGMacros_dateshifted365/CGMacros/CGMacros-003/CGMacros-003.csv,dexcom,127.0,124.8,40.0
S003_2020-03-19T18:20:00,3,2020-03-19 18:20:00,59,F,26.94868993,157.0,64.0,6.5,118,18,Snack,57.0,9.0,1.0,1.0,2.0,100.0,101.0,41.0,CGMacros_dateshifted365/CGMacros/CGMacros-003/CGMacros-003.csv,dexcom,142.0,118.8,17.8
S003_2020-03-19T19:46:00,3,2020-03-19 19:46:00,59,F,26.94868993,157.0,64.0,6.5,118,19,Dinner,450.0,48.0,16.0,21.0,3.0,100.0,125.0,25.0,CGMacros_dateshifted365/CGMacros/CGMacros-003/CGMacros-003.csv,dexcom,150.0,146.2,21.2
S003_2020-03-20T08:13:00,3,2020-03-20 08:13:00,59,F,26.94868993,157.0,64.0,6.5,118,8,Breakfast,268.0,24.0,22.0,10.5,0.0,100.0,110.8,62.2,CGMacros_dateshifted365/CGMacros/CGMacros-003/CGMacros-003.csv,dexcom,173.0,99.2,-11.6
S003_2020-03-20T12:45:00,3,2020-03-20 12:45:00,59,F,26.94868993,157.0,64.0,6.5,118,12,Lunch,725.0,94.0,44.0,20.0,4.0,50.0,109.0,84.0,CGMacros_dateshifted365/CGMacros/CGMacros-003/CGMacros-003.csv,dexcom,193.0,139.2,30.2
S003_2020-03-20T17:52:00,3,2020-03-20 17:52:00,59,F,26.94868993,157.0,64.0,6.5,118,17,Snack,95.0,25.0,0.0,0.0,4.0,100.0,111.2,25.8,CGMacros_dateshifted365/CGMacros/CGMacros-003/CGMacros-003.csv,dexcom,137.0,98.6,-12.6
S003_2020-03-20T19:46:00,3,2020-03-20 19:46:00,59,F,26.94868993,157.0,64.0,6.5,118,19,Dinner,684.0,52.0,28.0,43.0,9.0,100.0,97.4,13.6,CGMacros_dateshifted365/CGMacros/CGMacros-003/CGMacros-003.csv,dexcom,111.0,101.4,4.0
S003_2020-03-21T07:56:00,3,2020-03-21 07:56:00,59,F,26.94868993,157.0,64.0,6.5,118,7,Breakfast,902.0,73.0,22.0,42.0,7.0,100.0,118.8,85.2,CGMacros_dateshifted365/CGMacros/CGMacros-003/CGMacros-003.csv,libre,204.0,117.4,-1.4
S004_2023-09-11T11:30:00,4,2023-09-11 11:30:00,33,F,42.38427939,262.6,66.0,5.5,105,11,Lunch,1180.0,81.0,88.0,54.5,18.0,100.0,104.6,62.4,CGMacros_dateshifted365/CGMacros/CGMacros-004/CGMacros-004.csv,dexcom,167.0,119.4,14.8
S004_2023-09-11T18:57:00,4,2023-09-11 18:57:00,33,F,42.38427939,262.6,66.0,5.5,105,18,Dinner,1038.0,108.0,46.0,45.0,13.0,100.0,110.6,55.4,CGMacros_dateshifted365/CGMacros/CGMacros-004/CGMacros-004.csv,dexcom,166.0,162.8,52.2
S004_2023-09-11T19:53:00,4,2023-09-11 19:53:00,33,F,42.38427939,262.6,66.0,5.5,105,19,Dinner,330.0,41.0,6.0,6.0,0.0,100.0,141.0,25.0,CGMacros_dateshifted365/CGMacros/CGMacros-004/CGMacros-004.csv,dexcom,166.0,147.4,6.4
S004_2023-09-12T09:52:00,4,2023-09-12 09:52:00,33,F,42.38427939,262.6,66.0,5.5,105,9,Breakfast,448.0,66.0,22.0,10.5,0.0,100.0,115.0,94.0,CGMacros_dateshifted365/CGMacros/CGMacros-004/CGMacros-004.csv,dexcom,209.0,150.4,35.4
S004_2023-09-12T13:29:00,4,2023-09-12 13:29:00,33,F,42.38427939,262.6,66.0,5.5,105,13,Lunch,830.0,92.0,17.0,42.0,10.0,100.0,94.0,59.0,CGMacros_dateshifted365/CGMacros/CGMacros-004/CGMacros-004.csv,dexcom,153.0,102.0,8.0
S004_2023-09-12T18:11:00,4,2023-09-12 18:11:00,33,F,42.38427939,262.6,66.0,5.5,105,18,Snack,110.0,14.0,1.0,5.0,1.0,100.0,91.0,67.0,CGMacros_dateshifted365/CGMacros/CGMacros-004/CGMacros-004.csv,dexcom,158.0,100.8,9.8
S004_2023-09-12T18:43:00,4,2023-09-12 18:43:00,33,F,42.38427939,262.6,66.0,5.5,105,18,Snack,80.0,19.0,1.0,0.0,0.0,100.0,92.6,65.4,CGMacros_dateshifted365/CGMacros/CGMacros-004/CGMacros-004.csv,dexcom,158.0,116.6,24.0
S004_2023-09-12T19:40:00,4,2023-09-12 19:40:00,33,F,42.38427939,262.6,66.0,5.5,105,19,Dinner,1012.0,123.0,60.0,25.0,4.0,100.0,133.2,-1.8,CGMacros_dateshifted365/CGMacros/CGMacros-004/CGMacros-004.csv,dexcom,131.4,119.2,-14.0
S004_2023-09-12T20:31:00,4,2023-09-12 20:31:00,33,F,42.38427939,262.6,66.0,5.5,105,20,Snack,1030.0,112.0,14.0,59.0,1.0,100.0,110.2,29.8,CGMacros_dateshifted365/CGMacros/CGMacros-004/CGMacros-004.csv,dexcom,140.0,105.6,-4.6
S004_2023-09-13T09:49:00,4,2023-09-13 09:49:00,33,F,42.38427939,262.6,66.0,5.5,105,9,Breakfast,608.0,66.0,66.0,10.5,0.0,100.0,102.0,61.0,CGMacros_dateshifted365/CGMacros/CGMacros-004/CGMacros-004.csv,dexcom,163.0,135.0,33.0
S004_2023-09-13T13:37:00,4,2023-09-13 13:37:00,33,F,42.38427939,262.6,66.0,5.5,105,13,Lunch,435.0,16.0,66.0,14.0,4.0,100.0,91.4,9.6,CGMacros_dateshifted365/CGMacros/CGMacros-004/CGMacros-004.csv,dexcom,101.0,97.0,5.6
S004_2023-09-13T16:45:00,4,2023-09-13 16:45:00,33,F,42.38427939,262.6,66.0,5.5,105,16,Dinner,595.0,74.0,17.0,26.0,6.0,100.0,105.0,49.0,CGMacros_dateshifted365/CGMacros/CGMacros-004/CGMacros-004.csv,dexcom,154.0,97.8,-7.2
S004_2023-09-13T16:49:00,4,2023-09-13 16:49:00,33,F,42.38427939,262.6,66.0,5.5,105,16,Dinner,798.0,73.0,31.0,43.0,15.0,100.0,105.0,49.0,CGMacros_dateshifted365/CGMacros/CGMacros-004/CGMacros-004.csv,dexcom,154.0,97.0,-8.0
S004_2023-09-13T21:14:00,4,2023-09-13 21:14:00,33,F,42.38427939,262.6,66.0,5.5,105,21,Snack,150.0,13.0,3.0,20.0,7.0,100.0,108.0,34.0,CGMacros_dateshifted365/CGMacros/CGMacros-004/CGMacros-004.csv,dexcom,142.0,124.0,16.0
S004_2023-09-14T08:55:00,4,2023-09-14 08:55:00,33,F,42.38427939,262.6,66.0,5.5,105,8,Breakfast,712.0,66.0,22.0,42.0,0.0,100.0,103.2,66.8,CGMacros_dateshifted365/CGMacros/CGMacros-004/CGMacros-004.csv,dexcom,170.0,150.6,47.4
S004_2023-09-14T12:31:00,4,2023-09-14 12:31:00,33,F,42.38427939,262.6,66.0,5.5,105,12,Lunch,555.0,94.0,12.0,13.0,5.0,100.0,88.8,92.2,CGMacros_dateshifted365/CGMacros/CGMacros-004/CGMacros-004.csv,dexcom,181.0,157.0,68.2
S004_2023-09-14T15:47:00,4,2023-09-14 15:47:00,33,F,42.38427939,262.6,66.0,5.5,105,15,Snack,350.0,37.0,14.0,18.0,6.0,100.0,121.2,26.8,CGMacros_dateshifted365/CGMacros/CGMacros-004/CGMacros-004.csv,dexcom,148.0,112.8,-8.4
S004_2023-09-14T19:54:00,4,2023-09-14 19:54:00,33,F,42.38427939,262.6,66.0,5.5,105,19,Dinner,1860.0,204.0,102.0,72.0,9.0,100.0,100.0,49.0,CGMacros_dateshifted365/CGMacros/CGMacros-004/CGMacros-004.csv,dexcom,149.0,138.0,38.0
S004_2023-09-15T09:01:00,4,2023-09-15 09:01:00,33,F,42.38427939,262.6,66.0,5.5,105,9,Breakfast,902.0,73.0,66.0,42.0,7.0,100.0,107.0,32.0,CGMacros_dateshifted365/CGMacros/CGMacros-004/CGMacros-004.csv,dexcom,139.0,131.4,24.4
S004_2023-09-15T12:34:00,4,2023-09-15 12:34:00,33,F,42.38427939,262.6,66.0,5.5,105,12,Lunch,355.0,19.0,32.0,15.0,5.0,100.0,96.0,-0.4,CGMacros_dateshifted365/CGMacros/CGMacros-004/CGMacros-004.csv,dexcom,95.6,95.0,-1.0
S004_2023-09-15T15:59:00,4,2023-09-15 15:59:00,33,F,42.38427939,262.6,66.0,5.5,105,15,Snack,540.0,44.0,21.0,34.0,8.0,100.0,94.0,32.0,CGMacros_dateshifted365/CGMacros/CGMacros-004/CGMacros-004.csv,dexcom,126.0,123.0,29.0
S004_2023-09-15T18:03:00,4,2023-09-15 18:03:00,33,F,42.38427939,262.6,66.0,5.5,105,18,Dinner,1240.0,136.0,68.0,48.0,6.0,100.0,120.6,2.2,CGMacros_dateshifted365/CGMacros/CGMacros-004/CGMacros-004.csv,dexcom,122.8,122.8,2.2
S004_2023-09-15T20:23:00,4,2023-09-15 20:23:00,33,F,42.38427939,262.6,66.0,5.5,105,20,Dinner,458.0,17.0,25.0,11.0,7.0,100.0,123.2,8.8,CGMacros_dateshifted365/CGMacros/CGMacros-004/CGMacros-004.csv,dexcom,132.0,129.8,6.6
S004_2023-09-15T20:45:00,4,2023-09-15 20:45:00,33,F,42.38427939,262.6,66.0,5.5,105,20,Dinner,230.0,27.0,3.0,12.0,0.0,100.0,117.2,14.8,CGMacros_dateshifted365/CGMacros/CGMacros-004/CGMacros-004.csv,dexcom,132.0,128.6,11.4
S004_2023-09-16T08:56:00,4,2023-09-16 08:56:00,33,F,42.38427939,262.6,66.0,5.5,105,8,Breakfast,268.0,24.0,22.0,10.5,0.0,100.0,96.4,45.6,CGMacros_dateshifted365/CGMacros/CGMacros-004/CGMacros-004.csv,dexcom,142.0,87.0,-9.4
S004_2023-09-16T12:25:00,4,2023-09-16 12:25:00,33,F,42.38427939,262.6,66.0,5.5,105,12,Lunch,1110.0,93.0,84.0,44.0,4.0,100.0,96.6,38.4,CGMacros_dateshifted365/CGMacros/CGMacros-004/CGMacros-004.csv,dexcom,135.0,126.4,29.8
S004_2023-09-16T15:46:00,4,2023-09-16 15:46:00,33,F,42.38427939,262.6,66.0,5.5,105,15,Snack,195.0,42.0,5.0,2.0,3.0,100.0,106.2,22.8,CGMacros_dateshifted365/CGMacros/CGMacros-004/CGMacros-004.csv,dexcom,129.0,91.2,-15.0
S004_2023-09-16T17:42:00,4,2023-09-16 17:42:00,33,F,42.38427939,262.6,66.0,5.5,105,17,Dinner,580.0,47.0,45.0,25.0,4.0,100.0,92.8,21.2,CGMacros_dateshifted365/CGMacros/CGMacros-004/CGMacros-004.csv,dexcom,114.0,107.4,14.6
S004_2023-09-16T22:39:00,4,2023-09-16 22:39:00,33,F,42.38427939,262.6,66.0,5.5,105,22,Dinner,140.0,17.0,2.0,8.0,0.0,100.0,100.0,21.0,CGMacros_dateshifted365/CGMacros/CGMacros-004/CGMacros-004.csv,dexcom,121.0,107.0,7.0
S004_2023-09-17T08:49:00,4,2023-09-17 08:49:00,33,F,42.38427939,262.6,66.0,5.5,105,8,Breakfast,448.0,66.0,22.0,10.5,0.0,100.0,94.0,71.0,CGMacros_dateshifted365/CGMacros/CGMacros-004/CGMacros-004.csv,dexcom,165.0,141.0,47.0
S004_2023-09-17T12:26:00,4,2023-09-17 12:26:00,33,F,42.38427939,262.6,66.0,5.5,105,12,Lunch,575.0,76.0,22.0,18.5,11.0,100.0,81.4,58.6,CGMacros_dateshifted365/CGMacros/CGMacros-004/CGMacros-004.csv,dexcom,140.0,137.2,55.8
S004_2023-09-17T15:31:00,4,2023-09-17 15:31:00,33,F,42.38427939,262.6,66.0,5.5,105,15,Snack,566.0,46.0,61.0,15.0,0.0,100.0,105.0,33.0,CGMacros_dateshifted365/CGMacros/CGMacros-004/CGMacros-004.csv,dexcom,138.0,109.8,4.8
S004_2023-09-17T15:42:00,4,2023-09-17 15:42:00,33,F,42.38427939,262.6,66.0,5.5,105,15,Snack,66.0,10.0,1.0,3.0,0.0,100.0,106.0,32.0,CGMacros_dateshifted365/CGMacros/CGMacros-004/CGMacros-004.csv,dexcom,138.0,109.8,3.8
S004_2023-09-17T18:59:00,4,2023-09-17 18:59:00,33,F,42.38427939,262.6,66.0,5.5,105,18,Snack,300.0,38.0,4.0,16.0,2.0,100.0,97.0,66.0,CGMacros_dateshifted365/CGMacros/CGMacros-004/CGMacros-004.csv,dexcom,163.0,157.0,60.0
S004_2023-09-17T20:02:00,4,2023-09-17 20:02:00,33,F,42.38427939,262.6,66.0,5.5,105,20,Dinner,440.0,34.0,25.0,23.0,2.0,100.0,136.8,26.2,CGMacros_dateshifted365/CGMacros/CGMacros-004/CGMacros-004.csv,dexcom,163.0,95.4,-41.4
S004_2023-09-17T20:17:00,4,2023-09-17 20:17:00,33,F,42.38427939,262.6,66.0,5.5,105,20,Dinner,360.0,40.0,14.0,16.0,2.0,100.0,159.6,3.4,CGMacros_dateshifted365/CGMacros/CGMacros-004/CGMacros-004.csv,dexcom,163.0,92.6,-67.0
S004_2023-09-17T20:44:00,4,2023-09-17 20:44:00,33,F,42.38427939,262.6,66.0,5.5,105,20,Snack,470.0,65.0,18.0,15.0,0.0,100.0,144.0,16.0,CGMacros_dateshifted365/CGMacros/CGMacros-004/CGMacros-004.csv,dexcom,160.0,110.0,-34.0
S004_2023-09-18T08:57:00,4,2023-09-18 08:57:00,33,F,42.38427939,262.6,66.0,5.5,105,8,Breakfast,608.0,66.0,66.0,10.5,0.0,100.0,92.2,47.8,CGMacros_dateshifted365/CGMacros/CGMacros-004/CGMacros-004.csv,dexcom,140.0,121.6,29.4
S004_2023-09-18T12:23:00,4,2023-09-18 12:23:00,33,F,42.38427939,262.6,66.0,5.5,105,12,Lunch,585.0,40.0,76.0,17.0,13.0,100.0,89.0,12.0,CGMacros_dateshifted365/CGMacros/CGMacros-004/CGMacros-004.csv,dexcom,101.0,99.8,10.8
S004_2023-09-18T15:34:00,4,2023-09-18 15:34:00,33,F,42.38427939,262.6,66.0,5.5,105,15,Snack,194.0,42.0,18.0,8.0,0.0,100.0,102.0,27.0,CGMacros_dateshifted365/CGMacros/CGMacros-004/CGMacros-004.csv,dexcom,129.0,111.0,9.0
S004_2023-09-18T18:13:00,4,2023-09-18 18:13:00,33,F,42.38427939,262.6,66.0,5.5,105,18,Snack,501.0,30.0,57.0,15.0,0.0,100.0,98.2,41.8,CGMacros_dateshifted365/CGMacros/CGMacros-004/CGMacros-004.csv,dexcom,140.0,109.2,11.0
S004_2023-09-18T18:28:00,4,2023-09-18 18:28:00,33,F,42.38427939,262.6,66.0,5.5,105,18,Dinner,1592.0,229.0,27.0,67.0,16.0,100.0,100.6,39.4,CGMacros_dateshifted365/CGMacros/CGMacros-004/CGMacros-004.csv,dexcom,140.0,122.0,21.4
S004_2023-09-18T18:33:00,4,2023-09-18 18:33:00,33,F,42.38427939,262.6,66.0,5.5,105,18,Dinner,140.0,39.0,0.0,0.0,0.0,100.0,101.0,39.0,CGMacros_dateshifted365/CGMacros/CGMacros-004/CGMacros-004.csv,dexcom,140.0,127.0,26.0
S004_2023-09-18T22:16:00,4,2023-09-18 22:16:00,33,F,42.38427939,262.6,66.0,5.5,105,22,Dinner,486.0,64.0,32.0,12.0,16.0,100.0,115.8,27.2,CGMacros_dateshifted365/CGMacros/CGMacros-004/CGMacros-004.csv,dexcom,143.0,110.4,-5.4
S004_2023-09-18T23:01:00,4,2023-09-18 23:01:00,33,F,42.38427939,262.6,66.0,5.5,105,23,Snack,35.0,5.0,0.0,2.0,0.0,100.0,129.0,-2.0,CGMacros_dateshifted365/CGMacros/CGMacros-004/CGMacros-004.csv,dexcom,127.0,116.6,-12.4
S004_2023-09-19T09:33:00,4,2023-09-19 09:33:00,33,F,42.38427939,262.6,66.0,5.5,105,9,Breakfast,712.0,66.0,22.0,42.0,0.0,100.0,94.4,49.6,CGMacros_dateshifted365/CGMacros/CGMacros-004/CGMacros-004.csv,dexcom,144.0,136.8,42.4
S004_2023-09-19T15:02:00,4,2023-09-19 15:02:00,33,F,42.38427939,262.6,66.0,5.5,105,15,Lunch,445.0,43.0,20.0,20.0,13.0,100.0,100.0,24.0,CGMacros_dateshifted365/CGMacros/CGMacros-004/CGMacros-004.csv,dexcom,124.0,98.4,-1.6
S004_2023-09-19T18:19:00,4,2023-09-19 18:19:00,33,F,42.38427939,262.6,66.0,5.5,105,18,Dinner,2250.0,124.0,116.0,141.0,16.0,100.0,101.0,9.0,CGMacros_dateshifted365/CGMacros/CGMacros-004/CGMacros-004.csv,dexcom,110.0,110.0,9.0
S004_2023-09-19T18:57:00,4,2023-09-19 18:57:00,33,F,42.38427939,262.6,66.0,5.5,105,18,Dinner,730.0,126.0,12.0,13.0,4.0,100.0,94.6,22.6,CGMacros_dateshifted365/CGMacros/CGMacros-004/CGMacros-004.csv,dexcom,117.2,117.2,22.6
S004_2023-09-19T19:08:00,4,2023-09-19 19:08:00,33,F,42.38427939,262.6,66.0,5.5,105,19,Snack,300.0,32.0,8.0,14.0,6.0,100.0,98.6,27.0,CGMacros_dateshifted365/CGMacros/CGMacros-004/CGMacros-004.csv,dexcom,125.6,125.6,27.0
S004_2023-09-19T20:00:00,4,2023-09-19 20:00:00,33,F,42.38427939,262.6,66.0,5.5,105,20,Dinner,50.0,14.0,0.0,0.0,0.0,100.0,106.4,21.6,CGMacros_dateshifted365/CGMacros/CGMacros-004/CGMacros-004.csv,dexcom,128.0,116.0,9.6
S004_2023-09-19T20:16:00,4,2023-09-19 20:16:00,33,F,42.38427939,262.6,66.0,5.5,105,20,Snack,140.0,39.0,0.0,0.0,0.0,100.0,109.4,18.6,CGMacros_dateshifted365/CGMacros/CGMacros-004/CGMacros-004.csv,dexcom,128.0,106.4,-3.0
S004_2023-09-19T20:31:00,4,2023-09-19 20:31:00,33,F,42.38427939,262.6,66.0,5.5,105,20,Snack,139.0,35.0,0.0,0.0,0.0,100.0,109.4,18.6,CGMacros_dateshifted365/CGMacros/CGMacros-004/CGMacros-004.csv,dexcom,128.0,114.0,4.6
S004_2023-09-19T21:59:00,4,2023-09-19 21:59:00,33,F,42.38427939,262.6,66.0,5.5,105,21,Dinner,440.0,34.0,44.0,14.0,6.0,100.0,117.0,20.0,CGMacros_dateshifted365/CGMacros/CGMacros-004/CGMacros-004.csv,dexcom,137.0,103.0,-14.0
S004_2023-09-20T09:30:00,4,2023-09-20 09:30:00,33,F,42.38427939,262.6,66.0,5.5,105,9,Breakfast,268.0,24.0,22.0,10.5,0.0,100.0,93.4,34.6,CGMacros_dateshifted365/CGMacros/CGMacros-004/CGMacros-004.csv,dexcom,128.0,89.0,-4.4
S004_2023-09-20T13:18:00,4,2023-09-20 13:18:00,33,F,42.38427939,262.6,66.0,5.5,105,13,Lunch,725.0,94.0,44.0,20.0,4.0,100.0,91.6,78.4,CGMacros_dateshifted365/CGMacros/CGMacros-004/CGMacros-004.csv,dexcom,170.0,139.6,48.0
S004_2023-09-20T16:39:00,4,2023-09-20 16:39:00,33,F,42.38427939,262.6,66.0,5.5,105,16,Snack,230.0,27.0,3.0,12.0,0.0,100.0,121.0,4.0,CGMacros_dateshifted365/CGMacros/CGMacros-004/CGMacros-004.csv,dexcom,125.0,110.0,-11.0
S004_2023-09-20T16:47:00,4,2023-09-20 16:47:00,33,F,42.38427939,262.6,66.0,5.5,105,16,Snack,180.0,24.0,21.0,6.0,15.0,100.0,116.6,8.4,CGMacros_dateshifted365/CGMacros/CGMacros-004/CGMacros-004.csv,dexcom,125.0,99.2,-17.4
S004_2023-09-20T17:01:00,4,2023-09-20 17:01:00,33,F,42.38427939,262.6,66.0,5.5,105,17,Snack,160.0,15.0,2.0,10.0,1.0,100.0,104.4,20.6,CGMacros_dateshifted365/CGMacros/CGMacros-004/CGMacros-004.csv,dexcom,125.0,102.0,-2.4
S004_2023-09-20T18:01:00,4,2023-09-20 18:01:00,33,F,42.38427939,262.6,66.0,5.5,105,18,Dinner,860.0,100.0,32.0,36.0,4.0,100.0,96.8,46.2,CGMacros_dateshifted365/CGMacros/CGMacros-004/CGMacros-004.csv,dexcom,143.0,136.2,39.4
S004_2023-09-20T20:30:00,4,2023-09-20 20:30:00,33,F,42.38427939,262.6,66.0,5.5,105,20,Dinner,215.0,25.0,8.0,9.0,1.0,100.0,109.0,36.0,CGMacros_dateshifted365/CGMacros/CGMacros-004/CGMacros-004.csv,dexcom,145.0,139.2,30.2
S005_2020-08-17T13:08:00,5,2020-08-17 13:08:00,51,F,30.95753448,172.0,62.5,6.6,144,13,Lunch,1180.0,81.0,88.0,54.5,18.0,100.0,116.0,1.0,CGMacros_dateshifted365/CGMacros/CGMacros-005/CGMacros-005.csv,dexcom,117.0,85.0,-31.0
S005_2020-08-17T19:42:00,5,2020-08-17 19:42:00,51,F,30.95753448,172.0,62.5,6.6,144,19,Dinner,410.0,61.0,24.0,6.0,9.0,100.0,118.0,25.0,CGMacros_dateshifted365/CGMacros/CGMacros-005/CGMacros-005.csv,dexcom,143.0,142.2,24.2
S005_2020-08-18T09:51:00,5,2020-08-18 09:51:00,51,F,30.95753448,172.0,62.5,6.6,144,9,Breakfast,448.0,66.0,22.0,10.5,0.0,100.0,159.4,117.0,CGMacros_dateshifted365/CGMacros/CGMacros-005/CGMacros-005.csv,dexcom,276.4,276.4,117.0
S005_2020-08-18T13:28:00,5,2020-08-18 13:28:00,51,F,30.95753448,172.0,62.5,6.6,144,13,Lunch,830.0,92.0,17.0,42.0,10.0,100.0,199.0,-0.6,CGMacros_dateshifted365/CGMacros/CGMacros-005/CGMacros-005.csv,dexcom,198.4,192.0,-7.0
S005_2020-08-18T19:55:00,5,2020-08-18 19:55:00,51,F,30.95753448,172.0,62.5,6.6,144,19,Dinner,352.0,16.0,32.0,11.0,1.0,100.0,111.6,69.4,CGMacros_dateshifted365/CGMacros/CGMacros-005/CGMacros-005.csv,dexcom,181.0,177.8,66.2
S005_2020-08-18T21:35:00,5,2020-08-18 21:35:00,51,F,30.95753448,172.0,62.5,6.6,144,21,Snack,240.0,25.0,4.0,13.0,7.0,100.0,178.4,14.6,CGMacros_dateshifted365/CGMacros/CGMacros-005/CGMacros-005.csv,dexcom,193.0,157.2,-21.2
S005_2020-08-19T09:50:00,5,2020-08-19 09:50:00,51,F,30.95753448,172.0,62.5,6.6,144,9,Breakfast,608.0,66.0,66.0,10.5,0.0,100.0,154.2,52.0,CGMacros_dateshifted365/CGMacros/CGMacros-005/CGMacros-005.csv,dexcom,206.2,206.2,52.0
S005_2020-08-19T13:22:00,5,2020-08-19 13:22:00,51,F,30.95753448,172.0,62.5,6.6,144,13,Lunch,435.0,16.0,66.0,14.0,4.0,100.0,161.6,18.4,CGMacros_dateshifted365/CGMacros/CGMacros-005/CGMacros-005.csv,dexcom,180.0,113.0,-48.6
S005_2020-08-19T18:19:00,5,2020-08-19 18:19:00,51,F,30.95753448,172.0,62.5,6.6,144,18,Dinner,252.0,33.0,24.0,5.0,0.0,100.0,116.8,41.6,CGMacros_dateshifted365/CGMacros/CGMacros-005/CGMacros-005.csv,dexcom,158.4,158.4,41.6
S005_2020-08-19T21:35:00,5,2020-08-19 21:35:00,51,F,30.95753448,172.0,62.5,6.6,144,21,Snack,206.0,36.0,5.0,0.0,10.0,100.0,128.6,61.4,CGMacros_dateshifted365/CGMacros/CGMacros-005/CGMacros-005.csv,dexcom,190.0,188.8,60.2
S005_2020-08-20T10:00:00,5,2020-08-20 10:00:00,51,F,30.95753448,172.0,62.5,6.6,144,10,Breakfast,712.0,66.0,22.0,42.0,0.0,100.0,163.2,38.2,CGMacros_dateshifted365/CGMacros/CGMacros-005/CGMacros-005.csv,dexcom,201.4,201.4,38.2
S005_2020-08-20T14:58:00,5,2020-08-20 14:58:00,51,F,30.95753448,172.0,62.5,6.6,144,14,Lunch,555.0,94.0,12.0,13.0,5.0,100.0,101.0,108.0,CGMacros_dateshifted365/CGMacros/CGMacros-005/CGMacros-005.csv,dexcom,209.0,209.0,108.0
S005_2020-08-20T19:12:00,5,2020-08-20 19:12:00,51,F,30.95753448,172.0,62.5,6.6,144,19,Snack,115.0,3.0,5.0,9.0,3.0,100.0,197.8,0.2,CGMacros_dateshifted365/CGMacros/CGMacros-005/CGMacros-005.csv,dexcom,198.0,106.0,-91.8
S005_2020-08-20T20:22:00,5,2020-08-20 20:22:00,51,F,30.95753448,172.0,62.5,6.6,144,20,Dinner,418.0,48.0,29.0,12.0,6.0,100.0,158.6,-0.6,CGMacros_dateshifted365/CGMacros/CGMacros-005/CGMacros-005.csv,dexcom,158.0,139.0,-19.6
S005_2020-08-21T09:56:00,5,2020-08-21 09:56:00,51,F,30.95753448,172.0,62.5,6.6,144,9,Breakfast,902.0,73.0,66.0,42.0,7.0,100.0,150.4,46.6,CGMacros_dateshifted365/CGMacros/CGMacros-005/CGMacros-005.csv,dexcom,197.0,192.2,41.8
S005_2020-08-21T13:57:00,5,2020-08-21 13:57:00,51,F,30.95753448,172.0,62.5,6.6,144,13,Lunch,355.0,19.0,32.0,15.0,5.0,100.0,109.0,9.0,CGMacros_dateshifted365/CGMacros/CGMacros-005/CGMacros-005.csv,dexcom,118.0,109.8,0.8
S005_2020-08-21T17:42:00,5,2020-08-21 17:42:00,51,F,30.95753448,172.0,62.5,6.6,144,17,Snack,68.0,18.0,2.0,0.0,2.0,100.0,119.6,12.4,CGMacros_dateshifted365/CGMacros/CGMacros-005/CGMacros-005.csv,dexcom,132.0,119.4,-0.2
S005_2020-08-21T20:21:00,5,2020-08-21 20:21:00,51,F,30.95753448,172.0,62.5,6.6,144,20,Dinner,306.0,22.0,29.0,13.0,8.0,100.0,109.0,41.0,CGMacros_dateshifted365/CGMacros/CGMacros-005/CGMacros-005.csv,dexcom,150.0,148.2,39.2
S005_2020-08-21T21:02:00,5,2020-08-21 21:02:00,51,F,30.95753448,172.0,62.5,6.6,144,21,Snack,442.0,69.0,6.0,18.0,2.0,100.0,110.0,55.0,CGMacros_dateshifted365/CGMacros/CGMacros-005/CGMacros-005.csv,dexcom,165.0,157.2,47.2
S005_2020-08-22T08:52:00,5,2020-08-22 08:52:00,51,F,30.95753448,172.0,62.5,6.6,144,8,Breakfast,268.0,24.0,22.0,10.5,0.0,100.0,153.0,92.0,CGMacros_dateshifted365/CGMacros/CGMacros-005/CGMacros-005.csv,dexcom,245.0,229.0,76.0
S005_2020-08-22T12:36:00,5,2020-08-22 12:36:00,51,F,30.95753448,172.0,62.5,6.6,144,12,Lunch,1110.0,93.0,84.0,44.0,4.0,100.0,110.4,58.2,CGMacros_dateshifted365/CGMacros/CGMacros-005/CGMacros-005.csv,dexcom,168.6,168.6,58.2
S005_2020-08-22T16:48:00,5,2020-08-22 16:48:00,51,F,30.95753448,172.0,62.5,6.6,144,16,Snack,102.0,27.0,3.0,0.0,3.0,100.0,147.0,6.0,CGMacros_dateshifted365/CGMacros/CGMacros-005/CGMacros-005.csv,dexcom,153.0,143.0,-4.0
S005_2020-08-22T20:13:00,5,2020-08-22 20:13:00,51,F,30.95753448,172.0,62.5,6.6,144,20,Dinner,545.0,67.0,22.0,18.0,9.0,100.0,121.0,19.0,CGMacros_dateshifted365/CGMacros/CGMacros-005/CGMacros-005.csv,dexcom,140.0,138.0,17.0
S005_2020-08-22T21:44:00,5,2020-08-22 21:44:00,51,F,30.95753448,172.0,62.5,6.6,144,21,Snack,160.0,24.0,2.0,5.0,0.0,100.0,132.2,65.8,CGMacros_dateshifted365/CGMacros/CGMacros-005/CGMacros-005.csv,dexcom,198.0,195.8,63.6
S005_2020-08-22T21:59:00,5,2020-08-22 21:59:00,51,F,30.95753448,172.0,62.5,6.6,144,21,Snack,225.0,24.0,5.0,14.0,2.0,100.0,137.2,60.8,CGMacros_dateshifted365/CGMacros/CGMacros-005/CGMacros-005.csv,dexcom,198.0,182.0,44.8
S005_2020-08-22T22:53:00,5,2020-08-22 22:53:00,51,F,30.95753448,172.0,62.5,6.6,144,22,Snack,320.0,12.0,14.0,26.0,4.0,100.0,183.0,31.0,CGMacros_dateshifted365/CGMacros/CGMacros-005/CGMacros-005.csv,dexcom,214.0,214.0,31.0
S005_2020-08-23T10:48:00,5,2020-08-23 10:48:00,51,F,30.95753448,172.0,62.5,6.6,144,10,Breakfast,448.0,66.0,22.0,10.5,0.0,100.0,167.0,96.0,CGMacros_dateshifted365/CGMacros/CGMacros-005/CGMacros-005.csv,dexcom,263.0,263.0,96.0
S005_2020-08-23T15:37:00,5,2020-08-23 15:37:00,51,F,30.95753448,172.0,62.5,6.6,144,15,Lunch,575.0,76.0,22.0,18.5,11.0,100.0,86.6,51.8,CGMacros_dateshifted365/CGMacros/CGMacros-005/CGMacros-005.csv,dexcom,138.4,138.4,51.8
S005_2020-08-23T19:50:00,5,2020-08-23 19:50:00,51,F,30.95753448,172.0,62.5,6.6,144,19,Dinner,351.0,62.0,12.0,7.0,6.0,100.0,136.6,39.4,CGMacros_dateshifted365/CGMacros/CGMacros-005/CGMacros-005.csv,dexcom,176.0,176.0,39.4
S005_2020-08-24T08:04:00,5,2020-08-24 08:04:00,51,F,30.95753448,172.0,62.5,6.6,144,8,Breakfast,608.0,66.0,66.0,10.5,0.0,100.0,153.0,119.0,CGMacros_dateshifted365/CGMacros/CGMacros-005/CGMacros-005.csv,dexcom,272.0,248.4,95.4
S005_2020-08-24T12:57:00,5,2020-08-24 12:57:00,51,F,30.95753448,172.0,62.5,6.6,144,12,Lunch,585.0,40.0,76.0,17.0,13.0,100.0,112.8,37.0,CGMacros_dateshifted365/CGMacros/CGMacros-005/CGMacros-005.csv,dexcom,149.8,149.8,37.0
S005_2020-08-24T17:33:00,5,2020-08-24 17:33:00,51,F,30.95753448,172.0,62.5,6.6,144,17,Snack,100.0,23.0,1.0,0.0,0.0,100.0,123.0,41.0,CGMacros_dateshifted365/CGMacros/CGMacros-005/CGMacros-005.csv,dexcom,164.0,138.0,15.0
S005_2020-08-24T17:35:00,5,2020-08-24 17:35:00,51,F,30.95753448,172.0,62.5,6.6,144,17,Snack,201.0,17.0,6.0,14.0,2.0,100.0,123.4,40.6,CGMacros_dateshifted365/CGMacros/CGMacros-005/CGMacros-005.csv,dexcom,164.0,138.0,14.6
S005_2020-08-24T19:47:00,5,2020-08-24 19:47:00,51,F,30.95753448,172.0,62.5,6.6,144,19,Dinner,481.0,28.0,50.0,37.0,6.0,100.0,132.0,-1.0,CGMacros_dateshifted365/CGMacros/CGMacros-005/CGMacros-005.csv,dexcom,131.0,123.6,-8.4
S005_2020-08-24T20:25:00,5,2020-08-24 20:25:00,51,F,30.95753448,172.0,62.5,6.6,144,20,Dinner,137.0,23.0,1.0,5.0,0.0,100.0,117.6,11.0,CGMacros_dateshifted365/CGMacros/CGMacros-005/CGMacros-005.csv,dexcom,128.6,128.6,11.0
S005_2020-08-25T08:13:00,5,2020-08-25 08:13:00,51,F,30.95753448,172.0,62.5,6.6,144,8,Breakfast,712.0,66.0,22.0,42.0,0.0,100.0,158.0,130.0,CGMacros_dateshifted365/CGMacros/CGMacros-005/CGMacros-005.csv,dexcom,288.0,288.0,130.0
S005_2020-08-25T13:11:00,5,2020-08-25 13:11:00,51,F,30.95753448,172.0,62.5,6.6,144,13,Lunch,445.0,43.0,20.0,20.0,13.0,100.0,100.6,36.4,CGMacros_dateshifted365/CGMacros/CGMacros-005/CGMacros-005.csv,dexcom,137.0,136.4,35.8
S005_2020-08-25T17:26:00,5,2020-08-25 17:26:00,51,F,30.95753448,172.0,62.5,6.6,144,17,Snack,194.0,15.0,5.0,13.0,5.0,100.0,116.6,20.4,CGMacros_dateshifted365/CGMacros/CGMacros-005/CGMacros-005.csv,dexcom,137.0,133.6,17.0
S005_2020-08-25T19:29:00,5,2020-08-25 19:29:00,51,F,30.95753448,172.0,62.5,6.6,144,19,Snack,30.0,6.0,2.0,0.0,2.0,100.0,134.2,8.0,CGMacros_dateshifted365/CGMacros/CGMacros-005/CGMacros-005.csv,dexcom,142.2,142.2,8.0
S005_2020-08-25T20:22:00,5,2020-08-25 20:22:00,51,F,30.95753448,172.0,62.5,6.6,144,20,Dinner,305.0,47.0,11.0,9.0,5.0,100.0,129.0,64.2,CGMacros_dateshifted365/CGMacros/CGMacros-005/CGMacros-005.csv,dexcom,193.2,193.2,64.2
S005_2020-08-25T21:11:00,5,2020-08-25 21:11:00,51,F,30.95753448,172.0,62.5,6.6,144,21,Dinner,130.0,18.0,1.0,7.0,1.0,100.0,135.2,91.6,CGMacros_dateshifted365/CGMacros/CGMacros-005/CGMacros-005.csv,dexcom,226.8,226.8,91.6
S005_2020-08-26T08:19:00,5,2020-08-26 08:19:00,51,F,30.95753448,172.0,62.5,6.6,144,8,Breakfast,268.0,24.0,22.0,10.5,0.0,100.0,156.0,112.0,CGMacros_dateshifted365/CGMacros/CGMacros-005/CGMacros-005.csv,dexcom,268.0,262.8,106.8
S005_2020-08-26T14:48:00,5,2020-08-26 14:48:00,51,F,30.95753448,172.0,62.5,6.6,144,14,Lunch,725.0,94.0,44.0,20.0,4.0,100.0,113.0,105.0,CGMacros_dateshifted365/CGMacros/CGMacros-005/CGMacros-005.csv,dexcom,218.0,218.0,105.0
S005_2020-08-26T19:18:00,5,2020-08-26 19:18:00,51,F,30.95753448,172.0,62.5,6.6,144,19,Snack,60.0,15.0,0.0,0.0,0.0,100.0,165.0,-1.2,CGMacros_dateshifted365/CGMacros/CGMacros-005/CGMacros-005.csv,dexcom,163.8,133.0,-32.0
S005_2020-08-26T19:44:00,5,2020-08-26 19:44:00,51,F,30.95753448,172.0,62.5,6.6,144,19,Dinner,168.0,24.0,10.0,4.0,5.0,100.0,141.2,-0.8,CGMacros_dateshifted365/CGMacros/CGMacros-005/CGMacros-005.csv,dexcom,140.4,113.6,-27.6
S005_2020-08-27T09:06:00,5,2020-08-27 09:06:00,51,F,30.95753448,172.0,62.5,6.6,144,9,Breakfast,902.0,73.0,22.0,42.0,7.0,100.0,101.5333,110.5333,CGMacros_dateshifted365/CGMacros/CGMacros-005/CGMacros-005.csv,libre,212.0667,212.0667,110.5333
S006_2023-04-07T13:08:00,6,2023-04-07 13:08:00,51,F,29.30345134,197.0,68.75,5.2,96,13,Lunch,1180.0,81.0,88.0,54.5,18.0,100.0,107.0,32.0,CGMacros_dateshifted365/CGMacros/CGMacros-006/CGMacros-006.csv,dexcom,139.0,101.8,-5.2
S006_2023-04-07T19:15:00,6,2023-04-07 19:15:00,51,F,29.30345134,197.0,68.75,5.2,96,19,Dinner,260.0,25.0,29.0,5.0,3.0,100.0,118.2,22.8,CGMacros_dateshifted365/CGMacros/CGMacros-006/CGMacros-006.csv,dexcom,141.0,125.2,7.0
S006_2023-04-08T07:18:00,6,2023-04-08 07:18:00,51,F,29.30345134,197.0,68.75,5.2,96,7,Breakfast,448.0,66.0,22.0,10.5,0.0,100.0,106.6,26.4,CGMacros_dateshifted365/CGMacros/CGMacros-006/CGMacros-006.csv,dexcom,133.0,126.8,20.2
S006_2023-04-08T12:06:00,6,2023-04-08 12:06:00,51,F,29.30345134,197.0,68.75,5.2,96,12,Lunch,830.0,92.0,17.0,42.0,10.0,100.0,113.8,40.2,CGMacros_dateshifted365/CGMacros/CGMacros-006/CGMacros-006.csv,dexcom,154.0,118.8,5.0
S006_2023-04-08T16:42:00,6,2023-04-08 16:42:00,51,F,29.30345134,197.0,68.75,5.2,96,16,Snack,221.0,27.0,6.0,10.0,6.0,100.0,113.0,-0.2,CGMacros_dateshifted365/CGMacros/CGMacros-006/CGMacros-006.csv,dexcom,112.8,69.0,-44.0
S006_2023-04-08T19:21:00,6,2023-04-08 19:21:00,51,F,29.30345134,197.0,68.75,5.2,96,19,Dinner,523.0,43.0,15.0,21.0,2.0,100.0,71.4,21.8,CGMacros_dateshifted365/CGMacros/CGMacros-006/CGMacros-006.csv,dexcom,93.2,93.2,21.8
S006_2023-04-09T07:30:00,6,2023-04-09 07:30:00,51,F,29.30345134,197.0,68.75,5.2,96,7,Breakfast,608.0,66.0,66.0,10.5,0.0,100.0,94.0,36.0,CGMacros_dateshifted365/CGMacros/CGMacros-006/CGMacros-006.csv,dexcom,130.0,95.6,1.6
S006_2023-04-09T12:48:00,6,2023-04-09 12:48:00,51,F,29.30345134,197.0,68.75,5.2,96,12,Lunch,435.0,16.0,66.0,14.0,4.0,100.0,101.0,7.0,CGMacros_dateshifted365/CGMacros/CGMacros-006/CGMacros-006.csv,dexcom,108.0,106.4,5.4
S006_2023-04-09T18:42:00,6,2023-04-09 18:42:00,51,F,29.30345134,197.0,68.75,5.2,96,18,Dinner,588.0,47.0,16.0,42.0,21.0,100.0,106.0,16.0,CGMacros_dateshifted365/CGMacros/CGMacros-006/CGMacros-006.csv,dexcom,122.0,112.0,6.0
S006_2023-04-09T20:57:00,6,2023-04-09 20:57:00,51,F,29.30345134,197.0,68.75,5.2,96,20,Snack,163.0,29.0,1.0,4.0,1.0,100.0,112.0,76.0,CGMacros_dateshifted365/CGMacros/CGMacros-006/CGMacros-006.csv,dexcom,188.0,167.0,55.0
S006_2023-04-10T06:50:00,6,2023-04-10 06:50:00,51,F,29.30345134,197.0,68.75,5.2,96,6,Breakfast,712.0,66.0,22.0,42.0,0.0,100.0,94.2,31.8,CGMacros_dateshifted365/CGMacros/CGMacros-006/CGMacros-006.csv,dexcom,126.0,119.0,24.8
S006_2023-04-10T12:07:00,6,2023-04-10 12:07:00,51,F,29.30345134,197.0,68.75,5.2,96,12,Lunch,555.0,94.0,12.0,13.0,5.0,100.0,110.0,124.0,CGMacros_dateshifted365/CGMacros/CGMacros-006/CGMacros-006.csv,dexcom,234.0,152.0,42.0
S006_2023-04-10T19:26:00,6,2023-04-10 19:26:00,51,F,29.30345134,197.0,68.75,5.2,96,19,Dinner,899.0,87.0,35.0,44.0,19.0,100.0,106.8,23.2,CGMacros_dateshifted365/CGMacros/CGMacros-006/CGMacros-006.csv,dexcom,130.0,128.8,22.0
S006_2023-04-11T08:50:00,6,2023-04-11 08:50:00,51,F,29.30345134,197.0,68.75,5.2,96,8,Breakfast,902.0,73.0,66.0,42.0,7.0,100.0,105.0,14.0,CGMacros_dateshifted365/CGMacros/CGMacros-006/CGMacros-006.csv,dexcom,119.0,116.8,11.8
S006_2023-04-11T13:23:00,6,2023-04-11 13:23:00,51,F,29.30345134,197.0,68.75,5.2,96,13,Lunch,355.0,19.0,32.0,15.0,5.0,100.0,104.8,2.6,CGMacros_dateshifted365/CGMacros/CGMacros-006/CGMacros-006.csv,dexcom,107.4,107.4,2.6
S006_2023-04-11T19:16:00,6,2023-04-11 19:16:00,51,F,29.30345134,197.0,68.75,5.2,96,19,Dinner,808.0,101.0,29.0,28.0,12.0,100.0,101.8,67.8,CGMacros_dateshifted365/CGMacros/CGMacros-006/CGMacros-006.csv,dexcom,169.6,169.6,67.8
S006_2023-04-12T10:04:00,6,2023-04-12 10:04:00,51,F,29.30345134,197.0,68.75,5.2,96,10,Breakfast,268.0,24.0,22.0,10.5,0.0,100.0,89.4,30.6,CGMacros_dateshifted365/CGMacros/CGMacros-006/CGMacros-006.csv,dexcom,120.0,84.4,-5.0
S006_2023-04-12T14:56:00,6,2023-04-12 14:56:00,51,F,29.30345134,197.0,68.75,5.2,96,14,Lunch,1110.0,93.0,84.0,44.0,4.0,100.0,98.2,44.8,CGMacros_dateshifted365/CGMacros/CGMacros-006/CGMacros-006.csv,dexcom,143.0,120.8,22.6
S006_2023-04-12T21:06:00,6,2023-04-12 21:06:00,51,F,29.30345134,197.0,68.75,5.2,96,21,Dinner,499.0,66.0,22.0,21.0,7.0,100.0,103.2,50.2,CGMacros_dateshifted365/CGMacros/CGMacros-006/CGMacros-006.csv,dexcom,153.4,153.4,50.2
S006_2023-04-12T21:58:00,6,2023-04-12 21:58:00,51,F,29.30345134,197.0,68.75,5.2,96,21,Snack,660.0,118.0,7.0,20.0,0.0,100.0,108.2,55.0,CGMacros_dateshifted365/CGMacros/CGMacros-006/CGMacros-006.csv,dexcom,163.2,163.2,55.0
S006_2023-04-13T10:05:00,6,2023-04-13 10:05:00,51,F,29.30345134,197.0,68.75,5.2,96,10,Breakfast,448.0,66.0,22.0,10.5,0.0,100.0,99.6,27.4,CGMacros_dateshifted365/CGMacros/CGMacros-006/CGMacros-006.csv,dexcom,127.0,125.0,25.4
S006_2023-04-13T15:07:00,6,2023-04-13 15:07:00,51,F,29.30345134,197.0,68.75,5.2,96,15,Lunch,575.0,76.0,22.0,18.5,11.0,100.0,115.0,66.0,CGMacros_dateshifted365/CGMacros/CGMacros-006/CGMacros-006.csv,dexcom,181.0,169.0,54.0
S006_2023-04-13T20:17:00,6,2023-04-13 20:17:00,51,F,29.30345134,197.0,68.75,5.2,96,20,Dinner,290.0,45.0,7.0,13.0,11.0,100.0,118.0,57.0,CGMacros_dateshifted365/CGMacros/CGMacros-006/CGMacros-006.csv,dexcom,175.0,174.0,56.0
S006_2023-04-13T20:26:00,6,2023-04-13 20:26:00,51,F,29.30345134,197.0,68.75,5.2,96,20,Dinner,290.0,34.0,3.0,16.0,2.0,100.0,115.2,59.8,CGMacros_dateshifted365/CGMacros/CGMacros-006/CGMacros-006.csv,dexcom,175.0,170.6,55.4
S006_2023-04-14T09:08:00,6,2023-04-14 09:08:00,51,F,29.30345134,197.0,68.75,5.2,96,9,Breakfast,608.0,66.0,66.0,10.5,0.0,100.0,97.6,16.4,CGMacros_dateshifted365/CGMacros/CGMacros-006/CGMacros-006.csv,dexcom,114.0,114.0,16.4
S006_2023-04-14T14:30:00,6,2023-04-14 14:30:00,51,F,29.30345134,197.0,68.75,5.2,96,14,Lunch,585.0,40.0,76.0,17.0,13.0,100.0,101.6,3.4,CGMacros_dateshifted365/CGMacros/CGMacros-006/CGMacros-006.csv,dexcom,105.0,82.2,-19.4
S006_2023-04-14T18:09:00,6,2023-04-14 18:09:00,51,F,29.30345134,197.0,68.75,5.2,96,18,Snack,70.0,19.0,1.0,0.0,4.0,100.0,93.6,26.4,CGMacros_dateshifted365/CGMacros/CGMacros-006/CGMacros-006.csv,dexcom,120.0,101.4,7.8
S006_2023-04-14T18:58:00,6,2023-04-14 18:58:00,51,F,29.30345134,197.0,68.75,5.2,96,18,Dinner,655.0,87.0,19.0,18.0,19.0,100.0,114.6,-0.4,CGMacros_dateshifted365/CGMacros/CGMacros-006/CGMacros-006.csv,dexcom,114.2,97.4,-17.2
S006_2023-04-14T22:11:00,6,2023-04-14 22:11:00,51,F,29.30345134,197.0,68.75,5.2,96,22,Snack,140.0,17.0,1.0,7.0,1.0,100.0,106.6,21.4,CGMacros_dateshifted365/CGMacros/CGMacros-006/CGMacros-006.csv,dexcom,128.0,122.0,15.4
S006_2023-04-15T08:45:00,6,2023-04-15 08:45:00,51,F,29.30345134,197.0,68.75,5.2,96,8,Breakfast,712.0,66.0,22.0,42.0,0.0,100.0,103.6,26.8,CGMacros_dateshifted365/CGMacros/CGMacros-006/CGMacros-006.csv,dexcom,130.4,130.4,26.8
S006_2023-04-15T12:52:00,6,2023-04-15 12:52:00,51,F,29.30345134,197.0,68.75,5.2,96,12,Lunch,445.0,43.0,20.0,20.0,13.0,100.0,91.0,9.0,CGMacros_dateshifted365/CGMacros/CGMacros-006/CGMacros-006.csv,dexcom,100.0,97.0,6.0
S006_2023-04-15T20:19:00,6,2023-04-15 20:19:00,51,F,29.30345134,197.0,68.75,5.2,96,20,Dinner,158.0,41.0,2.0,1.0,6.0,100.0,120.2,69.8,CGMacros_dateshifted365/CGMacros/CGMacros-006/CGMacros-006.csv,dexcom,190.0,169.4,49.2
S006_2023-04-16T07:16:00,6,2023-04-16 07:16:00,51,F,29.30345134,197.0,68.75,5.2,96,7,Breakfast,268.0,24.0,22.0,10.5,0.0,100.0,108.0,21.0,CGMacros_dateshifted365/CGMacros/CGMacros-006/CGMacros-006.csv,dexcom,129.0,101.0,-7.0
S006_2023-04-16T13:48:00,6,2023-04-16 13:48:00,51,F,29.30345134,197.0,68.75,5.2,96,13,Lunch,725.0,94.0,44.0,20.0,4.0,100.0,109.8,35.2,CGMacros_dateshifted365/CGMacros/CGMacros-006/CGMacros-006.csv,dexcom,145.0,120.8,11.0
S006_2023-04-16T17:39:00,6,2023-04-16 17:39:00,51,F,29.30345134,197.0,68.75,5.2,96,17,Snack,99.0,26.0,2.0,0.0,4.0,100.0,91.0,33.0,CGMacros_dateshifted365/CGMacros/CGMacros-006/CGMacros-006.csv,dexcom,124.0,106.4,15.4
S006_2023-04-16T19:15:00,6,2023-04-16 19:15:00,51,F,29.30345134,197.0,68.75,5.2,96,19,Dinner,439.0,59.0,17.0,5.0,13.0,100.0,103.8,6.2,CGMacros_dateshifted365/CGMacros/CGMacros-006/CGMacros-006.csv,dexcom,110.0,110.0,6.2
S006_2023-04-16T20:26:00,6,2023-04-16 20:26:00,51,F,29.30345134,197.0,68.75,5.2,96,20,Snack,425.0,60.0,4.0,19.0,2.0,100.0,87.0,53.0,CGMacros_dateshifted365/CGMacros/CGMacros-006/CGMacros-006.csv,dexcom,140.0,137.0,50.0
S006_2023-04-17T07:00:00,6,2023-04-17 07:00:00,51,F,29.30345134,197.0,68.75,5.2,96,7,Breakfast,902.0,73.0,22.0,42.0,7.0,100.0,92.0,27.0,CGMacros_dateshifted365/CGMacros/CGMacros-006/CGMacros-006.csv,dexcom,119.0,111.6,19.6
S007_2023-11-03T12:38:00,7,2023-11-03 12:38:00,66,F,27.0703267,199.6,72.0,5.9,108,12,Lunch,1180.0,81.0,88.0,54.5,18.0,100.0,71.2,61.8,CGMacros_dateshifted365/CGMacros/CGMacros-007/CGMacros-007.csv,dexcom,133.0,113.0,41.8
S007_2023-11-03T19:26:00,7,2023-11-03 19:26:00,66,F,27.0703267,199.6,72.0,5.9,108,19,Dinner,352.0,24.0,40.0,4.0,0.0,100.0,111.0,33.0,CGMacros_dateshifted365/CGMacros/CGMacros-007/CGMacros-007.csv,dexcom,144.0,121.8,10.8
S007_2023-11-04T19:16:00,7,2023-11-04 19:16:00,66,F,27.0703267,199.6,72.0,5.9,108,19,Dinner,442.0,49.0,40.0,4.0,0.0,200.0,109.0,94.8,CGMacros_dateshifted365/CGMacros/CGMacros-007/CGMacros-007.csv,dexcom,203.8,181.6,72.6
S007_2023-11-05T08:38:00,7,2023-11-05 08:38:00,66,F,27.0703267,199.6,72.0,5.9,108,8,Breakfast,608.0,66.0,66.0,10.5,0.0,100.0,111.4,35.6,CGMacros_dateshifted365/CGMacros/CGMacros-007/CGMacros-007.csv,dexcom,147.0,123.0,11.6
S007_2023-11-05T12:23:00,7,2023-11-05 12:23:00,66,F,27.0703267,199.6,72.0,5.9,108,12,Lunch,435.0,16.0,66.0,14.0,4.0,100.0,112.8,-0.6,CGMacros_dateshifted365/CGMacros/CGMacros-007/CGMacros-007.csv,dexcom,112.2,85.0,-27.8
S007_2023-11-05T19:18:00,7,2023-11-05 19:18:00,66,F,27.0703267,199.6,72.0,5.9,108,19,Dinner,341.0,29.0,29.0,13.0,0.0,200.0,102.2,59.8,CGMacros_dateshifted365/CGMacros/CGMacros-007/CGMacros-007.csv,dexcom,162.0,153.0,50.8
S007_2023-11-06T07:51:00,7,2023-11-06 07:51:00,66,F,27.0703267,199.6,72.0,5.9,108,7,Breakfast,902.0,73.0,22.0,42.0,7.0,100.0,97.0,29.0,CGMacros_dateshifted365/CGMacros/CGMacros-007/CGMacros-007.csv,dexcom,126.0,120.0,23.0
S007_2023-11-06T08:31:00,7,2023-11-06 08:31:00,66,F,27.0703267,199.6,72.0,5.9,108,8,Breakfast,712.0,66.0,22.0,42.0,0.0,100.0,95.0,41.0,CGMacros_dateshifted365/CGMacros/CGMacros-007/CGMacros-007.csv,dexcom,136.0,135.0,40.0
S007_2023-11-06T18:54:00,7,2023-11-06 18:54:00,66,F,27.0703267,199.6,72.0,5.9,108,18,Dinner,590.0,46.0,44.0,52.0,7.0,300.0,96.4,32.2,CGMacros_dateshifted365/CGMacros/CGMacros-007/CGMacros-007.csv,dexcom,128.6,124.2,27.8
S007_2023-11-07T08:32:00,7,2023-11-07 08:32:00,66,F,27.0703267,199.6,72.0,5.9,108,8,Breakfast,902.0,73.0,66.0,42.0,7.0,100.0,99.2,72.8,CGMacros_dateshifted365/CGMacros/CGMacros-007/CGMacros-007.csv,dexcom,172.0,129.2,30.0
S007_2023-11-07T12:18:00,7,2023-11-07 12:18:00,66,F,27.0703267,199.6,72.0,5.9,108,12,Lunch,355.0,19.0,32.0,15.0,5.0,100.0,123.8,-0.6,CGMacros_dateshifted365/CGMacros/CGMacros-007/CGMacros-007.csv,dexcom,123.2,98.6,-25.2
S007_2023-11-08T08:47:00,7,2023-11-08 08:47:00,66,F,27.0703267,199.6,72.0,5.9,108,8,Breakfast,268.0,24.0,22.0,10.5,0.0,100.0,100.0,37.0,CGMacros_dateshifted365/CGMacros/CGMacros-007/CGMacros-007.csv,dexcom,137.0,112.2,12.2
S007_2023-11-08T12:12:00,7,2023-11-08 12:12:00,66,F,27.0703267,199.6,72.0,5.9,108,12,Lunch,1110.0,93.0,84.0,44.0,4.0,100.0,99.8,30.2,CGMacros_dateshifted365/CGMacros/CGMacros-007/CGMacros-007.csv,dexcom,130.0,126.6,26.8
S007_2023-11-08T20:29:00,7,2023-11-08 20:29:00,66,F,27.0703267,199.6,72.0,5.9,108,20,Snack,95.0,25.0,1.0,0.0,4.0,100.0,109.8,66.2,CGMacros_dateshifted365/CGMacros/CGMacros-007/CGMacros-007.csv,dexcom,176.0,151.2,41.4
S007_2023-11-09T12:51:00,7,2023-11-09 12:51:00,66,F,27.0703267,199.6,72.0,5.9,108,12,Lunch,575.0,76.0,22.0,18.5,11.0,100.0,83.0,51.0,CGMacros_dateshifted365/CGMacros/CGMacros-007/CGMacros-007.csv,dexcom,134.0,125.4,42.4
S007_2023-11-09T18:30:00,7,2023-11-09 18:30:00,66,F,27.0703267,199.6,72.0,5.9,108,18,Dinner,659.0,40.0,24.0,25.0,17.0,400.0,102.6,29.4,CGMacros_dateshifted365/CGMacros/CGMacros-007/CGMacros-007.csv,dexcom,132.0,120.2,17.6
S007_2023-11-10T12:24:00,7,2023-11-10 12:24:00,66,F,27.0703267,199.6,72.0,5.9,108,12,Lunch,585.0,40.0,76.0,17.0,13.0,100.0,103.6,7.4,CGMacros_dateshifted365/CGMacros/CGMacros-007/CGMacros-007.csv,dexcom,111.0,93.4,-10.2
S008_2023-01-30T12:34:00,8,2023-01-30 12:34:00,54,M,39.94543989,218.4,62.0,5.8,112,12,Lunch,1180.0,81.0,88.0,54.5,18.0,100.0,71.8,44.6,CGMacros_dateshifted365/CGMacros/CGMacros-008/CGMacros-008.csv,libre,116.4,116.4,44.6
S008_2023-01-30T19:26:00,8,2023-01-30 19:26:00,54,M,39.94543989,218.4,62.0,5.8,112,19,Dinner,368.0,39.0,28.0,11.0,8.0,100.0,94.2,28.8,CGMacros_dateshifted365/CGMacros/CGMacros-008/CGMacros-008.csv,dexcom,123.0,85.4,-8.8
S008_2023-01-31T09:17:00,8,2023-01-31 09:17:00,54,M,39.94543989,218.4,62.0,5.8,112,9,Breakfast,448.0,66.0,22.0,10.5,0.0,100.0,119.2,94.8,CGMacros_dateshifted365/CGMacros/CGMacros-008/CGMacros-008.csv,dexcom,214.0,157.8,38.6
S008_2023-01-31T12:50:00,8,2023-01-31 12:50:00,54,M,39.94543989,218.4,62.0,5.8,112,12,Lunch,830.0,92.0,17.0,42.0,10.0,100.0,69.0,99.0,CGMacros_dateshifted365/CGMacros/CGMacros-008/CGMacros-008.csv,dexcom,168.0,165.2,96.2
S008_2023-01-31T20:40:00,8,2023-01-31 20:40:00,54,M,39.94543989,218.4,62.0,5.8,112,20,Dinner,1680.0,168.0,50.0,110.0,0.0,100.0,94.4,77.6,CGMacros_dateshifted365/CGMacros/CGMacros-008/CGMacros-008.csv,dexcom,172.0,151.0,56.6
S008_2023-02-01T07:52:00,8,2023-02-01 07:52:00,54,M,39.94543989,218.4,62.0,5.8,112,7,Breakfast,608.0,66.0,66.0,10.5,0.0,100.0,123.2,54.8,CGMacros_dateshifted365/CGMacros/CGMacros-008/CGMacros-008.csv,dexcom,178.0,140.8,17.6
S008_2023-02-01T12:22:00,8,2023-02-01 12:22:00,54,M,39.94543989,218.4,62.0,5.8,112,12,Lunch,435.0,16.0,66.0,14.0,4.0,100.0,91.2,15.8,CGMacros_dateshifted365/CGMacros/CGMacros-008/CGMacros-008.csv,dexcom,107.0,106.4,15.2
S008_2023-02-01T19:18:00,8,2023-02-01 19:18:00,54,M,39.94543989,218.4,62.0,5.8,112,19,Dinner,551.0,58.0,17.0,27.0,0.0,100.0,103.0,82.0,CGMacros_dateshifted365/CGMacros/CGMacros-008/CGMacros-008.csv,dexcom,185.0,129.0,26.0
S008_2023-02-02T08:01:00,8,2023-02-02 08:01:00,54,M,39.94543989,218.4,62.0,5.8,112,8,Breakfast,712.0,66.0,22.0,42.0,0.0,100.0,116.6,89.4,CGMacros_dateshifted365/CGMacros/CGMacros-008/CGMacros-008.csv,dexcom,206.0,172.2,55.6
S008_2023-02-02T12:17:00,8,2023-02-02 12:17:00,54,M,39.94543989,218.4,62.0,5.8,112,12,Lunch,555.0,94.0,12.0,13.0,5.0,100.0,85.0,192.0,CGMacros_dateshifted365/CGMacros/CGMacros-008/CGMacros-008.csv,dexcom,277.0,239.0,154.0
S008_2023-02-02T18:48:00,8,2023-02-02 18:48:00,54,M,39.94543989,218.4,62.0,5.8,112,18,Dinner,961.0,86.0,74.0,39.0,16.0,100.0,75.0,73.0,CGMacros_dateshifted365/CGMacros/CGMacros-008/CGMacros-008.csv,dexcom,148.0,140.0,65.0
S008_2023-02-03T08:06:00,8,2023-02-03 08:06:00,54,M,39.94543989,218.4,62.0,5.8,112,8,Breakfast,902.0,73.0,66.0,42.0,7.0,100.0,114.4,41.6,CGMacros_dateshifted365/CGMacros/CGMacros-008/CGMacros-008.csv,dexcom,156.0,125.6,11.2
S008_2023-02-03T13:41:00,8,2023-02-03 13:41:00,54,M,39.94543989,218.4,62.0,5.8,112,13,Lunch,355.0,19.0,32.0,15.0,5.0,100.0,83.8,30.4,CGMacros_dateshifted365/CGMacros/CGMacros-008/CGMacros-008.csv,dexcom,114.2,114.2,30.4
S008_2023-02-03T18:29:00,8,2023-02-03 18:29:00,54,M,39.94543989,218.4,62.0,5.8,112,18,Dinner,890.0,89.0,29.0,46.0,7.0,100.0,107.8,68.2,CGMacros_dateshifted365/CGMacros/CGMacros-008/CGMacros-008.csv,dexcom,176.0,173.6,65.8
S008_2023-02-04T09:26:00,8,2023-02-04 09:26:00,54,M,39.94543989,218.4,62.0,5.8,112,9,Breakfast,268.0,24.0,22.0,10.5,0.0,100.0,109.2,57.8,CGMacros_dateshifted365/CGMacros/CGMacros-008/CGMacros-008.csv,dexcom,167.0,85.6,-23.6
S008_2023-02-04T14:38:00,8,2023-02-04 14:38:00,54,M,39.94543989,218.4,62.0,5.8,112,14,Lunch,1110.0,93.0,84.0,44.0,4.0,100.0,88.0,61.0,CGMacros_dateshifted365/CGMacros/CGMacros-008/CGMacros-008.csv,dexcom,149.0,148.0,60.0
S008_2023-02-04T20:30:00,8,2023-02-04 20:30:00,54,M,39.94543989,218.4,62.0,5.8,112,20,Dinner,1098.0,49.0,10.0,11.0,0.0,100.0,117.2,44.8,CGMacros_dateshifted365/CGMacros/CGMacros-008/CGMacros-008.csv,dexcom,162.0,109.6,-7.6
S008_2023-02-05T09:57:00,8,2023-02-05 09:57:00,54,M,39.94543989,218.4,62.0,5.8,112,9,Breakfast,448.0,66.0,22.0,10.5,0.0,100.0,121.4,92.6,CGMacros_dateshifted365/CGMacros/CGMacros-008/CGMacros-008.csv,dexcom,214.0,169.0,47.6
S008_2023-02-05T13:15:00,8,2023-02-05 13:15:00,54,M,39.94543989,218.4,62.0,5.8,112,13,Lunch,575.0,76.0,22.0,18.5,11.0,100.0,71.0,94.0,CGMacros_dateshifted365/CGMacros/CGMacros-008/CGMacros-008.csv,dexcom,165.0,151.8,80.8
S008_2023-02-05T20:23:00,8,2023-02-05 20:23:00,54,M,39.94543989,218.4,62.0,5.8,112,20,Dinner,789.0,64.0,37.0,43.0,4.0,100.0,115.0,70.0,CGMacros_dateshifted365/CGMacros/CGMacros-008/CGMacros-008.csv,dexcom,185.0,129.0,14.0
S008_2023-02-06T08:13:00,8,2023-02-06 08:13:00,54,M,39.94543989,218.4,62.0,5.8,112,8,Breakfast,608.0,66.0,66.0,10.5,0.0,100.0,116.0,90.0,CGMacros_dateshifted365/CGMacros/CGMacros-008/CGMacros-008.csv,dexcom,206.0,108.0,-8.0
S008_2023-02-06T12:24:00,8,2023-02-06 12:24:00,54,M,39.94543989,218.4,62.0,5.8,112,12,Lunch,585.0,40.0,76.0,17.0,13.0,100.0,82.8,38.2,CGMacros_dateshifted365/CGMacros/CGMacros-008/CGMacros-008.csv,dexcom,121.0,118.6,35.8
S008_2023-02-06T18:46:00,8,2023-02-06 18:46:00,54,M,39.94543989,218.4,62.0,5.8,112,18,Dinner,2015.0,42.0,12.0,86.0,0.0,100.0,82.4,31.6,CGMacros_dateshifted365/CGMacros/CGMacros-008/CGMacros-008.csv,libre,114.0,104.6,22.2
S008_2023-02-07T08:07:00,8,2023-02-07 08:07:00,54,M,39.94543989,218.4,62.0,5.8,112,8,Breakfast,712.0,66.0,22.0,42.0,0.0,100.0,127.4,77.6,CGMacros_dateshifted365/CGMacros/CGMacros-008/CGMacros-008.csv,dexcom,205.0,136.6,9.2
S008_2023-02-07T12:30:00,8,2023-02-07 12:30:00,54,M,39.94543989,218.4,62.0,5.8,112,12,Lunch,445.0,43.0,20.0,20.0,13.0,100.0,79.0,69.0,CGMacros_dateshifted365/CGMacros/CGMacros-008/CGMacros-008.csv,dexcom,148.0,144.0,65.0
S008_2023-02-07T17:53:00,8,2023-02-07 17:53:00,54,M,39.94543989,218.4,62.0,5.8,112,17,Dinner,1734.0,78.0,148.0,91.0,15.0,100.0,116.0,26.0,CGMacros_dateshifted365/CGMacros/CGMacros-008/CGMacros-008.csv,dexcom,142.0,115.0,-1.0
S008_2023-02-08T08:01:00,8,2023-02-08 08:01:00,54,M,39.94543989,218.4,62.0,5.8,112,8,Breakfast,268.0,24.0,22.0,10.5,0.0,100.0,118.0,81.0,CGMacros_dateshifted365/CGMacros/CGMacros-008/CGMacros-008.csv,dexcom,199.0,92.8,-25.2
S008_2023-02-08T12:14:00,8,2023-02-08 12:14:00,54,M,39.94543989,218.4,62.0,5.8,112,12,Lunch,725.0,94.0,44.0,20.0,4.0,100.0,96.8,115.2,CGMacros_dateshifted365/CGMacros/CGMacros-008/CGMacros-008.csv,dexcom,212.0,166.2,69.4
S008_2023-02-08T18:12:00,8,2023-02-08 18:12:00,54,M,39.94543989,218.4,62.0,5.8,112,18,Dinner,915.0,117.0,33.0,36.0,6.0,100.0,84.0,80.0,CGMacros_dateshifted365/CGMacros/CGMacros-008/CGMacros-008.csv,dexcom,164.0,155.6,71.6
S008_2023-02-09T08:12:00,8,2023-02-09 08:12:00,54,M,39.94543989,218.4,62.0,5.8,112,8,Breakfast,902.0,73.0,22.0,42.0,7.0,100.0,98.6667,41.0,CGMacros_dateshifted365/CGMacros/CGMacros-008/CGMacros-008.csv,libre,139.6667,139.6667,41.0
S009_2020-09-15T12:13:00,9,2020-09-15 12:13:00,34,F,37.00150587,183.2,59.0,5.7,122,12,Lunch,1180.0,81.0,88.0,54.5,18.0,100.0,78.8,-0.8,CGMacros_dateshifted365/CGMacros/CGMacros-009/CGMacros-009.csv,dexcom,78.0,40.0,-38.8
S009_2020-09-15T19:16:00,9,2020-09-15 19:16:00,34,F,37.00150587,183.2,59.0,5.7,122,19,Dinner,495.0,39.0,48.0,17.0,6.0,100.0,77.6,89.8,CGMacros_dateshifted365/CGMacros/CGMacros-009/CGMacros-009.csv,dexcom,167.4,167.4,89.8
S009_2020-09-16T09:10:00,9,2020-09-16 09:10:00,34,F,37.00150587,183.2,59.0,5.7,122,9,Breakfast,448.0,66.0,22.0,10.5,0.0,100.0,108.6,62.2,CGMacros_dateshifted365/CGMacros/CGMacros-009/CGMacros-009.csv,dexcom,170.8,170.8,62.2
S009_2020-09-16T12:53:00,9,2020-09-16 12:53:00,34,F,37.00150587,183.2,59.0,5.7,122,12,Lunch,830.0,92.0,17.0,42.0,10.0,100.0,171.8,1.0,CGMacros_dateshifted365/CGMacros/CGMacros-009/CGMacros-009.csv,dexcom,172.8,172.8,1.0
S009_2020-09-16T17:49:00,9,2020-09-16 17:49:00,34,F,37.00150587,183.2,59.0,5.7,122,17,Snack,378.0,46.0,12.0,18.0,3.0,100.0,133.0,11.0,CGMacros_dateshifted365/CGMacros/CGMacros-009/CGMacros-009.csv,dexcom,144.0,138.0,5.0
S009_2020-09-16T20:54:00,9,2020-09-16 20:54:00,34,F,37.00150587,183.2,59.0,5.7,122,20,Snack,190.0,31.0,3.0,7.0,1.0,100.0,140.0,47.0,CGMacros_dateshifted365/CGMacros/CGMacros-009/CGMacros-009.csv,dexcom,187.0,187.0,47.0
S009_2020-09-17T07:54:00,9,2020-09-17 07:54:00,34,F,37.00150587,183.2,59.0,5.7,122,7,Breakfast,608.0,66.0,66.0,10.5,0.0,100.0,116.0,13.0,CGMacros_dateshifted365/CGMacros/CGMacros-009/CGMacros-009.csv,dexcom,129.0,123.0,7.0
S009_2020-09-17T11:09:00,9,2020-09-17 11:09:00,34,F,37.00150587,183.2,59.0,5.7,122,11,Lunch,435.0,16.0,66.0,14.0,4.0,100.0,146.0,-0.2,CGMacros_dateshifted365/CGMacros/CGMacros-009/CGMacros-009.csv,dexcom,145.8,100.0,-46.0
S009_2020-09-17T14:54:00,9,2020-09-17 14:54:00,34,F,37.00150587,183.2,59.0,5.7,122,14,Snack,99.0,25.0,1.0,1.0,3.0,100.0,102.0,53.0,CGMacros_dateshifted365/CGMacros/CGMacros-009/CGMacros-009.csv,dexcom,155.0,146.0,44.0
S009_2020-09-17T22:31:00,9,2020-09-17 22:31:00,34,F,37.00150587,183.2,59.0,5.7,122,22,Snack,138.0,26.0,2.0,3.0,1.0,100.0,161.0,6.8,CGMacros_dateshifted365/CGMacros/CGMacros-009/CGMacros-009.csv,dexcom,167.8,167.8,6.8
S009_2020-09-18T09:28:00,9,2020-09-18 09:28:00,34,F,37.00150587,183.2,59.0,5.7,122,9,Breakfast,712.0,66.0,22.0,42.0,0.0,100.0,96.4,14.6,CGMacros_dateshifted365/CGMacros/CGMacros-009/CGMacros-009.csv,dexcom,111.0,108.0,11.6
S009_2020-09-18T12:57:00,9,2020-09-18 12:57:00,34,F,37.00150587,183.2,59.0,5.7,122,12,Lunch,555.0,94.0,12.0,13.0,5.0,100.0,129.6,-0.8,CGMacros_dateshifted365/CGMacros/CGMacros-009/CGMacros-009.csv,dexcom,128.8,109.0,-20.6
S009_2020-09-18T16:35:00,9,2020-09-18 16:35:00,34,F,37.00150587,183.2,59.0,5.7,122,16,Snack,105.0,27.0,1.0,0.0,3.0,100.0,114.0,11.0,CGMacros_dateshifted365/CGMacros/CGMacros-009/CGMacros-009.csv,dexcom,125.0,125.0,11.0
S009_2020-09-18T17:27:00,9,2020-09-18 17:27:00,34,F,37.00150587,183.2,59.0,5.7,122,17,Dinner,490.0,38.0,29.0,25.0,6.0,100.0,105.0,37.0,CGMacros_dateshifted365/CGMacros/CGMacros-009/CGMacros-009.csv,dexcom,142.0,136.4,31.4
S009_2020-09-18T21:17:00,9,2020-09-18 21:17:00,34,F,37.00150587,183.2,59.0,5.7,122,21,Snack,273.0,38.0,9.0,11.0,0.0,100.0,130.6,14.2,CGMacros_dateshifted365/CGMacros/CGMacros-009/CGMacros-009.csv,dexcom,144.8,144.8,14.2
S009_2020-09-19T07:38:00,9,2020-09-19 07:38:00,34,F,37.00150587,183.2,59.0,5.7,122,7,Breakfast,902.0,73.0,66.0,42.0,7.0,100.0,115.4,11.0,CGMacros_dateshifted365/CGMacros/CGMacros-009/CGMacros-009.csv,dexcom,126.4,126.4,11.0
S009_2020-09-19T13:05:00,9,2020-09-19 13:05:00,34,F,37.00150587,183.2,59.0,5.7,122,13,Lunch,355.0,19.0,32.0,15.0,5.0,100.0,109.0,22.2,CGMacros_dateshifted365/CGMacros/CGMacros-009/CGMacros-009.csv,dexcom,131.2,131.2,22.2
S009_2020-09-19T17:47:00,9,2020-09-19 17:47:00,34,F,37.00150587,183.2,59.0,5.7,122,17,Snack,99.0,25.0,1.0,1.0,3.0,100.0,110.0,4.2,CGMacros_dateshifted365/CGMacros/CGMacros-009/CGMacros-009.csv,dexcom,114.2,114.2,4.2
S009_2020-09-19T18:29:00,9,2020-09-19 18:29:00,34,F,37.00150587,183.2,59.0,5.7,122,18,Dinner,186.0,12.0,11.0,10.0,2.0,100.0,110.0,15.0,CGMacros_dateshifted365/CGMacros/CGMacros-009/CGMacros-009.csv,dexcom,125.0,118.0,8.0
S009_2020-09-19T22:13:00,9,2020-09-19 22:13:00,34,F,37.00150587,183.2,59.0,5.7,122,22,Snack,138.0,26.0,2.0,3.0,1.0,100.0,136.2,7.8,CGMacros_dateshifted365/CGMacros/CGMacros-009/CGMacros-009.csv,dexcom,144.0,126.0,-10.2
S009_2020-09-20T08:24:00,9,2020-09-20 08:24:00,34,F,37.00150587,183.2,59.0,5.7,122,8,Breakfast,268.0,24.0,22.0,10.5,0.0,100.0,132.0,14.0,CGMacros_dateshifted365/CGMacros/CGMacros-009/CGMacros-009.csv,dexcom,146.0,131.0,-1.0
S009_2020-09-20T12:38:00,9,2020-09-20 12:38:00,34,F,37.00150587,183.2,59.0,5.7,122,12,Lunch,1110.0,93.0,84.0,44.0,4.0,100.0,91.0,35.0,CGMacros_dateshifted365/CGMacros/CGMacros-009/CGMacros-009.csv,dexcom,126.0,124.4,33.4
S009_2020-09-20T16:52:00,9,2020-09-20 16:52:00,34,F,37.00150587,183.2,59.0,5.7,122,16,Snack,99.0,25.0,1.0,1.0,3.0,100.0,109.0,30.0,CGMacros_dateshifted365/CGMacros/CGMacros-009/CGMacros-009.csv,dexcom,139.0,129.8,20.8
S009_2020-09-20T18:13:00,9,2020-09-20 18:13:00,34,F,37.00150587,183.2,59.0,5.7,122,18,Dinner,256.0,14.0,14.0,15.0,3.0,100.0,123.4,21.6,CGMacros_dateshifted365/CGMacros/CGMacros-009/CGMacros-009.csv,dexcom,145.0,133.8,10.4
S009_2020-09-20T21:27:00,9,2020-09-20 21:27:00,34,F,37.00150587,183.2,59.0,5.7,122,21,Snack,138.0,26.0,2.0,3.0,1.0,100.0,134.0,14.8,CGMacros_dateshifted365/CGMacros/CGMacros-009/CGMacros-009.csv,dexcom,148.8,148.8,14.8
S009_2020-09-21T08:39:00,9,2020-09-21 08:39:00,34,F,37.00150587,183.2,59.0,5.7,122,8,Breakfast,448.0,66.0,22.0,10.5,0.0,100.0,139.0,45.0,CGMacros_dateshifted365/CGMacros/CGMacros-009/CGMacros-009.csv,dexcom,184.0,184.0,45.0
S009_2020-09-21T12:13:00,9,2020-09-21 12:13:00,34,F,37.00150587,183.2,59.0,5.7,122,12,Lunch,575.0,76.0,22.0,18.5,11.0,100.0,101.8,45.2,CGMacros_dateshifted365/CGMacros/CGMacros-009/CGMacros-009.csv,dexcom,147.0,147.0,45.2
S009_2020-09-21T15:18:00,9,2020-09-21 15:18:00,34,F,37.00150587,183.2,59.0,5.7,122,15,Snack,91.0,5.0,1.0,0.0,2.0,25.0,143.2,-0.2,CGMacros_dateshifted365/CGMacros/CGMacros-009/CGMacros-009.csv,dexcom,143.0,136.0,-7.2
S009_2020-09-21T16:17:00,9,2020-09-21 16:17:00,34,F,37.00150587,183.2,59.0,5.7,122,16,Dinner,775.0,77.0,38.0,40.0,5.0,100.0,137.6,36.4,CGMacros_dateshifted365/CGMacros/CGMacros-009/CGMacros-009.csv,dexcom,174.0,140.2,2.6
S009_2020-09-22T07:37:00,9,2020-09-22 07:37:00,34,F,37.00150587,183.2,59.0,5.7,122,7,Breakfast,608.0,66.0,66.0,10.5,0.0,100.0,127.0,40.0,CGMacros_dateshifted365/CGMacros/CGMacros-009/CGMacros-009.csv,dexcom,167.0,149.2,22.2
S009_2020-09-22T12:24:00,9,2020-09-22 12:24:00,34,F,37.00150587,183.2,59.0,5.7,122,12,Lunch,585.0,40.0,76.0,17.0,13.0,100.0,99.0,18.0,CGMacros_dateshifted365/CGMacros/CGMacros-009/CGMacros-009.csv,dexcom,117.0,117.0,18.0
S009_2020-09-22T18:57:00,9,2020-09-22 18:57:00,34,F,37.00150587,183.2,59.0,5.7,122,18,Dinner,210.0,0.0,50.0,25.0,0.0,100.0,120.4,26.6,CGMacros_dateshifted365/CGMacros/CGMacros-009/CGMacros-009.csv,dexcom,147.0,136.6,16.2
S009_2020-09-22T21:55:00,9,2020-09-22 21:55:00,34,F,37.00150587,183.2,59.0,5.7,122,21,Snack,138.0,26.0,2.0,3.0,1.0,100.0,129.0,2.0,CGMacros_dateshifted365/CGMacros/CGMacros-009/CGMacros-009.csv,dexcom,131.0,126.8,-2.2
S009_2020-09-23T07:29:00,9,2020-09-23 07:29:00,34,F,37.00150587,183.2,59.0,5.7,122,7,Breakfast,712.0,66.0,22.0,42.0,0.0,100.0,127.0,44.0,CGMacros_dateshifted365/CGMacros/CGMacros-009/CGMacros-009.csv,dexcom,171.0,161.0,34.0
S009_2020-09-23T12:23:00,9,2020-09-23 12:23:00,34,F,37.00150587,183.2,59.0,5.7,122,12,Lunch,445.0,43.0,20.0,20.0,13.0,100.0,106.8,38.2,CGMacros_dateshifted365/CGMacros/CGMacros-009/CGMacros-009.csv,dexcom,145.0,141.4,34.6
S009_2020-09-23T17:59:00,9,2020-09-23 17:59:00,34,F,37.00150587,183.2,59.0,5.7,122,17,Dinner,1081.0,124.0,47.0,36.0,7.0,100.0,144.0,69.0,CGMacros_dateshifted365/CGMacros/CGMacros-009/CGMacros-009.csv,dexcom,213.0,201.0,57.0
S009_2020-09-23T20:22:00,9,2020-09-23 20:22:00,34,F,37.00150587,183.2,59.0,5.7,122,20,Snack,5.0,0.0,0.0,0.0,0.0,100.0,161.4,35.6,CGMacros_dateshifted365/CGMacros/CGMacros-009/CGMacros-009.csv,dexcom,197.0,130.0,-31.4
S009_2020-09-24T07:51:00,9,2020-09-24 07:51:00,34,F,37.00150587,183.2,59.0,5.7,122,7,Breakfast,268.0,24.0,22.0,10.5,0.0,100.0,137.4,43.6,CGMacros_dateshifted365/CGMacros/CGMacros-009/CGMacros-009.csv,dexcom,181.0,130.0,-7.4
S009_2020-09-24T12:29:00,9,2020-09-24 12:29:00,34,F,37.00150587,183.2,59.0,5.7,122,12,Lunch,725.0,94.0,44.0,20.0,4.0,100.0,98.0,52.0,CGMacros_dateshifted365/CGMacros/CGMacros-009/CGMacros-009.csv,dexcom,150.0,150.0,52.0
S009_2020-09-24T19:29:00,9,2020-09-24 19:29:00,34,F,37.00150587,183.2,59.0,5.7,122,19,Dinner,1254.0,133.0,32.0,67.0,8.0,100.0,99.0,90.0,CGMacros_dateshifted365/CGMacros/CGMacros-009/CGMacros-009.csv,dexcom,189.0,171.0,72.0
S010_2020-06-21T11:47:00,10,2020-06-21 11:47:00,54,F,35.81189162,195.8,62.0,5.7,100,11,Lunch,1180.0,81.0,88.0,54.5,18.0,100.0,86.8,63.2,CGMacros_dateshifted365/CGMacros/CGMacros-010/CGMacros-010.csv,dexcom,150.0,132.0,45.2
S010_2020-06-21T18:43:00,10,2020-06-21 18:43:00,54,F,35.81189162,195.8,62.0,5.7,100,18,Dinner,480.0,78.0,17.0,5.0,6.0,100.0,113.0,40.0,CGMacros_dateshifted365/CGMacros/CGMacros-010/CGMacros-010.csv,dexcom,153.0,146.0,33.0
S010_2020-06-22T06:40:00,10,2020-06-22 06:40:00,54,F,35.81189162,195.8,62.0,5.7,100,6,Breakfast,448.0,66.0,22.0,10.5,0.0,100.0,133.2,72.8,CGMacros_dateshifted365/CGMacros/CGMacros-010/CGMacros-010.csv,dexcom,206.0,172.0,38.8
S010_2020-06-22T11:00:00,10,2020-06-22 11:00:00,54,F,35.81189162,195.8,62.0,5.7,100,11,Lunch,830.0,92.0,17.0,42.0,10.0,100.0,81.8,96.2,CGMacros_dateshifted365/CGMacros/CGMacros-010/CGMacros-010.csv,dexcom,178.0,178.0,96.2
S010_2020-06-22T17:36:00,10,2020-06-22 17:36:00,54,F,35.81189162,195.8,62.0,5.7,100,17,Dinner,401.0,32.0,24.0,7.0,2.0,100.0,170.0,-0.4,CGMacros_dateshifted365/CGMacros/CGMacros-010/CGMacros-010.csv,dexcom,169.6,125.0,-45.0
S010_2020-06-23T06:41:00,10,2020-06-23 06:41:00,54,F,35.81189162,195.8,62.0,5.7,100,6,Breakfast,608.0,66.0,66.0,10.5,0.0,100.0,129.0,82.0,CGMacros_dateshifted365/CGMacros/CGMacros-010/CGMacros-010.csv,dexcom,211.0,126.0,-3.0
S010_2020-06-23T11:33:00,10,2020-06-23 11:33:00,54,F,35.81189162,195.8,62.0,5.7,100,11,Lunch,435.0,16.0,66.0,14.0,4.0,100.0,163.8,79.2,CGMacros_dateshifted365/CGMacros/CGMacros-010/CGMacros-010.csv,dexcom,243.0,110.6,-53.2
S010_2020-06-23T12:01:00,10,2020-06-23 12:01:00,54,F,35.81189162,195.8,62.0,5.7,100,12,Snack,0.0,0.0,0.0,0.0,0.0,100.0,154.0,89.0,CGMacros_dateshifted365/CGMacros/CGMacros-010/CGMacros-010.csv,dexcom,243.0,155.0,1.0
S010_2020-06-23T16:00:00,10,2020-06-23 16:00:00,54,F,35.81189162,195.8,62.0,5.7,100,16,Snack,80.0,22.0,0.0,0.0,5.0,100.0,121.8,48.2,CGMacros_dateshifted365/CGMacros/CGMacros-010/CGMacros-010.csv,dexcom,170.0,111.6,-10.2
S010_2020-06-23T18:15:00,10,2020-06-23 18:15:00,54,F,35.81189162,195.8,62.0,5.7,100,18,Dinner,281.0,0.0,26.0,9.0,4.0,100.0,103.4,40.8,CGMacros_dateshifted365/CGMacros/CGMacros-010/CGMacros-010.csv,dexcom,144.2,144.2,40.8
S010_2020-06-24T06:48:00,10,2020-06-24 06:48:00,54,F,35.81189162,195.8,62.0,5.7,100,6,Breakfast,712.0,66.0,22.0,42.0,0.0,100.0,123.6,24.4,CGMacros_dateshifted365/CGMacros/CGMacros-010/CGMacros-010.csv,dexcom,148.0,118.2,-5.4
S010_2020-06-24T11:21:00,10,2020-06-24 11:21:00,54,F,35.81189162,195.8,62.0,5.7,100,11,Lunch,555.0,94.0,12.0,13.0,5.0,75.0,107.0,105.0,CGMacros_dateshifted365/CGMacros/CGMacros-010/CGMacros-010.csv,dexcom,212.0,204.0,97.0
S010_2020-06-24T15:57:00,10,2020-06-24 15:57:00,54,F,35.81189162,195.8,62.0,5.7,100,15,Snack,100.0,24.0,1.0,0.0,1.0,100.0,117.4,40.8,CGMacros_dateshifted365/CGMacros/CGMacros-010/CGMacros-010.csv,dexcom,158.2,158.2,40.8
S010_2020-06-24T16:30:00,10,2020-06-24 16:30:00,54,F,35.81189162,195.8,62.0,5.7,100,16,Snack,261.0,27.0,6.0,14.0,3.0,100.0,124.4,61.6,CGMacros_dateshifted365/CGMacros/CGMacros-010/CGMacros-010.csv,dexcom,186.0,174.0,49.6
S010_2020-06-24T19:42:00,10,2020-06-24 19:42:00,54,F,35.81189162,195.8,62.0,5.7,100,19,Dinner,160.0,24.0,6.0,5.0,0.0,100.0,126.2,12.8,CGMacros_dateshifted365/CGMacros/CGMacros-010/CGMacros-010.csv,dexcom,139.0,122.6,-3.6
S010_2020-06-25T04:57:00,10,2020-06-25 04:57:00,54,F,35.81189162,195.8,62.0,5.7,100,4,Breakfast,902.0,73.0,66.0,42.0,7.0,100.0,109.8,29.2,CGMacros_dateshifted365/CGMacros/CGMacros-010/CGMacros-010.csv,dexcom,139.0,124.6,14.8
S010_2020-06-25T08:21:00,10,2020-06-25 08:21:00,54,F,35.81189162,195.8,62.0,5.7,100,8,Snack,0.0,4.0,0.0,0.0,0.0,100.0,116.0,18.0,CGMacros_dateshifted365/CGMacros/CGMacros-010/CGMacros-010.csv,dexcom,134.0,95.0,-21.0
S010_2020-06-25T11:53:00,10,2020-06-25 11:53:00,54,F,35.81189162,195.8,62.0,5.7,100,11,Lunch,355.0,19.0,32.0,15.0,5.0,100.0,97.8,26.2,CGMacros_dateshifted365/CGMacros/CGMacros-010/CGMacros-010.csv,dexcom,124.0,111.4,13.6
S010_2020-06-25T15:59:00,10,2020-06-25 15:59:00,54,F,35.81189162,195.8,62.0,5.7,100,15,Snack,110.0,27.0,0.0,0.0,0.0,100.0,113.0,49.0,CGMacros_dateshifted365/CGMacros/CGMacros-010/CGMacros-010.csv,dexcom,162.0,162.0,49.0
S010_2020-06-25T17:41:00,10,2020-06-25 17:41:00,54,F,35.81189162,195.8,62.0,5.7,100,17,Snack,200.0,39.0,5.0,2.0,4.0,100.0,144.0,20.0,CGMacros_dateshifted365/CGMacros/CGMacros-010/CGMacros-010.csv,dexcom,164.0,135.0,-9.0
S010_2020-06-25T18:07:00,10,2020-06-25 18:07:00,54,F,35.81189162,195.8,62.0,5.7,100,18,Snack,100.0,24.0,1.0,0.0,1.0,100.0,158.4,-2.6,CGMacros_dateshifted365/CGMacros/CGMacros-010/CGMacros-010.csv,dexcom,155.8,126.0,-32.4
S010_2020-06-25T20:23:00,10,2020-06-25 20:23:00,54,F,35.81189162,195.8,62.0,5.7,100,20,Dinner,160.0,28.0,2.0,1.0,0.0,100.0,118.0,40.0,CGMacros_dateshifted365/CGMacros/CGMacros-010/CGMacros-010.csv,dexcom,158.0,121.4,3.4
S010_2020-06-26T05:03:00,10,2020-06-26 05:03:00,54,F,35.81189162,195.8,62.0,5.7,100,5,Breakfast,268.0,24.0,22.0,10.5,0.0,100.0,108.4,14.6,CGMacros_dateshifted365/CGMacros/CGMacros-010/CGMacros-010.csv,dexcom,123.0,99.6,-8.8
S010_2020-06-26T11:46:00,10,2020-06-26 11:46:00,54,F,35.81189162,195.8,62.0,5.7,100,11,Lunch,1110.0,93.0,84.0,44.0,4.0,100.0,103.0,29.0,CGMacros_dateshifted365/CGMacros/CGMacros-010/CGMacros-010.csv,dexcom,132.0,122.0,19.0
S010_2020-06-26T15:30:00,10,2020-06-26 15:30:00,54,F,35.81189162,195.8,62.0,5.7,100,15,Snack,110.0,20.0,1.0,3.0,1.0,100.0,124.6,13.4,CGMacros_dateshifted365/CGMacros/CGMacros-010/CGMacros-010.csv,dexcom,138.0,122.6,-2.0
S010_2020-06-26T18:26:00,10,2020-06-26 18:26:00,54,F,35.81189162,195.8,62.0,5.7,100,18,Snack,291.0,29.0,10.0,13.0,6.0,100.0,127.0,24.0,CGMacros_dateshifted365/CGMacros/CGMacros-010/CGMacros-010.csv,dexcom,151.0,104.0,-23.0
S010_2020-06-27T05:25:00,10,2020-06-27 05:25:00,54,F,35.81189162,195.8,62.0,5.7,100,5,Breakfast,448.0,66.0,22.0,10.5,0.0,100.0,107.6,74.4,CGMacros_dateshifted365/CGMacros/CGMacros-010/CGMacros-010.csv,dexcom,182.0,136.8,29.2
S010_2020-06-27T08:45:00,10,2020-06-27 08:45:00,54,F,35.81189162,195.8,62.0,5.7,100,8,Snack,2.0,0.0,0.0,0.0,0.0,100.0,99.0,8.0,CGMacros_dateshifted365/CGMacros/CGMacros-010/CGMacros-010.csv,dexcom,107.0,104.4,5.4
S010_2020-06-27T11:20:00,10,2020-06-27 11:20:00,54,F,35.81189162,195.8,62.0,5.7,100,11,Lunch,575.0,76.0,22.0,18.5,11.0,100.0,107.0,51.0,CGMacros_dateshifted365/CGMacros/CGMacros-010/CGMacros-010.csv,dexcom,158.0,141.6,34.6
S010_2020-06-27T15:55:00,10,2020-06-27 15:55:00,54,F,35.81189162,195.8,62.0,5.7,100,15,Snack,140.0,35.0,7.0,0.0,2.0,100.0,89.6,86.4,CGMacros_dateshifted365/CGMacros/CGMacros-010/CGMacros-010.csv,dexcom,176.0,143.2,53.6
S010_2020-06-27T16:46:00,10,2020-06-27 16:46:00,54,F,35.81189162,195.8,62.0,5.7,100,16,Dinner,770.0,69.0,65.0,26.0,12.0,100.0,152.0,24.0,CGMacros_dateshifted365/CGMacros/CGMacros-010/CGMacros-010.csv,dexcom,176.0,125.0,-27.0
S010_2020-06-28T05:16:00,10,2020-06-28 05:16:00,54,F,35.81189162,195.8,62.0,5.7,100,5,Breakfast,608.0,66.0,66.0,10.5,0.0,100.0,123.0,41.0,CGMacros_dateshifted365/CGMacros/CGMacros-010/CGMacros-010.csv,dexcom,164.0,141.0,18.0
S010_2020-06-28T11:46:00,10,2020-06-28 11:46:00,54,F,35.81189162,195.8,62.0,5.7,100,11,Lunch,585.0,40.0,76.0,17.0,13.0,100.0,104.0,44.0,CGMacros_dateshifted365/CGMacros/CGMacros-010/CGMacros-010.csv,dexcom,148.0,129.0,25.0
S010_2020-06-28T15:01:00,10,2020-06-28 15:01:00,54,F,35.81189162,195.8,62.0,5.7,100,15,Snack,285.0,34.0,10.0,7.0,0.0,100.0,86.0,30.0,CGMacros_dateshifted365/CGMacros/CGMacros-010/CGMacros-010.csv,dexcom,116.0,93.0,7.0
S010_2020-06-28T15:18:00,10,2020-06-28 15:18:00,54,F,35.81189162,195.8,62.0,5.7,100,15,Snack,195.0,26.0,8.0,0.0,0.0,100.0,84.8,31.2,CGMacros_dateshifted365/CGMacros/CGMacros-010/CGMacros-010.csv,dexcom,116.0,107.0,22.2
S010_2020-06-29T06:06:00,10,2020-06-29 06:06:00,54,F,35.81189162,195.8,62.0,5.7,100,6,Breakfast,712.0,66.0,22.0,42.0,0.0,100.0,107.0,81.0,CGMacros_dateshifted365/CGMacros/CGMacros-010/CGMacros-010.csv,dexcom,188.0,187.0,80.0
S010_2020-06-29T11:10:00,10,2020-06-29 11:10:00,54,F,35.81189162,195.8,62.0,5.7,100,11,Lunch,445.0,43.0,20.0,20.0,13.0,100.0,98.4,55.6,CGMacros_dateshifted365/CGMacros/CGMacros-010/CGMacros-010.csv,dexcom,154.0,145.4,47.0
S010_2020-06-29T17:19:00,10,2020-06-29 17:19:00,54,F,35.81189162,195.8,62.0,5.7,100,17,Snack,558.0,82.0,10.0,23.0,11.0,100.0,190.2,24.8,CGMacros_dateshifted365/CGMacros/CGMacros-010/CGMacros-010.csv,dexcom,215.0,128.2,-62.0
S010_2020-06-29T17:35:00,10,2020-06-29 17:35:00,54,F,35.81189162,195.8,62.0,5.7,100,17,Snack,365.0,34.0,7.0,23.0,11.0,50.0,214.4,0.6,CGMacros_dateshifted365/CGMacros/CGMacros-010/CGMacros-010.csv,dexcom,215.0,125.4,-89.0
S010_2020-06-29T20:07:00,10,2020-06-29 20:07:00,54,F,35.81189162,195.8,62.0,5.7,100,20,Dinner,160.0,28.0,2.0,1.0,0.0,100.0,108.6,40.4,CGMacros_dateshifted365/CGMacros/CGMacros-010/CGMacros-010.csv,dexcom,149.0,131.6,23.0
S010_2020-06-30T07:27:00,10,2020-06-30 07:27:00,54,F,35.81189162,195.8,62.0,5.7,100,7,Breakfast,268.0,24.0,22.0,10.5,0.0,100.0,132.6,34.4,CGMacros_dateshifted365/CGMacros/CGMacros-010/CGMacros-010.csv,dexcom,167.0,98.0,-34.6
S010_2020-06-30T13:19:00,10,2020-06-30 13:19:00,54,F,35.81189162,195.8,62.0,5.7,100,13,Lunch,725.0,94.0,44.0,20.0,4.0,100.0,154.8,8.2,CGMacros_dateshifted365/CGMacros/CGMacros-010/CGMacros-010.csv,dexcom,163.0,154.4,-0.4
S010_2020-06-30T16:27:00,10,2020-06-30 16:27:00,54,F,35.81189162,195.8,62.0,5.7,100,16,Snack,150.0,2.0,4.0,14.0,3.0,100.0,108.2,41.8,CGMacros_dateshifted365/CGMacros/CGMacros-010/CGMacros-010.csv,dexcom,150.0,150.0,41.8
S010_2020-06-30T17:40:00,10,2020-06-30 17:40:00,54,F,35.81189162,195.8,62.0,5.7,100,17,Snack,228.0,24.0,21.0,8.0,3.0,100.0,126.0,24.0,CGMacros_dateshifted365/CGMacros/CGMacros-010/CGMacros-010.csv,dexcom,150.0,94.2,-31.8
S010_2020-07-01T05:40:00,10,2020-07-01 05:40:00,54,F,35.81189162,195.8,62.0,5.7,100,5,Breakfast,902.0,73.0,22.0,42.0,7.0,100.0,110.6,39.4,CGMacros_dateshifted365/CGMacros/CGMacros-010/CGMacros-010.csv,dexcom,150.0,127.8,17.2
S011_2020-10-03T12:17:00,11,2020-10-03 12:17:00,34,M,29.16271975,186.2,67.0,5.7,109,12,Lunch,1180.0,81.0,88.0,54.5,18.0,100.0,122.4,36.6,CGMacros_dateshifted365/CGMacros/CGMacros-011/CGMacros-011.csv,dexcom,159.0,119.6,-2.8
S011_2020-10-03T15:15:00,11,2020-10-03 15:15:00,34,M,29.16271975,186.2,67.0,5.7,109,15,Snack,150.0,3.0,30.0,3.0,0.0,100.0,86.0,25.0,CGMacros_dateshifted365/CGMacros/CGMacros-011/CGMacros-011.csv,dexcom,111.0,105.8,19.8
S011_2020-10-03T19:00:00,11,2020-10-03 19:00:00,34,M,29.16271975,186.2,67.0,5.7,109,19,Dinner,441.0,0.0,0.0,0.0,0.0,100.0,102.6,59.4,CGMacros_dateshifted365/CGMacros/CGMacros-011/CGMacros-011.csv,dexcom,162.0,141.8,39.2
S011_2020-10-04T07:25:00,11,2020-10-04 07:25:00,34,M,29.16271975,186.2,67.0,5.7,109,7,Breakfast,448.0,66.0,22.0,10.5,0.0,100.0,109.8,100.2,CGMacros_dateshifted365/CGMacros/CGMacros-011/CGMacros-011.csv,dexcom,210.0,148.2,38.4
S011_2020-10-04T12:00:00,11,2020-10-04 12:00:00,34,M,29.16271975,186.2,67.0,5.7,109,12,Lunch,830.0,92.0,17.0,42.0,10.0,100.0,102.4,77.6,CGMacros_dateshifted365/CGMacros/CGMacros-011/CGMacros-011.csv,dexcom,180.0,143.0,40.6
S011_2020-10-04T15:00:00,11,2020-10-04 15:00:00,34,M,29.16271975,186.2,67.0,5.7,109,15,Snack,430.0,36.0,36.0,15.0,10.0,100.0,116.2,38.8,CGMacros_dateshifted365/CGMacros/CGMacros-011/CGMacros-011.csv,dexcom,155.0,144.4,28.2
S011_2020-10-04T19:00:00,11,2020-10-04 19:00:00,34,M,29.16271975,186.2,67.0,5.7,109,19,Dinner,682.0,51.0,45.0,35.0,10.0,100.0,115.0,37.0,CGMacros_dateshifted365/CGMacros/CGMacros-011/CGMacros-011.csv,dexcom,152.0,150.4,35.4
S011_2020-10-05T07:30:00,11,2020-10-05 07:30:00,34,M,29.16271975,186.2,67.0,5.7,109,7,Breakfast,608.0,66.0,66.0,10.5,0.0,100.0,104.0,68.0,CGMacros_dateshifted365/CGMacros/CGMacros-011/CGMacros-011.csv,dexcom,172.0,123.4,19.4
S011_2020-10-05T11:58:00,11,2020-10-05 11:58:00,34,M,29.16271975,186.2,67.0,5.7,109,11,Lunch,435.0,16.0,66.0,14.0,4.0,100.0,104.8,15.2,CGMacros_dateshifted365/CGMacros/CGMacros-011/CGMacros-011.csv,dexcom,120.0,109.8,5.0
S011_2020-10-05T18:53:00,11,2020-10-05 18:53:00,34,M,29.16271975,186.2,67.0,5.7,109,18,Dinner,1080.0,148.0,30.0,44.0,8.0,100.0,114.8,100.2,CGMacros_dateshifted365/CGMacros/CGMacros-011/CGMacros-011.csv,dexcom,215.0,163.2,48.4
S011_2020-10-05T23:52:00,11,2020-10-05 23:52:00,34,M,29.16271975,186.2,67.0,5.7,109,23,Snack,150.0,3.0,30.0,3.0,0.0,100.0,109.8,17.2,CGMacros_dateshifted365/CGMacros/CGMacros-011/CGMacros-011.csv,dexcom,127.0,125.4,15.6
S011_2020-10-06T07:32:00,11,2020-10-06 07:32:00,34,M,29.16271975,186.2,67.0,5.7,109,7,Breakfast,712.0,66.0,22.0,42.0,0.0,100.0,126.4,82.6,CGMacros_dateshifted365/CGMacros/CGMacros-011/CGMacros-011.csv,dexcom,209.0,155.0,28.6
S011_2020-10-06T12:01:00,11,2020-10-06 12:01:00,34,M,29.16271975,186.2,67.0,5.7,109,12,Lunch,555.0,94.0,12.0,13.0,5.0,100.0,99.6,124.4,CGMacros_dateshifted365/CGMacros/CGMacros-011/CGMacros-011.csv,dexcom,224.0,223.6,124.0
S011_2020-10-06T15:38:00,11,2020-10-06 15:38:00,34,M,29.16271975,186.2,67.0,5.7,109,15,Snack,140.0,10.0,6.0,1.0,0.0,100.0,166.4,8.6,CGMacros_dateshifted365/CGMacros/CGMacros-011/CGMacros-011.csv,dexcom,175.0,144.6,-21.8
S011_2020-10-06T19:05:00,11,2020-10-06 19:05:00,34,M,29.16271975,186.2,67.0,5.7,109,19,Dinner,689.0,22.0,119.0,13.0,10.0,100.0,111.6,16.4,CGMacros_dateshifted365/CGMacros/CGMacros-011/CGMacros-011.csv,dexcom,128.0,122.8,11.2
S011_2020-10-07T07:00:00,11,2020-10-07 07:00:00,34,M,29.16271975,186.2,67.0,5.7,109,7,Breakfast,902.0,73.0,66.0,42.0,7.0,100.0,122.8,38.2,CGMacros_dateshifted365/CGMacros/CGMacros-011/CGMacros-011.csv,dexcom,161.0,129.4,6.6
S011_2020-10-07T13:34:00,11,2020-10-07 13:34:00,34,M,29.16271975,186.2,67.0,5.7,109,13,Lunch,355.0,19.0,32.0,15.0,5.0,100.0,123.0,12.0,CGMacros_dateshifted365/CGMacros/CGMacros-011/CGMacros-011.csv,dexcom,135.0,94.0,-29.0
S011_2020-10-07T17:58:00,11,2020-10-07 17:58:00,34,M,29.16271975,186.2,67.0,5.7,109,17,Dinner,970.0,58.0,57.0,57.0,0.0,100.0,99.4,40.6,CGMacros_dateshifted365/CGMacros/CGMacros-011/CGMacros-011.csv,dexcom,140.0,126.2,26.8
S011_2020-10-07T18:19:00,11,2020-10-07 18:19:00,34,M,29.16271975,186.2,67.0,5.7,109,18,Dinner,160.0,39.0,1.0,0.0,0.0,100.0,122.0,18.0,CGMacros_dateshifted365/CGMacros/CGMacros-011/CGMacros-011.csv,dexcom,140.0,128.0,6.0
S011_2020-10-07T21:27:00,11,2020-10-07 21:27:00,34,M,29.16271975,186.2,67.0,5.7,109,21,Snack,34.0,6.0,2.0,0.0,2.0,100.0,122.4,13.6,CGMacros_dateshifted365/CGMacros/CGMacros-011/CGMacros-011.csv,dexcom,136.0,131.2,8.8
S011_2020-10-08T09:15:00,11,2020-10-08 09:15:00,34,M,29.16271975,186.2,67.0,5.7,109,9,Breakfast,268.0,24.0,22.0,10.5,0.0,100.0,128.0,46.0,CGMacros_dateshifted365/CGMacros/CGMacros-011/CGMacros-011.csv,dexcom,174.0,134.6,6.6
S011_2020-10-08T12:57:00,11,2020-10-08 12:57:00,34,M,29.16271975,186.2,67.0,5.7,109,12,Lunch,1110.0,93.0,84.0,44.0,4.0,100.0,121.0,76.0,CGMacros_dateshifted365/CGMacros/CGMacros-011/CGMacros-011.csv,dexcom,197.0,144.6,23.6
S011_2020-10-08T17:50:00,11,2020-10-08 17:50:00,34,M,29.16271975,186.2,67.0,5.7,109,17,Dinner,1365.0,163.0,68.0,31.0,30.0,100.0,143.8,10.2,CGMacros_dateshifted365/CGMacros/CGMacros-011/CGMacros-011.csv,dexcom,154.0,142.6,-1.2
S011_2020-10-09T10:22:00,11,2020-10-09 10:22:00,34,M,29.16271975,186.2,67.0,5.7,109,10,Breakfast,448.0,66.0,22.0,10.5,0.0,100.0,131.8,73.2,CGMacros_dateshifted365/CGMacros/CGMacros-011/CGMacros-011.csv,dexcom,205.0,141.6,9.8
S011_2020-10-09T12:25:00,11,2020-10-09 12:25:00,34,M,29.16271975,186.2,67.0,5.7,109,12,Lunch,575.0,76.0,22.0,18.5,11.0,100.0,139.4,5.6,CGMacros_dateshifted365/CGMacros/CGMacros-011/CGMacros-011.csv,dexcom,145.0,144.8,5.4
S011_2020-10-09T17:43:00,11,2020-10-09 17:43:00,34,M,29.16271975,186.2,67.0,5.7,109,17,Dinner,1460.0,168.0,56.0,56.0,8.0,100.0,135.2,51.8,CGMacros_dateshifted365/CGMacros/CGMacros-011/CGMacros-011.csv,dexcom,187.0,132.2,-3.0
S011_2020-10-10T00:00:00,11,2020-10-10 00:00:00,34,M,29.16271975,186.2,67.0,5.7,109,0,Snack,126.0,31.0,2.0,1.0,5.0,100.0,148.0,0.0,CGMacros_dateshifted365/CGMacros/CGMacros-011/CGMacros-011.csv,dexcom,148.0,126.6,-21.4
S011_2020-10-10T07:52:00,11,2020-10-10 07:52:00,34,M,29.16271975,186.2,67.0,5.7,109,7,Breakfast,608.0,66.0,66.0,10.5,0.0,100.0,123.0,58.0,CGMacros_dateshifted365/CGMacros/CGMacros-011/CGMacros-011.csv,dexcom,181.0,147.2,24.2
S011_2020-10-10T11:52:00,11,2020-10-10 11:52:00,34,M,29.16271975,186.2,67.0,5.7,109,11,Lunch,585.0,40.0,76.0,17.0,13.0,100.0,127.0,13.0,CGMacros_dateshifted365/CGMacros/CGMacros-011/CGMacros-011.csv,dexcom,140.0,130.4,3.4
S011_2020-10-10T15:49:00,11,2020-10-10 15:49:00,34,M,29.16271975,186.2,67.0,5.7,109,15,Snack,210.0,24.0,12.0,8.0,3.0,100.0,126.0,22.0,CGMacros_dateshifted365/CGMacros/CGMacros-011/CGMacros-011.csv,dexcom,148.0,132.0,6.0
S011_2020-10-10T19:04:00,11,2020-10-10 19:04:00,34,M,29.16271975,186.2,67.0,5.7,109,19,Dinner,640.0,63.0,20.0,34.0,2.0,100.0,138.0,44.0,CGMacros_dateshifted365/CGMacros/CGMacros-011/CGMacros-011.csv,dexcom,182.0,124.0,-14.0
S011_2020-10-11T07:30:00,11,2020-10-11 07:30:00,34,M,29.16271975,186.2,67.0,5.7,109,7,Breakfast,712.0,66.0,22.0,42.0,0.0,100.0,111.4,58.6,CGMacros_dateshifted365/CGMacros/CGMacros-011/CGMacros-011.csv,dexcom,170.0,153.8,42.4
S011_2020-10-11T11:54:00,11,2020-10-11 11:54:00,34,M,29.16271975,186.2,67.0,5.7,109,11,Lunch,445.0,43.0,20.0,20.0,13.0,100.0,113.0,65.0,CGMacros_dateshifted365/CGMacros/CGMacros-011/CGMacros-011.csv,dexcom,178.0,141.0,28.0
S011_2020-10-11T12:04:00,11,2020-10-11 12:04:00,34,M,29.16271975,186.2,67.0,5.7,109,12,Snack,220.0,34.0,4.0,8.0,2.0,100.0,115.0,63.0,CGMacros_dateshifted365/CGMacros/CGMacros-011/CGMacros-011.csv,dexcom,178.0,136.0,21.0
S011_2020-10-11T18:33:00,11,2020-10-11 18:33:00,34,M,29.16271975,186.2,67.0,5.7,109,18,Dinner,530.0,54.0,36.0,19.0,3.0,100.0,124.8,60.2,CGMacros_dateshifted365/CGMacros/CGMacros-011/CGMacros-011.csv,dexcom,185.0,143.8,19.0
S011_2020-10-12T07:30:00,11,2020-10-12 07:30:00,34,M,29.16271975,186.2,67.0,5.7,109,7,Breakfast,268.0,24.0,22.0,10.5,0.0,100.0,114.2,66.8,CGMacros_dateshifted365/CGMacros/CGMacros-011/CGMacros-011.csv,dexcom,181.0,116.2,2.0
S011_2020-10-12T13:17:00,11,2020-10-12 13:17:00,34,M,29.16271975,186.2,67.0,5.7,109,13,Lunch,725.0,94.0,44.0,20.0,4.0,100.0,167.4,31.6,CGMacros_dateshifted365/CGMacros/CGMacros-011/CGMacros-011.csv,dexcom,199.0,129.0,-38.4
S011_2020-10-12T18:54:00,11,2020-10-12 18:54:00,34,M,29.16271975,186.2,67.0,5.7,109,18,Dinner,850.0,108.0,33.0,31.0,0.0,100.0,123.0,59.0,CGMacros_dateshifted365/CGMacros/CGMacros-011/CGMacros-011.csv,dexcom,182.0,156.0,33.0
S011_2020-10-13T07:31:00,11,2020-10-13 07:31:00,34,M,29.16271975,186.2,67.0,5.7,109,7,Breakfast,902.0,73.0,22.0,42.0,7.0,100.0,115.3333,42.6667,CGMacros_dateshifted365/CGMacros/CGMacros-011/CGMacros-011.csv,libre,158.0,145.6667,30.3333
S012_2023-02-26T15:04:00,12,2023-02-26 15:04:00,52,M,30.27287256,205.0,69.0,7.1,179,15,Lunch,1180.0,81.0,88.0,54.5,18.0,100.0,111.2,36.8,CGMacros_dateshifted365/CGMacros/CGMacros-012/CGMacros-012.csv,dexcom,148.0,143.8,32.6
S012_2023-02-26T20:48:00,12,2023-02-26 20:48:00,52,M,30.27287256,205.0,69.0,7.1,179,20,Dinner,145.0,20.0,8.0,4.0,3.0,100.0,107.0,109.0,CGMacros_dateshifted365/CGMacros/CGMacros-012/CGMacros-012.csv,dexcom,216.0,214.8,107.8
S012_2023-02-27T09:16:00,12,2023-02-27 09:16:00,52,M,30.27287256,205.0,69.0,7.1,179,9,Breakfast,448.0,66.0,22.0,10.5,0.0,100.0,143.8,156.2,CGMacros_dateshifted365/CGMacros/CGMacros-012/CGMacros-012.csv,dexcom,300.0,234.8,91.0
S012_2023-02-27T14:22:00,12,2023-02-27 14:22:00,52,M,30.27287256,205.0,69.0,7.1,179,14,Lunch,830.0,92.0,17.0,42.0,10.0,100.0,122.2,46.8,CGMacros_dateshifted365/CGMacros/CGMacros-012/CGMacros-012.csv,dexcom,169.0,149.8,27.6
S012_2023-02-27T20:49:00,12,2023-02-27 20:49:00,52,M,30.27287256,205.0,69.0,7.1,179,20,Dinner,510.0,31.0,75.0,7.0,5.0,100.0,96.4,100.6,CGMacros_dateshifted365/CGMacros/CGMacros-012/CGMacros-012.csv,dexcom,197.0,164.2,67.8
S012_2023-02-28T09:39:00,12,2023-02-28 09:39:00,52,M,30.27287256,205.0,69.0,7.1,179,9,Breakfast,608.0,66.0,66.0,10.5,0.0,100.0,138.8,87.2,CGMacros_dateshifted365/CGMacros/CGMacros-012/CGMacros-012.csv,dexcom,226.0,174.8,36.0
S012_2023-02-28T14:21:00,12,2023-02-28 14:21:00,52,M,30.27287256,205.0,69.0,7.1,179,14,Lunch,435.0,16.0,66.0,14.0,4.0,100.0,84.4,18.8,CGMacros_dateshifted365/CGMacros/CGMacros-012/CGMacros-012.csv,dexcom,103.2,103.2,18.8
S012_2023-02-28T17:53:00,12,2023-02-28 17:53:00,52,M,30.27287256,205.0,69.0,7.1,179,17,Snack,488.0,72.0,28.0,12.0,16.0,100.0,92.0,82.0,CGMacros_dateshifted365/CGMacros/CGMacros-012/CGMacros-012.csv,dexcom,174.0,166.0,74.0
S012_2023-02-28T20:42:00,12,2023-02-28 20:42:00,52,M,30.27287256,205.0,69.0,7.1,179,20,Dinner,280.0,25.0,4.0,0.0,1.0,100.0,149.6,5.2,CGMacros_dateshifted365/CGMacros/CGMacros-012/CGMacros-012.csv,dexcom,154.8,154.8,5.2
S012_2023-03-01T09:10:00,12,2023-03-01 09:10:00,52,M,30.27287256,205.0,69.0,7.1,179,9,Breakfast,712.0,66.0,22.0,42.0,0.0,100.0,133.0,130.0,CGMacros_dateshifted365/CGMacros/CGMacros-012/CGMacros-012.csv,dexcom,263.0,212.0,79.0
S012_2023-03-01T14:23:00,12,2023-03-01 14:23:00,52,M,30.27287256,205.0,69.0,7.1,179,14,Lunch,555.0,94.0,12.0,13.0,5.0,100.0,77.2,181.8,CGMacros_dateshifted365/CGMacros/CGMacros-012/CGMacros-012.csv,dexcom,259.0,257.8,180.6
S012_2023-03-01T17:37:00,12,2023-03-01 17:37:00,52,M,30.27287256,205.0,69.0,7.1,179,17,Snack,72.0,18.0,1.0,0.0,4.0,100.0,245.6,-1.2,CGMacros_dateshifted365/CGMacros/CGMacros-012/CGMacros-012.csv,dexcom,244.4,128.0,-117.6
S012_2023-03-01T20:59:00,12,2023-03-01 20:59:00,52,M,30.27287256,205.0,69.0,7.1,179,20,Dinner,170.0,18.0,10.0,6.0,4.0,100.0,81.0,56.0,CGMacros_dateshifted365/CGMacros/CGMacros-012/CGMacros-012.csv,dexcom,137.0,122.6,41.6
S012_2023-03-02T11:28:00,12,2023-03-02 11:28:00,52,M,30.27287256,205.0,69.0,7.1,179,11,Breakfast,902.0,73.0,66.0,42.0,7.0,100.0,163.0,25.0,CGMacros_dateshifted365/CGMacros/CGMacros-012/CGMacros-012.csv,dexcom,188.0,118.8,-44.2
S012_2023-03-02T16:06:00,12,2023-03-02 16:06:00,52,M,30.27287256,205.0,69.0,7.1,179,16,Lunch,355.0,19.0,32.0,15.0,5.0,100.0,104.4,29.6,CGMacros_dateshifted365/CGMacros/CGMacros-012/CGMacros-012.csv,dexcom,134.0,132.2,27.8
S012_2023-03-02T20:04:00,12,2023-03-02 20:04:00,52,M,30.27287256,205.0,69.0,7.1,179,20,Dinner,170.0,18.0,10.0,6.0,4.0,100.0,104.8,91.2,CGMacros_dateshifted365/CGMacros/CGMacros-012/CGMacros-012.csv,dexcom,196.0,170.4,65.6
S012_2023-03-03T09:46:00,12,2023-03-03 09:46:00,52,M,30.27287256,205.0,69.0,7.1,179,9,Breakfast,712.0,66.0,22.0,42.0,0.0,100.0,131.4,99.6,CGMacros_dateshifted365/CGMacros/CGMacros-012/CGMacros-012.csv,dexcom,231.0,217.2,85.8
S012_2023-03-03T14:27:00,12,2023-03-03 14:27:00,52,M,30.27287256,205.0,69.0,7.1,179,14,Lunch,445.0,43.0,20.0,20.0,13.0,100.0,101.8,52.0,CGMacros_dateshifted365/CGMacros/CGMacros-012/CGMacros-012.csv,dexcom,153.8,153.8,52.0
S012_2023-03-03T21:24:00,12,2023-03-03 21:24:00,52,M,30.27287256,205.0,69.0,7.1,179,21,Dinner,0.0,0.0,0.0,0.0,0.0,0.0,98.0,67.8,CGMacros_dateshifted365/CGMacros/CGMacros-012/CGMacros-012.csv,dexcom,165.8,165.8,67.8
S012_2023-03-04T09:23:00,12,2023-03-04 09:23:00,52,M,30.27287256,205.0,69.0,7.1,179,9,Breakfast,448.0,66.0,22.0,10.5,0.0,100.0,130.4,129.6,CGMacros_dateshifted365/CGMacros/CGMacros-012/CGMacros-012.csv,dexcom,260.0,191.2,60.8
S012_2023-03-04T15:01:00,12,2023-03-04 15:01:00,52,M,30.27287256,205.0,69.0,7.1,179,15,Lunch,575.0,76.0,22.0,18.5,11.0,100.0,82.0,114.2,CGMacros_dateshifted365/CGMacros/CGMacros-012/CGMacros-012.csv,dexcom,196.2,196.2,114.2
S012_2023-03-04T22:26:00,12,2023-03-04 22:26:00,52,M,30.27287256,205.0,69.0,7.1,179,22,Dinner,160.0,34.0,3.0,2.0,2.0,100.0,86.8,141.8,CGMacros_dateshifted365/CGMacros/CGMacros-012/CGMacros-012.csv,dexcom,228.6,228.6,141.8
S012_2023-03-05T09:58:00,12,2023-03-05 09:58:00,52,M,30.27287256,205.0,69.0,7.1,179,9,Breakfast,608.0,66.0,66.0,10.5,0.0,100.0,108.0,61.0,CGMacros_dateshifted365/CGMacros/CGMacros-012/CGMacros-012.csv,dexcom,169.0,159.4,51.4
S012_2023-03-05T14:25:00,12,2023-03-05 14:25:00,52,M,30.27287256,205.0,69.0,7.1,179,14,Lunch,585.0,40.0,76.0,17.0,13.0,100.0,83.0,45.0,CGMacros_dateshifted365/CGMacros/CGMacros-012/CGMacros-012.csv,dexcom,128.0,128.0,45.0
S012_2023-03-05T20:28:00,12,2023-03-05 20:28:00,52,M,30.27287256,205.0,69.0,7.1,179,20,Dinner,129.0,1.0,17.0,7.0,0.0,100.0,90.4,72.6,CGMacros_dateshifted365/CGMacros/CGMacros-012/CGMacros-012.csv,dexcom,163.0,156.4,66.0
S012_2023-03-06T10:59:00,12,2023-03-06 10:59:00,52,M,30.27287256,205.0,69.0,7.1,179,10,Breakfast,268.0,24.0,22.0,10.5,0.0,100.0,143.2,43.8,CGMacros_dateshifted365/CGMacros/CGMacros-012/CGMacros-012.csv,dexcom,187.0,112.4,-30.8
S012_2023-03-06T14:49:00,12,2023-03-06 14:49:00,52,M,30.27287256,205.0,69.0,7.1,179,14,Lunch,1110.0,93.0,84.0,44.0,4.0,100.0,81.8,24.2,CGMacros_dateshifted365/CGMacros/CGMacros-012/CGMacros-012.csv,dexcom,106.0,93.6,11.8
S012_2023-03-06T19:22:00,12,2023-03-06 19:22:00,52,M,30.27287256,205.0,69.0,7.1,179,19,Dinner,94.0,0.0,19.0,2.0,0.0,100.0,86.0,106.0,CGMacros_dateshifted365/CGMacros/CGMacros-012/CGMacros-012.csv,dexcom,192.0,181.8,95.8
S012_2023-03-06T21:24:00,12,2023-03-06 21:24:00,52,M,30.27287256,205.0,69.0,7.1,179,21,Dinner,138.0,60.0,3.0,7.0,0.0,100.0,180.6,-0.6,CGMacros_dateshifted365/CGMacros/CGMacros-012/CGMacros-012.csv,dexcom,180.0,170.0,-10.6
S012_2023-03-07T09:22:00,12,2023-03-07 09:22:00,52,M,30.27287256,205.0,69.0,7.1,179,9,Breakfast,268.0,24.0,22.0,10.5,0.0,100.0,111.0,49.0,CGMacros_dateshifted365/CGMacros/CGMacros-012/CGMacros-012.csv,dexcom,160.0,112.0,1.0
S012_2023-03-07T14:42:00,12,2023-03-07 14:42:00,52,M,30.27287256,205.0,69.0,7.1,179,14,Lunch,725.0,94.0,44.0,20.0,4.0,100.0,95.0,111.0,CGMacros_dateshifted365/CGMacros/CGMacros-012/CGMacros-012.csv,dexcom,206.0,194.6,99.6
S012_2023-03-07T21:00:00,12,2023-03-07 21:00:00,52,M,30.27287256,205.0,69.0,7.1,179,21,Dinner,220.0,11.0,15.0,13.0,0.0,100.0,101.0,59.0,CGMacros_dateshifted365/CGMacros/CGMacros-012/CGMacros-012.csv,dexcom,160.0,104.0,3.0
S012_2023-03-08T09:33:00,12,2023-03-08 09:33:00,52,M,30.27287256,205.0,69.0,7.1,179,9,Breakfast,902.0,73.0,22.0,42.0,7.0,100.0,159.6667,118.3333,CGMacros_dateshifted365/CGMacros/CGMacros-012/CGMacros-012.csv,libre,278.0,195.0,35.3333
S013_2024-01-25T11:52:00,13,2024-01-25 11:52:00,56,F,32.62942526,178.4,62.0,6.2,103,11,Lunch,1180.0,81.0,88.0,54.5,18.0,100.0,63.8,82.2,CGMacros_dateshifted365/CGMacros/CGMacros-013/CGMacros-013.csv,dexcom,146.0,142.8,79.0
S013_2024-01-25T17:51:00,13,2024-01-25 17:51:00,56,F,32.62942526,178.4,62.0,6.2,103,17,Dinner,558.0,33.0,48.0,22.0,5.0,100.0,139.8,25.2,CGMacros_dateshifted365/CGMacros/CGMacros-013/CGMacros-013.csv,dexcom,165.0,157.2,17.4
S013_2024-01-26T07:28:00,13,2024-01-26 07:28:00,56,F,32.62942526,178.4,62.0,6.2,103,7,Breakfast,448.0,66.0,22.0,10.5,0.0,100.0,123.0,68.0,CGMacros_dateshifted365/CGMacros/CGMacros-013/CGMacros-013.csv,dexcom,191.0,186.0,63.0
S013_2024-01-26T11:37:00,13,2024-01-26 11:37:00,56,F,32.62942526,178.4,62.0,6.2,103,11,Lunch,830.0,92.0,17.0,42.0,10.0,100.0,62.2,118.8,CGMacros_dateshifted365/CGMacros/CGMacros-013/CGMacros-013.csv,dexcom,181.0,178.4,116.2
S013_2024-01-26T16:04:00,13,2024-01-26 16:04:00,56,F,32.62942526,178.4,62.0,6.2,103,16,Dinner,763.0,78.0,61.0,24.0,12.0,100.0,110.6,37.4,CGMacros_dateshifted365/CGMacros/CGMacros-013/CGMacros-013.csv,dexcom,148.0,147.6,37.0
S013_2024-01-26T19:31:00,13,2024-01-26 19:31:00,56,F,32.62942526,178.4,62.0,6.2,103,19,Snack,386.0,27.0,13.0,6.0,0.0,100.0,122.4,2.6,CGMacros_dateshifted365/CGMacros/CGMacros-013/CGMacros-013.csv,dexcom,125.0,122.0,-0.4
S013_2024-01-27T08:42:00,13,2024-01-27 08:42:00,56,F,32.62942526,178.4,62.0,6.2,103,8,Breakfast,608.0,66.0,66.0,10.5,0.0,100.0,107.8,68.2,CGMacros_dateshifted365/CGMacros/CGMacros-013/CGMacros-013.csv,dexcom,176.0,142.0,34.2
S013_2024-01-27T11:56:00,13,2024-01-27 11:56:00,56,F,32.62942526,178.4,62.0,6.2,103,11,Lunch,435.0,16.0,66.0,14.0,4.0,100.0,134.2,2.8,CGMacros_dateshifted365/CGMacros/CGMacros-013/CGMacros-013.csv,dexcom,137.0,95.2,-39.0
S013_2024-01-27T15:19:00,13,2024-01-27 15:19:00,56,F,32.62942526,178.4,62.0,6.2,103,15,Dinner,826.0,54.0,40.0,50.0,4.0,100.0,74.6,47.4,CGMacros_dateshifted365/CGMacros/CGMacros-013/CGMacros-013.csv,dexcom,122.0,110.8,36.2
S013_2024-01-28T07:43:00,13,2024-01-28 07:43:00,56,F,32.62942526,178.4,62.0,6.2,103,7,Breakfast,712.0,66.0,22.0,42.0,0.0,100.0,127.0,11.0,CGMacros_dateshifted365/CGMacros/CGMacros-013/CGMacros-013.csv,dexcom,138.0,138.0,11.0
S013_2024-01-28T11:45:00,13,2024-01-28 11:45:00,56,F,32.62942526,178.4,62.0,6.2,103,11,Lunch,555.0,94.0,12.0,13.0,5.0,100.0,130.0,64.4,CGMacros_dateshifted365/CGMacros/CGMacros-013/CGMacros-013.csv,dexcom,194.4,194.4,64.4
S013_2024-01-28T16:07:00,13,2024-01-28 16:07:00,56,F,32.62942526,178.4,62.0,6.2,103,16,Dinner,753.0,112.0,21.0,14.0,12.0,100.0,148.6,44.4,CGMacros_dateshifted365/CGMacros/CGMacros-013/CGMacros-013.csv,dexcom,193.0,173.6,25.0
S013_2024-01-29T07:49:00,13,2024-01-29 07:49:00,56,F,32.62942526,178.4,62.0,6.2,103,7,Breakfast,902.0,73.0,66.0,42.0,7.0,100.0,126.8,6.2,CGMacros_dateshifted365/CGMacros/CGMacros-013/CGMacros-013.csv,dexcom,133.0,104.2,-22.6
S013_2024-01-29T12:10:00,13,2024-01-29 12:10:00,56,F,32.62942526,178.4,62.0,6.2,103,12,Lunch,355.0,19.0,32.0,15.0,5.0,100.0,111.0,6.0,CGMacros_dateshifted365/CGMacros/CGMacros-013/CGMacros-013.csv,dexcom,117.0,94.4,-16.6
S013_2024-01-29T16:23:00,13,2024-01-29 16:23:00,56,F,32.62942526,178.4,62.0,6.2,103,16,Dinner,553.0,70.0,32.0,16.0,12.0,100.0,102.0,56.0,CGMacros_dateshifted365/CGMacros/CGMacros-013/CGMacros-013.csv,dexcom,158.0,158.0,56.0
S013_2024-01-29T18:32:00,13,2024-01-29 18:32:00,56,F,32.62942526,178.4,62.0,6.2,103,18,Snack,153.0,13.0,3.0,0.0,0.0,100.0,155.6,-0.6,CGMacros_dateshifted365/CGMacros/CGMacros-013/CGMacros-013.csv,dexcom,155.0,102.0,-53.6
S013_2024-01-30T09:23:00,13,2024-01-30 09:23:00,56,F,32.62942526,178.4,62.0,6.2,103,9,Breakfast,268.0,24.0,22.0,10.5,0.0,100.0,121.0,52.0,CGMacros_dateshifted365/CGMacros/CGMacros-013/CGMacros-013.csv,dexcom,173.0,161.0,40.0
S013_2024-01-30T12:25:00,13,2024-01-30 12:25:00,56,F,32.62942526,178.4,62.0,6.2,103,12,Lunch,1110.0,93.0,84.0,44.0,4.0,100.0,90.4,61.4,CGMacros_dateshifted365/CGMacros/CGMacros-013/CGMacros-013.csv,dexcom,151.8,151.8,61.4
S013_2024-01-30T15:58:00,13,2024-01-30 15:58:00,56,F,32.62942526,178.4,62.0,6.2,103,15,Snack,80.0,21.0,1.0,0.0,3.0,100.0,106.0,21.0,CGMacros_dateshifted365/CGMacros/CGMacros-013/CGMacros-013.csv,dexcom,127.0,123.0,17.0
S013_2024-01-30T16:25:00,13,2024-01-30 16:25:00,56,F,32.62942526,178.4,62.0,6.2,103,16,Dinner,394.0,35.0,27.0,16.0,8.0,100.0,89.4,37.6,CGMacros_dateshifted365/CGMacros/CGMacros-013/CGMacros-013.csv,dexcom,127.0,85.0,-4.4
S013_2024-01-30T16:49:00,13,2024-01-30 16:49:00,56,F,32.62942526,178.4,62.0,6.2,103,16,Snack,106.0,11.0,1.0,7.0,0.0,100.0,107.6,19.4,CGMacros_dateshifted365/CGMacros/CGMacros-013/CGMacros-013.csv,dexcom,127.0,82.6,-25.0
S013_2024-01-31T07:21:00,13,2024-01-31 07:21:00,56,F,32.62942526,178.4,62.0,6.2,103,7,Breakfast,448.0,66.0,22.0,10.5,0.0,100.0,127.0,52.0,CGMacros_dateshifted365/CGMacros/CGMacros-013/CGMacros-013.csv,dexcom,179.0,160.6,33.6
S013_2024-01-31T11:20:00,13,2024-01-31 11:20:00,56,F,32.62942526,178.4,62.0,6.2,103,11,Lunch,575.0,76.0,22.0,18.5,11.0,100.0,76.8,106.4,CGMacros_dateshifted365/CGMacros/CGMacros-013/CGMacros-013.csv,dexcom,183.2,183.2,106.4
S013_2024-01-31T15:56:00,13,2024-01-31 15:56:00,56,F,32.62942526,178.4,62.0,6.2,103,15,Dinner,710.0,94.0,44.0,14.0,24.0,100.0,124.0,29.0,CGMacros_dateshifted365/CGMacros/CGMacros-013/CGMacros-013.csv,dexcom,153.0,150.8,26.8
S013_2024-01-31T19:06:00,13,2024-01-31 19:06:00,56,F,32.62942526,178.4,62.0,6.2,103,19,Snack,363.0,41.0,13.0,17.0,3.0,100.0,125.6,-1.6,CGMacros_dateshifted365/CGMacros/CGMacros-013/CGMacros-013.csv,dexcom,124.0,113.8,-11.8
S013_2024-02-01T06:57:00,13,2024-02-01 06:57:00,56,F,32.62942526,178.4,62.0,6.2,103,6,Breakfast,608.0,66.0,66.0,10.5,0.0,100.0,131.4,33.6,CGMacros_dateshifted365/CGMacros/CGMacros-013/CGMacros-013.csv,dexcom,165.0,158.4,27.0
S013_2024-02-01T11:44:00,13,2024-02-01 11:44:00,56,F,32.62942526,178.4,62.0,6.2,103,11,Lunch,585.0,40.0,76.0,17.0,13.0,100.0,96.8,34.4,CGMacros_dateshifted365/CGMacros/CGMacros-013/CGMacros-013.csv,dexcom,131.2,131.2,34.4
S013_2024-02-01T16:20:00,13,2024-02-01 16:20:00,56,F,32.62942526,178.4,62.0,6.2,103,16,Snack,85.0,2.0,0.0,0.0,0.0,100.0,92.0,18.0,CGMacros_dateshifted365/CGMacros/CGMacros-013/CGMacros-013.csv,dexcom,110.0,110.0,18.0
S013_2024-02-01T16:57:00,13,2024-02-01 16:57:00,56,F,32.62942526,178.4,62.0,6.2,103,16,Dinner,423.0,27.0,5.0,2.0,0.0,100.0,101.0,38.2,CGMacros_dateshifted365/CGMacros/CGMacros-013/CGMacros-013.csv,dexcom,139.2,139.2,38.2
S013_2024-02-01T19:53:00,13,2024-02-01 19:53:00,56,F,32.62942526,178.4,62.0,6.2,103,19,Snack,270.0,48.0,7.0,5.0,0.0,100.0,96.0,43.0,CGMacros_dateshifted365/CGMacros/CGMacros-013/CGMacros-013.csv,dexcom,139.0,134.0,38.0
S013_2024-02-02T06:56:00,13,2024-02-02 06:56:00,56,F,32.62942526,178.4,62.0,6.2,103,6,Breakfast,712.0,66.0,22.0,42.0,0.0,100.0,123.0,19.0,CGMacros_dateshifted365/CGMacros/CGMacros-013/CGMacros-013.csv,dexcom,142.0,127.8,4.8
S013_2024-02-02T12:39:00,13,2024-02-02 12:39:00,56,F,32.62942526,178.4,62.0,6.2,103,12,Lunch,445.0,43.0,20.0,20.0,13.0,100.0,102.2,53.8,CGMacros_dateshifted365/CGMacros/CGMacros-013/CGMacros-013.csv,dexcom,156.0,153.0,50.8
S013_2024-02-02T15:41:00,13,2024-02-02 15:41:00,56,F,32.62942526,178.4,62.0,6.2,103,15,Dinner,1289.0,147.0,84.0,50.0,15.0,100.0,133.4,0.6,CGMacros_dateshifted365/CGMacros/CGMacros-013/CGMacros-013.csv,dexcom,134.0,120.0,-13.4
S013_2024-02-02T18:19:00,13,2024-02-02 18:19:00,56,F,32.62942526,178.4,62.0,6.2,103,18,Snack,310.0,41.0,20.0,12.0,3.0,100.0,148.2,5.8,CGMacros_dateshifted365/CGMacros/CGMacros-013/CGMacros-013.csv,dexcom,154.0,153.0,4.8
S013_2024-02-03T08:08:00,13,2024-02-03 08:08:00,56,F,32.62942526,178.4,62.0,6.2,103,8,Breakfast,268.0,24.0,22.0,10.5,0.0,100.0,112.0,65.0,CGMacros_dateshifted365/CGMacros/CGMacros-013/CGMacros-013.csv,dexcom,177.0,72.0,-40.0
S013_2024-02-03T11:04:00,13,2024-02-03 11:04:00,56,F,32.62942526,178.4,62.0,6.2,103,11,Lunch,725.0,94.0,44.0,20.0,4.0,100.0,68.0,80.0,CGMacros_dateshifted365/CGMacros/CGMacros-013/CGMacros-013.csv,dexcom,148.0,116.6,48.6
S013_2024-02-03T15:00:00,13,2024-02-03 15:00:00,56,F,32.62942526,178.4,62.0,6.2,103,15,Snack,681.0,72.0,29.0,32.0,1.0,100.0,102.6,52.4,CGMacros_dateshifted365/CGMacros/CGMacros-013/CGMacros-013.csv,dexcom,155.0,144.6,42.0
S013_2024-02-03T15:58:00,13,2024-02-03 15:58:00,56,F,32.62942526,178.4,62.0,6.2,103,15,Dinner,996.0,104.0,64.0,33.0,6.0,100.0,90.0,65.0,CGMacros_dateshifted365/CGMacros/CGMacros-013/CGMacros-013.csv,dexcom,155.0,117.0,27.0
S013_2024-02-04T07:07:00,13,2024-02-04 07:07:00,56,F,32.62942526,178.4,62.0,6.2,103,7,Breakfast,902.0,73.0,22.0,42.0,7.0,100.0,139.6667,40.3333,CGMacros_dateshifted365/CGMacros/CGMacros-013/CGMacros-013.csv,libre,180.0,121.6667,-18.0
S014_2023-05-09T11:51:00,14,2023-05-09 11:51:00,53,M,28.47358996,181.8,67.0,7.1,147,11,Lunch,1180.0,81.0,88.0,54.5,18.0,100.0,129.0,36.0,CGMacros_dateshifted365/CGMacros/CGMacros-014/CGMacros-014.csv,dexcom,165.0,147.8,18.8
S014_2023-05-09T19:01:00,14,2023-05-09 19:01:00,53,M,28.47358996,181.8,67.0,7.1,147,19,Dinner,420.0,46.0,10.0,22.0,8.0,100.0,131.2,17.8,CGMacros_dateshifted365/CGMacros/CGMacros-014/CGMacros-014.csv,dexcom,149.0,129.4,-1.8
S014_2023-05-10T08:15:00,14,2023-05-10 08:15:00,53,M,28.47358996,181.8,67.0,7.1,147,8,Breakfast,448.0,66.0,22.0,10.5,0.0,100.0,145.0,102.0,CGMacros_dateshifted365/CGMacros/CGMacros-014/CGMacros-014.csv,dexcom,247.0,194.0,49.0
S014_2023-05-10T12:44:00,14,2023-05-10 12:44:00,53,M,28.47358996,181.8,67.0,7.1,147,12,Lunch,830.0,92.0,17.0,42.0,10.0,100.0,95.0,32.0,CGMacros_dateshifted365/CGMacros/CGMacros-014/CGMacros-014.csv,dexcom,127.0,109.6,14.6
S014_2023-05-10T17:40:00,14,2023-05-10 17:40:00,53,M,28.47358996,181.8,67.0,7.1,147,17,Dinner,460.0,40.0,15.0,30.0,13.0,100.0,122.4,20.6,CGMacros_dateshifted365/CGMacros/CGMacros-014/CGMacros-014.csv,dexcom,143.0,138.0,15.6
S014_2023-05-10T21:16:00,14,2023-05-10 21:16:00,53,M,28.47358996,181.8,67.0,7.1,147,21,Snack,124.0,30.0,0.0,0.0,5.0,100.0,122.6,32.4,CGMacros_dateshifted365/CGMacros/CGMacros-014/CGMacros-014.csv,dexcom,155.0,119.8,-2.8
S014_2023-05-11T09:10:00,14,2023-05-11 09:10:00,53,M,28.47358996,181.8,67.0,7.1,147,9,Breakfast,608.0,66.0,66.0,10.5,0.0,100.0,136.6,80.4,CGMacros_dateshifted365/CGMacros/CGMacros-014/CGMacros-014.csv,dexcom,217.0,141.0,4.4
S014_2023-05-11T13:11:00,14,2023-05-11 13:11:00,53,M,28.47358996,181.8,67.0,7.1,147,13,Lunch,435.0,16.0,66.0,14.0,4.0,100.0,95.2,13.4,CGMacros_dateshifted365/CGMacros/CGMacros-014/CGMacros-014.csv,dexcom,108.6,108.6,13.4
S014_2023-05-11T18:06:00,14,2023-05-11 18:06:00,53,M,28.47358996,181.8,67.0,7.1,147,18,Dinner,806.0,48.0,52.0,45.0,8.0,100.0,131.2,44.8,CGMacros_dateshifted365/CGMacros/CGMacros-014/CGMacros-014.csv,dexcom,176.0,168.2,37.0
S014_2023-05-11T18:21:00,14,2023-05-11 18:21:00,53,M,28.47358996,181.8,67.0,7.1,147,18,Snack,130.0,23.0,4.0,0.0,1.0,100.0,127.2,53.6,CGMacros_dateshifted365/CGMacros/CGMacros-014/CGMacros-014.csv,dexcom,180.8,180.8,53.6
S014_2023-05-12T08:31:00,14,2023-05-12 08:31:00,53,M,28.47358996,181.8,67.0,7.1,147,8,Breakfast,712.0,66.0,22.0,42.0,0.0,100.0,117.8,63.2,CGMacros_dateshifted365/CGMacros/CGMacros-014/CGMacros-014.csv,dexcom,181.0,146.4,28.6
S014_2023-05-12T12:38:00,14,2023-05-12 12:38:00,53,M,28.47358996,181.8,67.0,7.1,147,12,Lunch,555.0,94.0,12.0,13.0,5.0,100.0,82.2,141.4,CGMacros_dateshifted365/CGMacros/CGMacros-014/CGMacros-014.csv,dexcom,223.6,223.6,141.4
S014_2023-05-12T18:14:00,14,2023-05-12 18:14:00,53,M,28.47358996,181.8,67.0,7.1,147,18,Dinner,723.0,64.0,53.0,30.0,3.0,100.0,105.0,77.0,CGMacros_dateshifted365/CGMacros/CGMacros-014/CGMacros-014.csv,dexcom,182.0,126.0,21.0
S014_2023-05-12T18:54:00,14,2023-05-12 18:54:00,53,M,28.47358996,181.8,67.0,7.1,147,18,Snack,80.0,19.0,2.0,0.0,0.0,100.0,116.0,66.0,CGMacros_dateshifted365/CGMacros/CGMacros-014/CGMacros-014.csv,dexcom,182.0,120.4,4.4
S014_2023-05-13T08:33:00,14,2023-05-13 08:33:00,53,M,28.47358996,181.8,67.0,7.1,147,8,Breakfast,902.0,73.0,66.0,42.0,7.0,100.0,123.2,37.8,CGMacros_dateshifted365/CGMacros/CGMacros-014/CGMacros-014.csv,dexcom,161.0,141.6,18.4
S014_2023-05-13T12:34:00,14,2023-05-13 12:34:00,53,M,28.47358996,181.8,67.0,7.1,147,12,Lunch,355.0,19.0,32.0,15.0,5.0,100.0,117.2,0.8,CGMacros_dateshifted365/CGMacros/CGMacros-014/CGMacros-014.csv,dexcom,118.0,106.8,-10.4
S014_2023-05-13T19:02:00,14,2023-05-13 19:02:00,53,M,28.47358996,181.8,67.0,7.1,147,19,Dinner,393.0,86.0,11.0,3.0,3.0,100.0,129.0,81.0,CGMacros_dateshifted365/CGMacros/CGMacros-014/CGMacros-014.csv,dexcom,210.0,148.0,19.0
S014_2023-05-13T20:03:00,14,2023-05-13 20:03:00,53,M,28.47358996,181.8,67.0,7.1,147,20,Snack,130.0,23.0,4.0,0.0,1.0,100.0,206.2,-0.8,CGMacros_dateshifted365/CGMacros/CGMacros-014/CGMacros-014.csv,dexcom,205.4,111.6,-94.6
S014_2023-05-14T08:39:00,14,2023-05-14 08:39:00,53,M,28.47358996,181.8,67.0,7.1,147,8,Breakfast,268.0,24.0,22.0,10.5,0.0,100.0,131.2,44.8,CGMacros_dateshifted365/CGMacros/CGMacros-014/CGMacros-014.csv,dexcom,176.0,97.4,-33.8
S014_2023-05-14T12:39:00,14,2023-05-14 12:39:00,53,M,28.47358996,181.8,67.0,7.1,147,12,Lunch,1110.0,93.0,84.0,44.0,4.0,100.0,100.4,65.6,CGMacros_dateshifted365/CGMacros/CGMacros-014/CGMacros-014.csv,dexcom,166.0,151.2,50.8
S014_2023-05-14T17:34:00,14,2023-05-14 17:34:00,53,M,28.47358996,181.8,67.0,7.1,147,17,Dinner,490.0,50.0,21.0,14.0,3.0,100.0,117.4,19.6,CGMacros_dateshifted365/CGMacros/CGMacros-014/CGMacros-014.csv,dexcom,137.0,112.6,-4.8
S014_2023-05-15T07:29:00,14,2023-05-15 07:29:00,53,M,28.47358996,181.8,67.0,7.1,147,7,Breakfast,448.0,66.0,22.0,10.5,0.0,100.0,154.6,112.4,CGMacros_dateshifted365/CGMacros/CGMacros-014/CGMacros-014.csv,dexcom,267.0,178.4,23.8
S014_2023-05-15T11:42:00,14,2023-05-15 11:42:00,53,M,28.47358996,181.8,67.0,7.1,147,11,Lunch,575.0,76.0,22.0,18.5,11.0,100.0,92.0,89.0,CGMacros_dateshifted365/CGMacros/CGMacros-014/CGMacros-014.csv,dexcom,181.0,175.0,83.0
S014_2023-05-15T16:49:00,14,2023-05-15 16:49:00,53,M,28.47358996,181.8,67.0,7.1,147,16,Dinner,773.0,80.0,39.0,32.0,5.0,100.0,111.8,67.2,CGMacros_dateshifted365/CGMacros/CGMacros-014/CGMacros-014.csv,dexcom,179.0,145.8,34.0
S014_2023-05-15T21:29:00,14,2023-05-15 21:29:00,53,M,28.47358996,181.8,67.0,7.1,147,21,Snack,340.0,7.0,6.0,18.0,2.0,100.0,124.8,67.4,CGMacros_dateshifted365/CGMacros/CGMacros-014/CGMacros-014.csv,dexcom,192.2,192.2,67.4
S014_2023-05-16T07:28:00,14,2023-05-16 07:28:00,53,M,28.47358996,181.8,67.0,7.1,147,7,Breakfast,608.0,66.0,66.0,10.5,0.0,100.0,165.2,76.8,CGMacros_dateshifted365/CGMacros/CGMacros-014/CGMacros-014.csv,dexcom,242.0,110.0,-55.2
S014_2023-05-16T14:44:00,14,2023-05-16 14:44:00,53,M,28.47358996,181.8,67.0,7.1,147,14,Lunch,585.0,40.0,76.0,17.0,13.0,100.0,115.6,33.4,CGMacros_dateshifted365/CGMacros/CGMacros-014/CGMacros-014.csv,dexcom,149.0,129.2,13.6
S014_2023-05-16T20:02:00,14,2023-05-16 20:02:00,53,M,28.47358996,181.8,67.0,7.1,147,20,Dinner,380.0,37.0,14.0,27.0,11.0,100.0,111.0,39.0,CGMacros_dateshifted365/CGMacros/CGMacros-014/CGMacros-014.csv,dexcom,150.0,133.0,22.0
S014_2023-05-16T22:03:00,14,2023-05-16 22:03:00,53,M,28.47358996,181.8,67.0,7.1,147,22,Snack,124.0,30.0,0.0,0.0,5.0,100.0,133.0,31.0,CGMacros_dateshifted365/CGMacros/CGMacros-014/CGMacros-014.csv,dexcom,164.0,133.6,0.6
S014_2023-05-16T22:23:00,14,2023-05-16 22:23:00,53,M,28.47358996,181.8,67.0,7.1,147,22,Snack,140.0,0.0,0.0,0.0,0.0,100.0,135.0,29.0,CGMacros_dateshifted365/CGMacros/CGMacros-014/CGMacros-014.csv,dexcom,164.0,132.6,-2.4
S014_2023-05-17T08:34:00,14,2023-05-17 08:34:00,53,M,28.47358996,181.8,67.0,7.1,147,8,Breakfast,712.0,66.0,22.0,42.0,0.0,100.0,127.4,106.6,CGMacros_dateshifted365/CGMacros/CGMacros-014/CGMacros-014.csv,dexcom,234.0,155.6,28.2
S014_2023-05-17T12:19:00,14,2023-05-17 12:19:00,53,M,28.47358996,181.8,67.0,7.1,147,12,Lunch,445.0,43.0,20.0,20.0,13.0,100.0,117.0,29.0,CGMacros_dateshifted365/CGMacros/CGMacros-014/CGMacros-014.csv,dexcom,146.0,126.0,9.0
S014_2023-05-17T19:46:00,14,2023-05-17 19:46:00,53,M,28.47358996,181.8,67.0,7.1,147,19,Dinner,390.0,65.0,7.0,16.0,11.0,100.0,119.0,112.0,CGMacros_dateshifted365/CGMacros/CGMacros-014/CGMacros-014.csv,dexcom,231.0,154.6,35.6
S014_2023-05-17T22:49:00,14,2023-05-17 22:49:00,53,M,28.47358996,181.8,67.0,7.1,147,22,Snack,340.0,7.0,6.0,18.0,2.0,100.0,109.8,17.2,CGMacros_dateshifted365/CGMacros/CGMacros-014/CGMacros-014.csv,dexcom,127.0,122.4,12.6
S014_2023-05-18T08:15:00,14,2023-05-18 08:15:00,53,M,28.47358996,181.8,67.0,7.1,147,8,Breakfast,268.0,24.0,22.0,10.5,0.0,100.0,128.4,88.6,CGMacros_dateshifted365/CGMacros/CGMacros-014/CGMacros-014.csv,dexcom,217.0,116.4,-12.0
S014_2023-05-18T12:25:00,14,2023-05-18 12:25:00,53,M,28.47358996,181.8,67.0,7.1,147,12,Lunch,725.0,94.0,44.0,20.0,4.0,100.0,100.6,91.4,CGMacros_dateshifted365/CGMacros/CGMacros-014/CGMacros-014.csv,dexcom,192.0,192.0,91.4
S014_2023-05-18T18:53:00,14,2023-05-18 18:53:00,53,M,28.47358996,181.8,67.0,7.1,147,18,Dinner,1086.0,97.0,34.0,52.0,3.0,100.0,126.0,52.0,CGMacros_dateshifted365/CGMacros/CGMacros-014/CGMacros-014.csv,dexcom,178.0,178.0,52.0
S014_2023-05-18T19:11:00,14,2023-05-18 19:11:00,53,M,28.47358996,181.8,67.0,7.1,147,19,Dinner,120.0,18.0,3.0,4.0,0.0,100.0,116.8,67.2,CGMacros_dateshifted365/CGMacros/CGMacros-014/CGMacros-014.csv,dexcom,184.0,178.0,61.2
S014_2023-05-18T21:47:00,14,2023-05-18 21:47:00,53,M,28.47358996,181.8,67.0,7.1,147,21,Snack,0.0,0.0,0.0,0.0,0.0,100.0,177.0,11.0,CGMacros_dateshifted365/CGMacros/CGMacros-014/CGMacros-014.csv,dexcom,188.0,149.0,-28.0
S014_2023-05-19T08:17:00,14,2023-05-19 08:17:00,53,M,28.47358996,181.8,67.0,7.1,147,8,Breakfast,902.0,73.0,22.0,42.0,7.0,100.0,116.6667,43.3333,CGMacros_dateshifted365/CGMacros/CGMacros-014/CGMacros-014.csv,libre,160.0,117.9333,1.2667
S015_2024-01-25T11:51:00,15,2024-01-25 11:51:00,47,F,24.33627734,128.8,61.0,5.4,89,11,Lunch,1180.0,81.0,88.0,54.5,18.0,100.0,100.0,79.0,CGMacros_dateshifted365/CGMacros/CGMacros-015/CGMacros-015.csv,dexcom,179.0,110.0,10.0
S015_2024-01-25T18:27:00,15,2024-01-25 18:27:00,47,F,24.33627734,128.8,61.0,5.4,89,18,Dinner,205.0,11.0,18.0,10.0,4.0,100.0,80.4,45.6,CGMacros_dateshifted365/CGMacros/CGMacros-015/CGMacros-015.csv,dexcom,126.0,105.0,24.6
S015_2024-01-25T18:54:00,15,2024-01-25 18:54:00,47,F,24.33627734,128.8,61.0,5.4,89,18,Dinner,39.0,10.0,1.0,0.0,1.0,100.0,84.8,41.2,CGMacros_dateshifted365/CGMacros/CGMacros-015/CGMacros-015.csv,dexcom,126.0,109.4,24.6
S015_2024-01-25T19:42:00,15,2024-01-25 19:42:00,47,F,24.33627734,128.8,61.0,5.4,89,19,Snack,100.0,9.0,6.0,4.0,2.0,100.0,123.0,-1.0,CGMacros_dateshifted365/CGMacros/CGMacros-015/CGMacros-015.csv,dexcom,122.0,121.2,-1.8
S015_2024-01-25T21:42:00,15,2024-01-25 21:42:00,47,F,24.33627734,128.8,61.0,5.4,89,21,Snack,80.0,1.0,0.0,0.0,0.0,100.0,121.2,5.8,CGMacros_dateshifted365/CGMacros/CGMacros-015/CGMacros-015.csv,dexcom,127.0,116.2,-5.0
S015_2024-01-26T07:50:00,15,2024-01-26 07:50:00,47,F,24.33627734,128.8,61.0,5.4,89,7,Breakfast,448.0,66.0,22.0,10.5,0.0,100.0,81.4,36.6,CGMacros_dateshifted365/CGMacros/CGMacros-015/CGMacros-015.csv,dexcom,118.0,100.6,19.2
S015_2024-01-26T11:52:00,15,2024-01-26 11:52:00,47,F,24.33627734,128.8,61.0,5.4,89,11,Lunch,830.0,92.0,17.0,42.0,10.0,100.0,90.8,40.2,CGMacros_dateshifted365/CGMacros/CGMacros-015/CGMacros-015.csv,dexcom,131.0,101.2,10.4
S015_2024-01-26T18:49:00,15,2024-01-26 18:49:00,47,F,24.33627734,128.8,61.0,5.4,89,18,Snack,110.0,5.0,12.0,4.0,0.0,100.0,94.0,55.0,CGMacros_dateshifted365/CGMacros/CGMacros-015/CGMacros-015.csv,dexcom,149.0,93.2,-0.8
S015_2024-01-26T20:34:00,15,2024-01-26 20:34:00,47,F,24.33627734,128.8,61.0,5.4,89,20,Dinner,340.0,40.0,0.0,0.0,0.0,100.0,97.4,2.6,CGMacros_dateshifted365/CGMacros/CGMacros-015/CGMacros-015.csv,dexcom,100.0,94.6,-2.8
S015_2024-01-26T20:54:00,15,2024-01-26 20:54:00,47,F,24.33627734,128.8,61.0,5.4,89,20,Dinner,613.0,73.0,46.0,10.0,1.0,100.0,92.0,19.0,CGMacros_dateshifted365/CGMacros/CGMacros-015/CGMacros-015.csv,dexcom,111.0,111.0,19.0
S015_2024-01-26T21:58:00,15,2024-01-26 21:58:00,47,F,24.33627734,128.8,61.0,5.4,89,21,Snack,100.0,10.0,1.0,7.0,0.0,100.0,93.8,19.2,CGMacros_dateshifted365/CGMacros/CGMacros-015/CGMacros-015.csv,dexcom,113.0,92.0,-1.8
S015_2024-01-27T10:21:00,15,2024-01-27 10:21:00,47,F,24.33627734,128.8,61.0,5.4,89,10,Breakfast,608.0,66.0,66.0,10.5,0.0,100.0,97.0,12.0,CGMacros_dateshifted365/CGMacros/CGMacros-015/CGMacros-015.csv,dexcom,109.0,93.0,-4.0
S015_2024-01-27T13:35:00,15,2024-01-27 13:35:00,47,F,24.33627734,128.8,61.0,5.4,89,13,Lunch,435.0,16.0,66.0,14.0,4.0,100.0,104.0,0.0,CGMacros_dateshifted365/CGMacros/CGMacros-015/CGMacros-015.csv,dexcom,104.0,100.4,-3.6
S015_2024-01-27T18:14:00,15,2024-01-27 18:14:00,47,F,24.33627734,128.8,61.0,5.4,89,18,Dinner,741.0,81.0,47.0,25.0,0.0,100.0,102.2,39.8,CGMacros_dateshifted365/CGMacros/CGMacros-015/CGMacros-015.csv,dexcom,142.0,114.6,12.4
S015_2024-01-28T09:20:00,15,2024-01-28 09:20:00,47,F,24.33627734,128.8,61.0,5.4,89,9,Breakfast,712.0,66.0,22.0,42.0,0.0,100.0,105.0,34.0,CGMacros_dateshifted365/CGMacros/CGMacros-015/CGMacros-015.csv,dexcom,139.0,127.0,22.0
S015_2024-01-28T15:32:00,15,2024-01-28 15:32:00,47,F,24.33627734,128.8,61.0,5.4,89,15,Lunch,555.0,94.0,12.0,13.0,5.0,100.0,143.6,-3.4,CGMacros_dateshifted365/CGMacros/CGMacros-015/CGMacros-015.csv,dexcom,140.2,103.2,-40.4
S015_2024-01-28T18:21:00,15,2024-01-28 18:21:00,47,F,24.33627734,128.8,61.0,5.4,89,18,Dinner,695.0,79.0,30.0,28.0,6.0,100.0,106.0,69.0,CGMacros_dateshifted365/CGMacros/CGMacros-015/CGMacros-015.csv,dexcom,175.0,93.0,-13.0
S015_2024-01-28T19:03:00,15,2024-01-28 19:03:00,47,F,24.33627734,128.8,61.0,5.4,89,19,Snack,510.0,97.0,7.0,11.0,3.0,100.0,124.6,50.4,CGMacros_dateshifted365/CGMacros/CGMacros-015/CGMacros-015.csv,dexcom,175.0,120.6,-4.0
S015_2024-01-29T12:47:00,15,2024-01-29 12:47:00,47,F,24.33627734,128.8,61.0,5.4,89,12,Breakfast,902.0,73.0,66.0,42.0,7.0,100.0,104.0,34.0,CGMacros_dateshifted365/CGMacros/CGMacros-015/CGMacros-015.csv,dexcom,138.0,109.2,5.2
S015_2024-01-29T16:58:00,15,2024-01-29 16:58:00,47,F,24.33627734,128.8,61.0,5.4,89,16,Lunch,355.0,19.0,32.0,15.0,5.0,100.0,108.6,6.4,CGMacros_dateshifted365/CGMacros/CGMacros-015/CGMacros-015.csv,dexcom,115.0,107.4,-1.2
S015_2024-01-29T18:15:00,15,2024-01-29 18:15:00,47,F,24.33627734,128.8,61.0,5.4,89,18,Snack,431.0,77.0,6.0,11.0,1.0,100.0,105.6,9.4,CGMacros_dateshifted365/CGMacros/CGMacros-015/CGMacros-015.csv,dexcom,115.0,97.0,-8.6
S015_2024-01-30T07:34:00,15,2024-01-30 07:34:00,47,F,24.33627734,128.8,61.0,5.4,89,7,Breakfast,268.0,24.0,22.0,10.5,0.0,100.0,91.8,25.2,CGMacros_dateshifted365/CGMacros/CGMacros-015/CGMacros-015.csv,dexcom,117.0,71.6,-20.2
S015_2024-01-30T12:08:00,15,2024-01-30 12:08:00,47,F,24.33627734,128.8,61.0,5.4,89,12,Lunch,1110.0,93.0,84.0,44.0,4.0,100.0,95.8,16.2,CGMacros_dateshifted365/CGMacros/CGMacros-015/CGMacros-015.csv,dexcom,112.0,98.6,2.8
S015_2024-01-30T15:49:00,15,2024-01-30 15:49:00,47,F,24.33627734,128.8,61.0,5.4,89,15,Snack,115.0,12.0,9.0,0.0,1.0,100.0,96.0,15.0,CGMacros_dateshifted365/CGMacros/CGMacros-015/CGMacros-015.csv,dexcom,111.0,95.6,-0.4
S015_2024-01-30T17:55:00,15,2024-01-30 17:55:00,47,F,24.33627734,128.8,61.0,5.4,89,17,Dinner,274.0,16.0,10.0,19.0,4.0,100.0,95.2,30.8,CGMacros_dateshifted365/CGMacros/CGMacros-015/CGMacros-015.csv,dexcom,126.0,102.0,6.8
S015_2024-01-30T18:24:00,15,2024-01-30 18:24:00,47,F,24.33627734,128.8,61.0,5.4,89,18,Snack,76.0,21.0,0.0,0.0,0.0,100.0,98.8,27.2,CGMacros_dateshifted365/CGMacros/CGMacros-015/CGMacros-015.csv,dexcom,126.0,106.6,7.8
S015_2024-01-30T22:53:00,15,2024-01-30 22:53:00,47,F,24.33627734,128.8,61.0,5.4,89,22,Snack,492.0,69.0,17.0,15.0,7.0,100.0,102.0,20.0,CGMacros_dateshifted365/CGMacros/CGMacros-015/CGMacros-015.csv,dexcom,122.0,96.4,-5.6
S015_2024-01-31T08:01:00,15,2024-01-31 08:01:00,47,F,24.33627734,128.8,61.0,5.4,89,8,Breakfast,448.0,66.0,22.0,10.5,0.0,100.0,99.0,54.0,CGMacros_dateshifted365/CGMacros/CGMacros-015/CGMacros-015.csv,dexcom,153.0,116.0,17.0
S015_2024-01-31T14:28:00,15,2024-01-31 14:28:00,47,F,24.33627734,128.8,61.0,5.4,89,14,Lunch,575.0,76.0,22.0,18.5,11.0,100.0,99.2,56.8,CGMacros_dateshifted365/CGMacros/CGMacros-015/CGMacros-015.csv,dexcom,156.0,145.6,46.4
S015_2024-01-31T15:25:00,15,2024-01-31 15:25:00,47,F,24.33627734,128.8,61.0,5.4,89,15,Snack,190.0,15.0,5.0,13.0,0.0,100.0,155.0,1.0,CGMacros_dateshifted365/CGMacros/CGMacros-015/CGMacros-015.csv,dexcom,156.0,112.0,-43.0
S015_2024-01-31T18:25:00,15,2024-01-31 18:25:00,47,F,24.33627734,128.8,61.0,5.4,89,18,Dinner,172.0,6.0,12.0,11.0,1.0,100.0,99.0,11.0,CGMacros_dateshifted365/CGMacros/CGMacros-015/CGMacros-015.csv,dexcom,110.0,95.2,-3.8
S015_2024-01-31T18:57:00,15,2024-01-31 18:57:00,47,F,24.33627734,128.8,61.0,5.4,89,18,Snack,299.0,37.0,17.0,6.0,5.0,100.0,102.8,7.2,CGMacros_dateshifted365/CGMacros/CGMacros-015/CGMacros-015.csv,dexcom,110.0,106.2,3.4
S015_2024-02-01T08:35:00,15,2024-02-01 08:35:00,47,F,24.33627734,128.8,61.0,5.4,89,8,Breakfast,608.0,66.0,66.0,10.5,0.0,100.0,103.8,35.2,CGMacros_dateshifted365/CGMacros/CGMacros-015/CGMacros-015.csv,dexcom,139.0,102.4,-1.4
S015_2024-02-01T11:53:00,15,2024-02-01 11:53:00,47,F,24.33627734,128.8,61.0,5.4,89,11,Lunch,585.0,40.0,76.0,17.0,13.0,100.0,105.6,6.4,CGMacros_dateshifted365/CGMacros/CGMacros-015/CGMacros-015.csv,dexcom,112.0,109.4,3.8
S015_2024-02-01T15:40:00,15,2024-02-01 15:40:00,47,F,24.33627734,128.8,61.0,5.4,89,15,Snack,180.0,0.0,0.0,0.0,0.0,100.0,90.4,30.6,CGMacros_dateshifted365/CGMacros/CGMacros-015/CGMacros-015.csv,dexcom,121.0,106.0,15.6
S015_2024-02-01T18:23:00,15,2024-02-01 18:23:00,47,F,24.33627734,128.8,61.0,5.4,89,18,Dinner,130.0,2.0,14.0,7.0,0.0,100.0,96.2,21.8,CGMacros_dateshifted365/CGMacros/CGMacros-015/CGMacros-015.csv,dexcom,118.0,87.0,-9.2
S015_2024-02-01T18:51:00,15,2024-02-01 18:51:00,47,F,24.33627734,128.8,61.0,5.4,89,18,Snack,115.0,12.0,9.0,0.0,1.0,100.0,105.0,13.0,CGMacros_dateshifted365/CGMacros/CGMacros-015/CGMacros-015.csv,dexcom,118.0,99.0,-6.0
S015_2024-02-02T10:31:00,15,2024-02-02 10:31:00,47,F,24.33627734,128.8,61.0,5.4,89,10,Breakfast,712.0,66.0,22.0,42.0,0.0,100.0,93.0,94.0,CGMacros_dateshifted365/CGMacros/CGMacros-015/CGMacros-015.csv,dexcom,187.0,154.0,61.0
S015_2024-02-02T12:51:00,15,2024-02-02 12:51:00,47,F,24.33627734,128.8,61.0,5.4,89,12,Lunch,445.0,43.0,20.0,20.0,13.0,100.0,162.0,-1.6,CGMacros_dateshifted365/CGMacros/CGMacros-015/CGMacros-015.csv,dexcom,160.4,107.0,-55.0
S015_2024-02-02T15:58:00,15,2024-02-02 15:58:00,47,F,24.33627734,128.8,61.0,5.4,89,15,Snack,76.0,18.0,1.0,0.0,1.0,100.0,95.0,35.6,CGMacros_dateshifted365/CGMacros/CGMacros-015/CGMacros-015.csv,dexcom,130.6,130.6,35.6
S015_2024-02-02T17:05:00,15,2024-02-02 17:05:00,47,F,24.33627734,128.8,61.0,5.4,89,17,Snack,45.0,6.0,1.0,2.0,1.0,100.0,110.2,22.8,CGMacros_dateshifted365/CGMacros/CGMacros-015/CGMacros-015.csv,dexcom,133.0,122.8,12.6
S015_2024-02-02T17:06:00,15,2024-02-02 17:06:00,47,F,24.33627734,128.8,61.0,5.4,89,17,Snack,60.0,4.0,1.0,5.0,1.0,100.0,110.0,23.0,CGMacros_dateshifted365/CGMacros/CGMacros-015/CGMacros-015.csv,dexcom,133.0,124.0,14.0
S015_2024-02-02T18:38:00,15,2024-02-02 18:38:00,47,F,24.33627734,128.8,61.0,5.4,89,18,Dinner,404.0,63.0,10.0,12.0,0.0,100.0,128.0,30.0,CGMacros_dateshifted365/CGMacros/CGMacros-015/CGMacros-015.csv,dexcom,158.0,139.8,11.8
S015_2024-02-02T18:50:00,15,2024-02-02 18:50:00,47,F,24.33627734,128.8,61.0,5.4,89,18,Snack,261.0,27.0,4.0,16.0,0.0,100.0,120.4,37.6,CGMacros_dateshifted365/CGMacros/CGMacros-015/CGMacros-015.csv,dexcom,158.0,149.0,28.6
S015_2024-02-02T21:39:00,15,2024-02-02 21:39:00,47,F,24.33627734,128.8,61.0,5.4,89,21,Snack,200.0,50.0,0.0,0.0,0.0,100.0,117.0,3.0,CGMacros_dateshifted365/CGMacros/CGMacros-015/CGMacros-015.csv,dexcom,120.0,119.8,2.8
S015_2024-02-02T22:55:00,15,2024-02-02 22:55:00,47,F,24.33627734,128.8,61.0,5.4,89,22,Snack,200.0,50.0,0.0,0.0,0.0,100.0,109.6,26.4,CGMacros_dateshifted365/CGMacros/CGMacros-015/CGMacros-015.csv,dexcom,136.0,114.4,4.8
S015_2024-02-03T09:37:00,15,2024-02-03 09:37:00,47,F,24.33627734,128.8,61.0,5.4,89,9,Breakfast,268.0,24.0,22.0,10.5,0.0,100.0,100.0,31.0,CGMacros_dateshifted365/CGMacros/CGMacros-015/CGMacros-015.csv,dexcom,131.0,98.8,-1.2
S015_2024-02-03T12:40:00,15,2024-02-03 12:40:00,47,F,24.33627734,128.8,61.0,5.4,89,12,Lunch,725.0,94.0,44.0,20.0,4.0,100.0,92.8,99.2,CGMacros_dateshifted365/CGMacros/CGMacros-015/CGMacros-015.csv,dexcom,192.0,162.2,69.4
S015_2024-02-03T17:34:00,15,2024-02-03 17:34:00,47,F,24.33627734,128.8,61.0,5.4,89,17,Snack,0.0,0.0,0.0,0.0,0.0,100.0,101.2,1.8,CGMacros_dateshifted365/CGMacros/CGMacros-015/CGMacros-015.csv,dexcom,103.0,101.0,-0.2
S015_2024-02-03T19:00:00,15,2024-02-03 19:00:00,47,F,24.33627734,128.8,61.0,5.4,89,19,Snack,20.0,0.0,0.0,0.0,0.0,100.0,99.2,14.8,CGMacros_dateshifted365/CGMacros/CGMacros-015/CGMacros-015.csv,dexcom,114.0,95.0,-4.2
S015_2024-02-03T22:22:00,15,2024-02-03 22:22:00,47,F,24.33627734,128.8,61.0,5.4,89,22,Dinner,649.0,78.0,34.0,21.0,2.0,100.0,94.0,44.0,CGMacros_dateshifted365/CGMacros/CGMacros-015/CGMacros-015.csv,dexcom,138.0,137.2,43.2
S015_2024-02-04T09:32:00,15,2024-02-04 09:32:00,47,F,24.33627734,128.8,61.0,5.4,89,9,Breakfast,902.0,73.0,22.0,42.0,7.0,100.0,40.0,29.0,CGMacros_dateshifted365/CGMacros/CGMacros-015/CGMacros-015.csv,libre,69.0,42.0,2.0
S016_2023-07-14T11:58:00,16,2023-07-14 11:58:00,48,F,45.93513295,284.6,66.0,5.8,104,11,Snack,280.0,38.0,4.0,12.0,480.0,1.0,103.0,54.0,CGMacros_dateshifted365/CGMacros/CGMacros-016/CGMacros-016.csv,dexcom,157.0,105.0,2.0
S016_2023-07-15T08:17:00,16,2023-07-15 08:17:00,48,F,45.93513295,284.6,66.0,5.8,104,8,Breakfast,448.0,66.0,22.0,10.5,0.0,1.0,116.6,53.4,CGMacros_dateshifted365/CGMacros/CGMacros-016/CGMacros-016.csv,dexcom,170.0,140.6,24.0
S016_2023-07-15T12:13:00,16,2023-07-15 12:13:00,48,F,45.93513295,284.6,66.0,5.8,104,12,Snack,460.0,45.0,12.0,23.0,230.0,3.0,93.0,36.0,CGMacros_dateshifted365/CGMacros/CGMacros-016/CGMacros-016.csv,dexcom,129.0,123.0,30.0
S016_2023-07-16T07:32:00,16,2023-07-16 07:32:00,48,F,45.93513295,284.6,66.0,5.8,104,7,Breakfast,608.0,66.0,66.0,10.5,0.0,1.0,108.8,33.2,CGMacros_dateshifted365/CGMacros/CGMacros-016/CGMacros-016.csv,dexcom,142.0,109.8,1.0
S016_2023-07-16T12:06:00,16,2023-07-16 12:06:00,48,F,45.93513295,284.6,66.0,5.8,104,12,Snack,220.0,19.0,7.0,13.0,510.0,1.0,103.0,6.0,CGMacros_dateshifted365/CGMacros/CGMacros-016/CGMacros-016.csv,dexcom,109.0,104.6,1.6
S016_2023-07-17T07:31:00,16,2023-07-17 07:31:00,48,F,45.93513295,284.6,66.0,5.8,104,7,Breakfast,712.0,66.0,22.0,42.0,0.0,1.0,113.6,26.4,CGMacros_dateshifted365/CGMacros/CGMacros-016/CGMacros-016.csv,dexcom,140.0,115.2,1.6
S016_2023-07-17T12:24:00,16,2023-07-17 12:24:00,48,F,45.93513295,284.6,66.0,5.8,104,12,Snack,100.0,26.0,0.0,0.0,20.0,1.0,102.2,74.8,CGMacros_dateshifted365/CGMacros/CGMacros-016/CGMacros-016.csv,dexcom,177.0,171.2,69.0
S016_2023-07-18T07:53:00,16,2023-07-18 07:53:00,48,F,45.93513295,284.6,66.0,5.8,104,7,Breakfast,902.0,73.0,66.0,42.0,7.0,1.0,113.0,19.0,CGMacros_dateshifted365/CGMacros/CGMacros-016/CGMacros-016.csv,dexcom,132.0,106.0,-7.0
S016_2023-07-18T12:22:00,16,2023-07-18 12:22:00,48,F,45.93513295,284.6,66.0,5.8,104,12,Lunch,355.0,19.0,32.0,15.0,5.0,1.0,100.6,1.4,CGMacros_dateshifted365/CGMacros/CGMacros-016/CGMacros-016.csv,dexcom,102.0,99.4,-1.2
S016_2023-07-18T16:00:00,16,2023-07-18 16:00:00,48,F,45.93513295,284.6,66.0,5.8,104,16,Snack,580.0,73.0,7.0,31.0,230.0,2.0,100.4,3.6,CGMacros_dateshifted365/CGMacros/CGMacros-016/CGMacros-016.csv,dexcom,104.0,102.4,2.0
S016_2023-07-18T20:00:00,16,2023-07-18 20:00:00,48,F,45.93513295,284.6,66.0,5.8,104,20,Dinner,30.0,2.0,2.0,2.0,55.0,1.0,118.2,22.8,CGMacros_dateshifted365/CGMacros/CGMacros-016/CGMacros-016.csv,dexcom,141.0,139.6,21.4
S016_2023-07-19T07:42:00,16,2023-07-19 07:42:00,48,F,45.93513295,284.6,66.0,5.8,104,7,Breakfast,268.0,24.0,22.0,10.5,0.0,1.0,109.6,18.4,CGMacros_dateshifted365/CGMacros/CGMacros-016/CGMacros-016.csv,dexcom,128.0,110.6,1.0
S016_2023-07-19T20:00:00,16,2023-07-19 20:00:00,48,F,45.93513295,284.6,66.0,5.8,104,20,Dinner,440.0,38.0,14.0,26.0,1020.0,1.0,110.4,50.8,CGMacros_dateshifted365/CGMacros/CGMacros-016/CGMacros-016.csv,dexcom,161.2,161.2,50.8
S016_2023-07-20T07:32:00,16,2023-07-20 07:32:00,48,F,45.93513295,284.6,66.0,5.8,104,7,Breakfast,448.0,66.0,22.0,10.5,0.0,1.0,112.8,59.2,CGMacros_dateshifted365/CGMacros/CGMacros-016/CGMacros-016.csv,dexcom,172.0,134.0,21.2
S016_2023-07-20T12:15:00,16,2023-07-20 12:15:00,48,F,45.93513295,284.6,66.0,5.8,104,12,Lunch,575.0,76.0,22.0,18.5,11.0,1.0,95.8,43.2,CGMacros_dateshifted365/CGMacros/CGMacros-016/CGMacros-016.csv,dexcom,139.0,123.0,27.2
S016_2023-07-20T16:00:00,16,2023-07-20 16:00:00,48,F,45.93513295,284.6,66.0,5.8,104,16,Snack,410.0,63.0,6.0,15.0,480.0,1.0,108.6,2.4,CGMacros_dateshifted365/CGMacros/CGMacros-016/CGMacros-016.csv,dexcom,111.0,107.4,-1.2
S016_2023-07-20T20:00:00,16,2023-07-20 20:00:00,48,F,45.93513295,284.6,66.0,5.8,104,20,Dinner,1590.0,107.0,54.0,508.0,2830.0,2.0,155.2,1.8,CGMacros_dateshifted365/CGMacros/CGMacros-016/CGMacros-016.csv,dexcom,157.0,112.8,-42.4
S016_2023-07-21T09:09:00,16,2023-07-21 09:09:00,48,F,45.93513295,284.6,66.0,5.8,104,9,Breakfast,608.0,66.0,66.0,10.5,0.0,1.0,131.2,59.8,CGMacros_dateshifted365/CGMacros/CGMacros-016/CGMacros-016.csv,dexcom,191.0,149.2,18.0
S016_2023-07-21T12:24:00,16,2023-07-21 12:24:00,48,F,45.93513295,284.6,66.0,5.8,104,12,Lunch,585.0,40.0,76.0,17.0,13.0,1.0,110.2,10.8,CGMacros_dateshifted365/CGMacros/CGMacros-016/CGMacros-016.csv,dexcom,121.0,116.4,6.2
S016_2023-07-21T16:00:00,16,2023-07-21 16:00:00,48,F,45.93513295,284.6,66.0,5.8,104,16,Snack,505.0,81.0,7.0,16.0,0.0,1.0,120.4,35.6,CGMacros_dateshifted365/CGMacros/CGMacros-016/CGMacros-016.csv,dexcom,156.0,116.0,-4.4
S016_2023-07-21T20:00:00,16,2023-07-21 20:00:00,48,F,45.93513295,284.6,66.0,5.8,104,20,Dinner,1250.0,17.0,44.0,27.0,904.0,3.0,103.0,43.4,CGMacros_dateshifted365/CGMacros/CGMacros-016/CGMacros-016.csv,dexcom,146.4,146.4,43.4
S016_2023-07-22T09:45:00,16,2023-07-22 09:45:00,48,F,45.93513295,284.6,66.0,5.8,104,9,Breakfast,712.0,66.0,22.0,42.0,0.0,1.0,127.8,57.2,CGMacros_dateshifted365/CGMacros/CGMacros-016/CGMacros-016.csv,dexcom,185.0,163.4,35.6
S016_2023-07-22T13:19:00,16,2023-07-22 13:19:00,48,F,45.93513295,284.6,66.0,5.8,104,13,Lunch,445.0,43.0,20.0,20.0,13.0,1.0,97.8,59.2,CGMacros_dateshifted365/CGMacros/CGMacros-016/CGMacros-016.csv,dexcom,157.0,131.8,34.0
S016_2023-07-22T20:00:00,16,2023-07-22 20:00:00,48,F,45.93513295,284.6,66.0,5.8,104,20,Dinner,870.0,110.0,69.0,28.0,2670.0,4.0,135.0,18.0,CGMacros_dateshifted365/CGMacros/CGMacros-016/CGMacros-016.csv,dexcom,153.0,133.6,-1.4
S016_2023-07-23T07:38:00,16,2023-07-23 07:38:00,48,F,45.93513295,284.6,66.0,5.8,104,7,Breakfast,268.0,24.0,22.0,10.5,0.0,1.0,122.0,34.0,CGMacros_dateshifted365/CGMacros/CGMacros-016/CGMacros-016.csv,dexcom,156.0,116.0,-6.0
S016_2023-07-23T12:08:00,16,2023-07-23 12:08:00,48,F,45.93513295,284.6,66.0,5.8,104,12,Lunch,725.0,94.0,44.0,20.0,4.0,1.0,116.0,93.0,CGMacros_dateshifted365/CGMacros/CGMacros-016/CGMacros-016.csv,dexcom,209.0,163.0,47.0
S016_2023-07-23T20:00:00,16,2023-07-23 20:00:00,48,F,45.93513295,284.6,66.0,5.8,104,20,Dinner,540.0,45.0,25.0,28.0,950.0,1.0,161.2,22.8,CGMacros_dateshifted365/CGMacros/CGMacros-016/CGMacros-016.csv,dexcom,184.0,166.0,4.8
S016_2023-07-24T07:44:00,16,2023-07-24 07:44:00,48,F,45.93513295,284.6,66.0,5.8,104,7,Breakfast,902.0,73.0,22.0,42.0,7.0,1.0,96.3333,21.6667,CGMacros_dateshifted365/CGMacros/CGMacros-016/CGMacros-016.csv,libre,118.0,96.5333,0.2
S017_2023-10-10T13:20:00,17,2023-10-10 13:20:00,33,F,22.69318234,140.6,66.0,5.0,95,13,Lunch,1180.0,81.0,88.0,54.5,18.0,100.0,114.2,29.8,CGMacros_dateshifted365/CGMacros/CGMacros-017/CGMacros-017.csv,dexcom,144.0,123.4,9.2
S017_2023-10-10T20:30:00,17,2023-10-10 20:30:00,33,F,22.69318234,140.6,66.0,5.0,95,20,Dinner,160.0,4.0,30.0,3.0,1.0,100.0,130.4,2.6,CGMacros_dateshifted365/CGMacros/CGMacros-017/CGMacros-017.csv,dexcom,133.0,106.2,-24.2
S017_2023-10-10T22:40:00,17,2023-10-10 22:40:00,33,F,22.69318234,140.6,66.0,5.0,95,22,Snack,60.0,0.0,12.0,1.0,0.0,100.0,109.8,17.2,CGMacros_dateshifted365/CGMacros/CGMacros-017/CGMacros-017.csv,dexcom,127.0,120.8,11.0
S017_2023-10-11T10:21:00,17,2023-10-11 10:21:00,33,F,22.69318234,140.6,66.0,5.0,95,10,Breakfast,448.0,66.0,22.0,10.5,0.0,100.0,113.0,77.0,CGMacros_dateshifted365/CGMacros/CGMacros-017/CGMacros-017.csv,dexcom,190.0,181.0,68.0
S017_2023-10-11T14:11:00,17,2023-10-11 14:11:00,33,F,22.69318234,140.6,66.0,5.0,95,14,Lunch,830.0,92.0,17.0,42.0,10.0,100.0,111.0,61.0,CGMacros_dateshifted365/CGMacros/CGMacros-017/CGMacros-017.csv,dexcom,172.0,165.0,54.0
S017_2023-10-11T20:42:00,17,2023-10-11 20:42:00,33,F,22.69318234,140.6,66.0,5.0,95,20,Snack,160.0,4.0,30.0,3.0,1.0,100.0,112.0,6.0,CGMacros_dateshifted365/CGMacros/CGMacros-017/CGMacros-017.csv,dexcom,118.0,117.0,5.0
S017_2023-10-11T22:15:00,17,2023-10-11 22:15:00,33,F,22.69318234,140.6,66.0,5.0,95,22,Snack,160.0,19.0,2.0,8.0,0.0,100.0,115.0,42.0,CGMacros_dateshifted365/CGMacros/CGMacros-017/CGMacros-017.csv,dexcom,157.0,146.2,31.2
S017_2023-10-11T22:35:00,17,2023-10-11 22:35:00,33,F,22.69318234,140.6,66.0,5.0,95,22,Dinner,210.0,25.0,3.0,11.0,2.0,100.0,114.8,42.2,CGMacros_dateshifted365/CGMacros/CGMacros-017/CGMacros-017.csv,dexcom,157.0,136.4,21.6
S017_2023-10-12T11:39:00,17,2023-10-12 11:39:00,33,F,22.69318234,140.6,66.0,5.0,95,11,Breakfast,608.0,66.0,66.0,10.5,0.0,100.0,106.2,72.8,CGMacros_dateshifted365/CGMacros/CGMacros-017/CGMacros-017.csv,dexcom,179.0,144.2,38.0
S017_2023-10-12T14:43:00,17,2023-10-12 14:43:00,33,F,22.69318234,140.6,66.0,5.0,95,14,Lunch,435.0,16.0,66.0,14.0,4.0,100.0,121.0,4.0,CGMacros_dateshifted365/CGMacros/CGMacros-017/CGMacros-017.csv,dexcom,125.0,105.2,-15.8
S017_2023-10-12T20:27:00,17,2023-10-12 20:27:00,33,F,22.69318234,140.6,66.0,5.0,95,20,Snack,160.0,4.0,30.0,3.0,1.0,100.0,111.0,4.8,CGMacros_dateshifted365/CGMacros/CGMacros-017/CGMacros-017.csv,dexcom,115.8,115.8,4.8
S017_2023-10-12T21:50:00,17,2023-10-12 21:50:00,33,F,22.69318234,140.6,66.0,5.0,95,21,Snack,640.0,96.0,8.0,24.0,8.0,100.0,104.0,33.0,CGMacros_dateshifted365/CGMacros/CGMacros-017/CGMacros-017.csv,dexcom,137.0,125.4,21.4
S017_2023-10-12T22:17:00,17,2023-10-12 22:17:00,33,F,22.69318234,140.6,66.0,5.0,95,22,Dinner,860.0,47.0,51.0,51.0,3.0,100.0,107.6,29.4,CGMacros_dateshifted365/CGMacros/CGMacros-017/CGMacros-017.csv,dexcom,137.0,117.8,10.2
S017_2023-10-13T11:36:00,17,2023-10-13 11:36:00,33,F,22.69318234,140.6,66.0,5.0,95,11,Breakfast,712.0,66.0,22.0,42.0,0.0,100.0,121.0,39.0,CGMacros_dateshifted365/CGMacros/CGMacros-017/CGMacros-017.csv,dexcom,160.0,85.0,-36.0
S017_2023-10-13T15:05:00,17,2023-10-13 15:05:00,33,F,22.69318234,140.6,66.0,5.0,95,15,Lunch,555.0,94.0,12.0,13.0,5.0,100.0,148.0,31.0,CGMacros_dateshifted365/CGMacros/CGMacros-017/CGMacros-017.csv,dexcom,179.0,162.8,14.8
S017_2023-10-13T19:01:00,17,2023-10-13 19:01:00,33,F,22.69318234,140.6,66.0,5.0,95,19,Snack,220.0,36.0,1.0,9.0,1.0,100.0,125.0,29.0,CGMacros_dateshifted365/CGMacros/CGMacros-017/CGMacros-017.csv,dexcom,154.0,108.0,-17.0
S017_2023-10-13T22:07:00,17,2023-10-13 22:07:00,33,F,22.69318234,140.6,66.0,5.0,95,22,Dinner,616.0,54.0,58.0,18.0,4.0,100.0,108.6,32.4,CGMacros_dateshifted365/CGMacros/CGMacros-017/CGMacros-017.csv,dexcom,141.0,135.6,27.0
S017_2023-10-13T22:15:00,17,2023-10-13 22:15:00,33,F,22.69318234,140.6,66.0,5.0,95,22,Snack,300.0,37.0,5.0,15.0,1.0,100.0,110.2,30.8,CGMacros_dateshifted365/CGMacros/CGMacros-017/CGMacros-017.csv,dexcom,141.0,132.4,22.2
S017_2023-10-14T08:27:00,17,2023-10-14 08:27:00,33,F,22.69318234,140.6,66.0,5.0,95,8,Breakfast,902.0,73.0,66.0,42.0,7.0,100.0,119.4,54.6,CGMacros_dateshifted365/CGMacros/CGMacros-017/CGMacros-017.csv,dexcom,174.0,124.2,4.8
S017_2023-10-14T13:04:00,17,2023-10-14 13:04:00,33,F,22.69318234,140.6,66.0,5.0,95,13,Lunch,355.0,19.0,32.0,15.0,5.0,100.0,127.0,15.0,CGMacros_dateshifted365/CGMacros/CGMacros-017/CGMacros-017.csv,dexcom,142.0,121.4,-5.6
S017_2023-10-14T17:59:00,17,2023-10-14 17:59:00,33,F,22.69318234,140.6,66.0,5.0,95,17,Snack,306.0,25.0,3.0,0.0,0.0,100.0,115.8,15.2,CGMacros_dateshifted365/CGMacros/CGMacros-017/CGMacros-017.csv,dexcom,131.0,120.0,4.2
S017_2023-10-14T18:47:00,17,2023-10-14 18:47:00,33,F,22.69318234,140.6,66.0,5.0,95,18,Dinner,450.0,81.0,9.0,9.0,0.0,100.0,116.6,13.4,CGMacros_dateshifted365/CGMacros/CGMacros-017/CGMacros-017.csv,dexcom,130.0,109.4,-7.2
S017_2023-10-14T18:54:00,17,2023-10-14 18:54:00,33,F,22.69318234,140.6,66.0,5.0,95,18,Snack,444.0,42.0,2.0,0.0,0.0,100.0,115.0,15.0,CGMacros_dateshifted365/CGMacros/CGMacros-017/CGMacros-017.csv,dexcom,130.0,106.4,-8.6
S017_2023-10-14T21:00:00,17,2023-10-14 21:00:00,33,F,22.69318234,140.6,66.0,5.0,95,21,Snack,222.0,20.0,2.0,0.0,0.0,100.0,106.0,52.0,CGMacros_dateshifted365/CGMacros/CGMacros-017/CGMacros-017.csv,dexcom,158.0,120.8,14.8
S017_2023-10-15T11:00:00,17,2023-10-15 11:00:00,33,F,22.69318234,140.6,66.0,5.0,95,11,Breakfast,268.0,24.0,22.0,10.5,0.0,100.0,128.4,33.6,CGMacros_dateshifted365/CGMacros/CGMacros-017/CGMacros-017.csv,dexcom,162.0,140.6,12.2
S017_2023-10-15T14:06:00,17,2023-10-15 14:06:00,33,F,22.69318234,140.6,66.0,5.0,95,14,Lunch,1110.0,93.0,84.0,44.0,4.0,100.0,120.0,56.0,CGMacros_dateshifted365/CGMacros/CGMacros-017/CGMacros-017.csv,dexcom,176.0,147.0,27.0
S017_2023-10-15T19:42:00,17,2023-10-15 19:42:00,33,F,22.69318234,140.6,66.0,5.0,95,19,Snack,140.0,31.0,3.0,0.0,0.0,100.0,128.8,36.2,CGMacros_dateshifted365/CGMacros/CGMacros-017/CGMacros-017.csv,dexcom,165.0,135.8,7.0
S017_2023-10-15T20:03:00,17,2023-10-15 20:03:00,33,F,22.69318234,140.6,66.0,5.0,95,20,Dinner,420.0,44.0,6.0,26.0,2.0,100.0,137.8,27.2,CGMacros_dateshifted365/CGMacros/CGMacros-017/CGMacros-017.csv,dexcom,165.0,140.8,3.0
S017_2023-10-16T01:19:00,17,2023-10-16 01:19:00,33,F,22.69318234,140.6,66.0,5.0,95,1,Snack,648.0,52.0,17.0,41.0,9.0,100.0,116.2,64.8,CGMacros_dateshifted365/CGMacros/CGMacros-017/CGMacros-017.csv,dexcom,181.0,139.6,23.4
S017_2023-10-16T02:25:00,17,2023-10-16 02:25:00,33,F,22.69318234,140.6,66.0,5.0,95,2,Snack,8.0,2.0,0.0,0.0,0.0,100.0,165.8,-0.8,CGMacros_dateshifted365/CGMacros/CGMacros-017/CGMacros-017.csv,dexcom,165.0,134.2,-31.6
S017_2023-10-16T09:41:00,17,2023-10-16 09:41:00,33,F,22.69318234,140.6,66.0,5.0,95,9,Breakfast,448.0,66.0,22.0,10.5,0.0,100.0,129.0,70.0,CGMacros_dateshifted365/CGMacros/CGMacros-017/CGMacros-017.csv,dexcom,199.0,120.0,-9.0
S017_2023-10-16T12:47:00,17,2023-10-16 12:47:00,33,F,22.69318234,140.6,66.0,5.0,95,12,Lunch,575.0,76.0,22.0,18.5,11.0,100.0,129.6,25.4,CGMacros_dateshifted365/CGMacros/CGMacros-017/CGMacros-017.csv,dexcom,155.0,128.8,-0.8
S017_2023-10-16T22:16:00,17,2023-10-16 22:16:00,33,F,22.69318234,140.6,66.0,5.0,95,22,Dinner,641.0,66.0,31.0,29.0,10.0,100.0,116.0,47.0,CGMacros_dateshifted365/CGMacros/CGMacros-017/CGMacros-017.csv,dexcom,163.0,128.0,12.0
S017_2023-10-17T11:12:00,17,2023-10-17 11:12:00,33,F,22.69318234,140.6,66.0,5.0,95,11,Breakfast,608.0,66.0,66.0,10.5,0.0,100.0,128.6,62.4,CGMacros_dateshifted365/CGMacros/CGMacros-017/CGMacros-017.csv,dexcom,191.0,157.6,29.0
S017_2023-10-17T15:35:00,17,2023-10-17 15:35:00,33,F,22.69318234,140.6,66.0,5.0,95,15,Lunch,585.0,40.0,76.0,17.0,13.0,100.0,128.2,0.8,CGMacros_dateshifted365/CGMacros/CGMacros-017/CGMacros-017.csv,dexcom,129.0,121.2,-7.0
S017_2023-10-17T18:19:00,17,2023-10-17 18:19:00,33,F,22.69318234,140.6,66.0,5.0,95,18,Snack,148.0,14.0,1.0,0.0,0.0,100.0,124.0,17.0,CGMacros_dateshifted365/CGMacros/CGMacros-017/CGMacros-017.csv,dexcom,141.0,110.6,-13.4
S017_2023-10-17T20:13:00,17,2023-10-17 20:13:00,33,F,22.69318234,140.6,66.0,5.0,95,20,Dinner,375.0,53.0,7.0,15.0,1.0,100.0,111.2,40.8,CGMacros_dateshifted365/CGMacros/CGMacros-017/CGMacros-017.csv,dexcom,152.0,135.4,24.2
S017_2023-10-18T11:43:00,17,2023-10-18 11:43:00,33,F,22.69318234,140.6,66.0,5.0,95,11,Breakfast,712.0,66.0,22.0,42.0,0.0,100.0,137.2,42.8,CGMacros_dateshifted365/CGMacros/CGMacros-017/CGMacros-017.csv,dexcom,180.0,155.8,18.6
S017_2023-10-18T15:01:00,17,2023-10-18 15:01:00,33,F,22.69318234,140.6,66.0,5.0,95,15,Lunch,445.0,43.0,20.0,20.0,13.0,100.0,156.0,-2.6,CGMacros_dateshifted365/CGMacros/CGMacros-017/CGMacros-017.csv,dexcom,153.4,119.0,-37.0
S017_2023-10-18T15:28:00,17,2023-10-18 15:28:00,33,F,22.69318234,140.6,66.0,5.0,95,15,Snack,146.0,14.0,0.0,0.0,0.0,100.0,120.0,25.0,CGMacros_dateshifted365/CGMacros/CGMacros-017/CGMacros-017.csv,dexcom,145.0,115.8,-4.2
S017_2023-10-18T18:08:00,17,2023-10-18 18:08:00,33,F,22.69318234,140.6,66.0,5.0,95,18,Snack,148.0,14.0,1.0,0.0,0.0,100.0,123.4,8.6,CGMacros_dateshifted365/CGMacros/CGMacros-017/CGMacros-017.csv,dexcom,132.0,111.2,-12.2
S017_2023-10-18T20:46:00,17,2023-10-18 20:46:00,33,F,22.69318234,140.6,66.0,5.0,95,20,Dinner,946.0,108.0,50.0,17.0,16.0,100.0,114.0,37.0,CGMacros_dateshifted365/CGMacros/CGMacros-017/CGMacros-017.csv,dexcom,151.0,119.0,5.0
S017_2023-10-19T08:30:00,17,2023-10-19 08:30:00,33,F,22.69318234,140.6,66.0,5.0,95,8,Breakfast,268.0,24.0,22.0,10.5,0.0,100.0,128.8,31.2,CGMacros_dateshifted365/CGMacros/CGMacros-017/CGMacros-017.csv,dexcom,160.0,120.0,-8.8
S017_2023-10-19T12:51:00,17,2023-10-19 12:51:00,33,F,22.69318234,140.6,66.0,5.0,95,12,Lunch,725.0,94.0,44.0,20.0,4.0,100.0,121.0,72.0,CGMacros_dateshifted365/CGMacros/CGMacros-017/CGMacros-017.csv,dexcom,193.0,165.0,44.0
S017_2023-10-19T13:05:00,17,2023-10-19 13:05:00,33,F,22.69318234,140.6,66.0,5.0,95,13,Snack,150.0,15.0,3.0,9.0,0.0,100.0,130.2,62.8,CGMacros_dateshifted365/CGMacros/CGMacros-017/CGMacros-017.csv,dexcom,193.0,156.8,26.6
S017_2023-10-19T19:02:00,17,2023-10-19 19:02:00,33,F,22.69318234,140.6,66.0,5.0,95,19,Snack,111.0,10.0,1.0,0.0,0.0,100.0,130.2,1.8,CGMacros_dateshifted365/CGMacros/CGMacros-017/CGMacros-017.csv,dexcom,132.0,130.2,0.0
S017_2023-10-19T21:00:00,17,2023-10-19 21:00:00,33,F,22.69318234,140.6,66.0,5.0,95,21,Dinner,1740.0,131.0,36.0,11.0,12.0,100.0,127.8,18.2,CGMacros_dateshifted365/CGMacros/CGMacros-017/CGMacros-017.csv,dexcom,146.0,130.6,2.8
S017_2023-10-20T16:40:00,17,2023-10-20 16:40:00,33,F,22.69318234,140.6,66.0,5.0,95,16,Breakfast,902.0,73.0,22.0,42.0,7.0,100.0,83.0667,34.9333,CGMacros_dateshifted365/CGMacros/CGMacros-017/CGMacros-017.csv,libre,118.0,117.7333,34.6667
S018_2024-01-28T13:13:00,18,2024-01-28 13:13:00,18,M,38.05875885,243.0,67.0,5.4,103,13,Lunch,1180.0,81.0,88.0,54.5,18.0,1.0,103.0,12.0,CGMacros_dateshifted365/CGMacros/CGMacros-018/CGMacros-018.csv,dexcom,115.0,105.8,2.8
S018_2024-01-28T18:26:00,18,2024-01-28 18:26:00,18,M,38.05875885,243.0,67.0,5.4,103,18,Dinner,972.0,122.0,39.0,64.0,8.0,5.0,89.2,49.8,CGMacros_dateshifted365/CGMacros/CGMacros-018/CGMacros-018.csv,dexcom,139.0,92.4,3.2
S018_2024-02-07T10:18:00,18,2024-02-07 10:18:00,18,M,38.05875885,243.0,67.0,5.4,103,10,Breakfast,448.0,66.0,22.0,10.5,0.0,1.0,119.2,82.8,CGMacros_dateshifted365/CGMacros/CGMacros-018/CGMacros-018.csv,dexcom,202.0,164.4,45.2
S018_2024-02-07T13:24:00,18,2024-02-07 13:24:00,18,M,38.05875885,243.0,67.0,5.4,103,13,Lunch,830.0,92.0,17.0,42.0,10.0,1.0,91.6,65.4,CGMacros_dateshifted365/CGMacros/CGMacros-018/CGMacros-018.csv,dexcom,157.0,143.4,51.8
S018_2024-02-07T18:39:00,18,2024-02-07 18:39:00,18,M,38.05875885,243.0,67.0,5.4,103,18,Dinner,1736.0,276.0,108.0,66.0,53.0,4.0,124.6,73.4,CGMacros_dateshifted365/CGMacros/CGMacros-018/CGMacros-018.csv,dexcom,198.0,178.2,53.6
S018_2024-02-07T19:07:00,18,2024-02-07 19:07:00,18,M,38.05875885,243.0,67.0,5.4,103,19,Snack,230.0,23.0,9.0,4.0,1.0,2.0,149.6,48.4,CGMacros_dateshifted365/CGMacros/CGMacros-018/CGMacros-018.csv,dexcom,198.0,190.8,41.2
S018_2024-02-08T09:36:00,18,2024-02-08 09:36:00,18,M,38.05875885,243.0,67.0,5.4,103,9,Breakfast,608.0,66.0,66.0,10.5,0.0,1.0,135.0,84.0,CGMacros_dateshifted365/CGMacros/CGMacros-018/CGMacros-018.csv,dexcom,219.0,151.0,16.0
S018_2024-02-08T13:22:00,18,2024-02-08 13:22:00,18,M,38.05875885,243.0,67.0,5.4,103,13,Lunch,435.0,16.0,66.0,14.0,4.0,1.0,122.8,30.2,CGMacros_dateshifted365/CGMacros/CGMacros-018/CGMacros-018.csv,dexcom,153.0,152.8,30.0
S018_2024-02-08T16:38:00,18,2024-02-08 16:38:00,18,M,38.05875885,243.0,67.0,5.4,103,16,Snack,142.0,16.0,3.0,8.0,3.0,1.0,128.8,84.6,CGMacros_dateshifted365/CGMacros/CGMacros-018/CGMacros-018.csv,dexcom,213.4,213.4,84.6
S018_2024-02-08T20:17:00,18,2024-02-08 20:17:00,18,M,38.05875885,243.0,67.0,5.4,103,20,Dinner,1120.0,83.0,62.0,61.0,5.0,3.0,144.0,38.0,CGMacros_dateshifted365/CGMacros/CGMacros-018/CGMacros-018.csv,dexcom,182.0,160.8,16.8
S018_2024-02-09T07:57:00,18,2024-02-09 07:57:00,18,M,38.05875885,243.0,67.0,5.4,103,7,Breakfast,712.0,66.0,22.0,42.0,0.0,1.0,129.2,87.8,CGMacros_dateshifted365/CGMacros/CGMacros-018/CGMacros-018.csv,dexcom,217.0,159.0,29.8
S018_2024-02-09T13:08:00,18,2024-02-09 13:08:00,18,M,38.05875885,243.0,67.0,5.4,103,13,Lunch,555.0,94.0,12.0,13.0,5.0,1.0,140.6,70.4,CGMacros_dateshifted365/CGMacros/CGMacros-018/CGMacros-018.csv,dexcom,211.0,194.4,53.8
S018_2024-02-09T17:18:00,18,2024-02-09 17:18:00,18,M,38.05875885,243.0,67.0,5.4,103,17,Dinner,1082.0,113.0,51.0,49.0,9.0,2.0,156.6,32.4,CGMacros_dateshifted365/CGMacros/CGMacros-018/CGMacros-018.csv,dexcom,189.0,159.8,3.2
S018_2024-02-09T17:28:00,18,2024-02-09 17:28:00,18,M,38.05875885,243.0,67.0,5.4,103,17,Dinner,432.0,59.0,12.0,18.0,3.0,1.0,152.8,36.2,CGMacros_dateshifted365/CGMacros/CGMacros-018/CGMacros-018.csv,dexcom,189.0,161.4,8.6
S018_2024-02-09T20:23:00,18,2024-02-09 20:23:00,18,M,38.05875885,243.0,67.0,5.4,103,20,Dinner,80.0,22.0,0.0,0.0,4.0,1.0,170.8,33.2,CGMacros_dateshifted365/CGMacros/CGMacros-018/CGMacros-018.csv,dexcom,204.0,193.4,22.6
S018_2024-02-09T20:55:00,18,2024-02-09 20:55:00,18,M,38.05875885,243.0,67.0,5.4,103,20,Dinner,473.0,57.0,8.0,13.0,0.0,1.0,145.4,58.6,CGMacros_dateshifted365/CGMacros/CGMacros-018/CGMacros-018.csv,dexcom,204.0,139.4,-6.0
S018_2024-02-10T08:20:00,18,2024-02-10 08:20:00,18,M,38.05875885,243.0,67.0,5.4,103,8,Breakfast,902.0,73.0,66.0,42.0,7.0,1.0,143.4,40.6,CGMacros_dateshifted365/CGMacros/CGMacros-018/CGMacros-018.csv,dexcom,184.0,160.4,17.0
S018_2024-02-10T13:28:00,18,2024-02-10 13:28:00,18,M,38.05875885,243.0,67.0,5.4,103,13,Lunch,355.0,19.0,32.0,15.0,5.0,1.0,128.8,22.2,CGMacros_dateshifted365/CGMacros/CGMacros-018/CGMacros-018.csv,dexcom,151.0,142.0,13.2
S018_2024-02-10T18:21:00,18,2024-02-10 18:21:00,18,M,38.05875885,243.0,67.0,5.4,103,18,Dinner,963.0,20.0,97.0,52.0,3.0,1.0,122.0,90.0,CGMacros_dateshifted365/CGMacros/CGMacros-018/CGMacros-018.csv,dexcom,212.0,194.0,72.0
S018_2024-02-11T09:12:00,18,2024-02-11 09:12:00,18,M,38.05875885,243.0,67.0,5.4,103,9,Breakfast,268.0,24.0,22.0,10.5,0.0,1.0,135.0,82.0,CGMacros_dateshifted365/CGMacros/CGMacros-018/CGMacros-018.csv,dexcom,217.0,209.0,74.0
S018_2024-02-11T13:26:00,18,2024-02-11 13:26:00,18,M,38.05875885,243.0,67.0,5.4,103,13,Lunch,1110.0,93.0,84.0,44.0,4.0,1.0,131.0,41.0,CGMacros_dateshifted365/CGMacros/CGMacros-018/CGMacros-018.csv,dexcom,172.0,168.0,37.0
S018_2024-02-11T16:43:00,18,2024-02-11 16:43:00,18,M,38.05875885,243.0,67.0,5.4,103,16,Snack,473.0,57.0,8.0,13.0,0.0,1.0,154.2,33.8,CGMacros_dateshifted365/CGMacros/CGMacros-018/CGMacros-018.csv,dexcom,188.0,168.8,14.6
S018_2024-02-11T17:25:00,18,2024-02-11 17:25:00,18,M,38.05875885,243.0,67.0,5.4,103,17,Dinner,119.0,15.0,6.0,4.0,2.0,1.0,154.0,41.0,CGMacros_dateshifted365/CGMacros/CGMacros-018/CGMacros-018.csv,dexcom,195.0,153.0,-1.0
S018_2024-02-11T21:14:00,18,2024-02-11 21:14:00,18,M,38.05875885,243.0,67.0,5.4,103,21,Snack,580.0,96.0,28.0,11.0,4.0,2.0,133.4,67.6,CGMacros_dateshifted365/CGMacros/CGMacros-018/CGMacros-018.csv,dexcom,201.0,173.4,40.0
S018_2024-02-12T08:15:00,18,2024-02-12 08:15:00,18,M,38.05875885,243.0,67.0,5.4,103,8,Breakfast,448.0,66.0,22.0,10.5,0.0,1.0,140.8,37.2,CGMacros_dateshifted365/CGMacros/CGMacros-018/CGMacros-018.csv,dexcom,178.0,147.6,6.8
S018_2024-02-12T14:50:00,18,2024-02-12 14:50:00,18,M,38.05875885,243.0,67.0,5.4,103,14,Lunch,575.0,76.0,22.0,18.5,11.0,1.0,165.4,15.6,CGMacros_dateshifted365/CGMacros/CGMacros-018/CGMacros-018.csv,dexcom,181.0,161.2,-4.2
S018_2024-02-13T08:47:00,18,2024-02-13 08:47:00,18,M,38.05875885,243.0,67.0,5.4,103,8,Breakfast,608.0,66.0,66.0,10.5,0.0,1.0,149.4,34.6,CGMacros_dateshifted365/CGMacros/CGMacros-018/CGMacros-018.csv,dexcom,184.0,145.0,-4.4
S018_2024-02-13T13:01:00,18,2024-02-13 13:01:00,18,M,38.05875885,243.0,67.0,5.4,103,13,Lunch,585.0,40.0,76.0,17.0,13.0,1.0,143.0,12.0,CGMacros_dateshifted365/CGMacros/CGMacros-018/CGMacros-018.csv,dexcom,155.0,143.0,0.0
S018_2024-02-13T17:49:00,18,2024-02-13 17:49:00,18,M,38.05875885,243.0,67.0,5.4,103,17,Dinner,605.0,45.0,59.0,19.0,15.0,2.0,129.0,23.0,CGMacros_dateshifted365/CGMacros/CGMacros-018/CGMacros-018.csv,dexcom,152.0,152.0,23.0
S018_2024-02-13T20:40:00,18,2024-02-13 20:40:00,18,M,38.05875885,243.0,67.0,5.4,103,20,Snack,80.0,22.0,0.0,0.0,4.0,1.0,150.4,7.6,CGMacros_dateshifted365/CGMacros/CGMacros-018/CGMacros-018.csv,dexcom,158.0,130.8,-19.6
S018_2024-02-13T22:19:00,18,2024-02-13 22:19:00,18,M,38.05875885,243.0,67.0,5.4,103,22,Snack,590.0,59.0,56.0,16.0,1.0,3.0,154.4,-1.2,CGMacros_dateshifted365/CGMacros/CGMacros-018/CGMacros-018.csv,dexcom,153.2,145.6,-8.8
S018_2024-02-14T07:26:00,18,2024-02-14 07:26:00,18,M,38.05875885,243.0,67.0,5.4,103,7,Breakfast,712.0,66.0,22.0,42.0,0.0,1.0,129.0,36.0,CGMacros_dateshifted365/CGMacros/CGMacros-018/CGMacros-018.csv,dexcom,165.0,102.0,-27.0
S018_2024-02-14T13:32:00,18,2024-02-14 13:32:00,18,M,38.05875885,243.0,67.0,5.4,103,13,Lunch,445.0,43.0,20.0,20.0,13.0,1.0,149.6,35.4,CGMacros_dateshifted365/CGMacros/CGMacros-018/CGMacros-018.csv,dexcom,185.0,127.8,-21.8
S018_2024-02-14T19:02:00,18,2024-02-14 19:02:00,18,M,38.05875885,243.0,67.0,5.4,103,19,Dinner,420.0,74.0,18.0,10.0,22.0,1.0,170.4,-1.6,CGMacros_dateshifted365/CGMacros/CGMacros-018/CGMacros-018.csv,dexcom,168.8,152.8,-17.6
S018_2024-02-15T08:36:00,18,2024-02-15 08:36:00,18,M,38.05875885,243.0,67.0,5.4,103,8,Breakfast,268.0,24.0,22.0,10.5,0.0,1.0,148.0,48.0,CGMacros_dateshifted365/CGMacros/CGMacros-018/CGMacros-018.csv,dexcom,196.0,131.0,-17.0
S018_2024-02-15T13:03:00,18,2024-02-15 13:03:00,18,M,38.05875885,243.0,67.0,5.4,103,13,Lunch,725.0,94.0,44.0,20.0,4.0,1.0,131.6,47.4,CGMacros_dateshifted365/CGMacros/CGMacros-018/CGMacros-018.csv,dexcom,179.0,177.0,45.4
S018_2024-02-15T18:09:00,18,2024-02-15 18:09:00,18,M,38.05875885,243.0,67.0,5.4,103,18,Dinner,710.0,80.0,29.0,30.0,6.0,3.0,134.0,45.0,CGMacros_dateshifted365/CGMacros/CGMacros-018/CGMacros-018.csv,dexcom,179.0,159.6,25.6
S018_2024-02-15T18:15:00,18,2024-02-15 18:15:00,18,M,38.05875885,243.0,67.0,5.4,103,18,Dinner,644.0,71.0,29.0,26.0,3.0,3.0,135.6,43.4,CGMacros_dateshifted365/CGMacros/CGMacros-018/CGMacros-018.csv,dexcom,179.0,154.0,18.4
S018_2024-02-16T08:03:00,18,2024-02-16 08:03:00,18,M,38.05875885,243.0,67.0,5.4,103,8,Breakfast,902.0,73.0,22.0,42.0,7.0,1.0,149.4,52.6,CGMacros_dateshifted365/CGMacros/CGMacros-018/CGMacros-018.csv,dexcom,202.0,172.2,22.8
S019_2020-09-29T12:40:00,19,2020-09-29 12:40:00,40,F,36.42909871,202.4,62.5,5.6,98,12,Lunch,1180.0,81.0,88.0,54.5,18.0,1.0,123.4,36.6,CGMacros_dateshifted365/CGMacros/CGMacros-019/CGMacros-019.csv,dexcom,160.0,152.2,28.8
S019_2020-09-29T16:03:00,19,2020-09-29 16:03:00,40,F,36.42909871,202.4,62.5,5.6,98,16,Snack,177.0,10.0,6.0,14.0,60.0,2.0,144.6,18.4,CGMacros_dateshifted365/CGMacros/CGMacros-019/CGMacros-019.csv,dexcom,163.0,152.6,8.0
S019_2020-09-29T22:52:00,19,2020-09-29 22:52:00,40,F,36.42909871,202.4,62.5,5.6,98,22,Dinner,102.0,3.0,7.0,7.0,100.0,2.0,129.0,108.0,CGMacros_dateshifted365/CGMacros/CGMacros-019/CGMacros-019.csv,dexcom,237.0,182.0,53.0
S019_2020-09-30T09:44:00,19,2020-09-30 09:44:00,40,F,36.42909871,202.4,62.5,5.6,98,9,Breakfast,448.0,66.0,22.0,10.5,0.0,1.0,119.0,108.0,CGMacros_dateshifted365/CGMacros/CGMacros-019/CGMacros-019.csv,dexcom,227.0,154.8,35.8
S019_2020-09-30T13:26:00,19,2020-09-30 13:26:00,40,F,36.42909871,202.4,62.5,5.6,98,13,Lunch,830.0,92.0,17.0,42.0,10.0,1.0,105.4,47.6,CGMacros_dateshifted365/CGMacros/CGMacros-019/CGMacros-019.csv,dexcom,153.0,131.8,26.4
S019_2020-09-30T16:06:00,19,2020-09-30 16:06:00,40,F,36.42909871,202.4,62.5,5.6,98,16,Dinner,630.0,55.0,42.0,27.0,1086.0,5.0,133.0,18.0,CGMacros_dateshifted365/CGMacros/CGMacros-019/CGMacros-019.csv,dexcom,151.0,133.0,0.0
S019_2020-10-01T09:30:00,19,2020-10-01 09:30:00,40,F,36.42909871,202.4,62.5,5.6,98,9,Breakfast,608.0,66.0,66.0,10.5,0.0,1.0,113.0,60.0,CGMacros_dateshifted365/CGMacros/CGMacros-019/CGMacros-019.csv,dexcom,173.0,171.2,58.2
S019_2020-10-01T13:04:00,19,2020-10-01 13:04:00,40,F,36.42909871,202.4,62.5,5.6,98,13,Lunch,435.0,16.0,66.0,14.0,4.0,1.0,132.0,0.0,CGMacros_dateshifted365/CGMacros/CGMacros-019/CGMacros-019.csv,dexcom,132.0,122.0,-10.0
S019_2020-10-01T18:34:00,19,2020-10-01 18:34:00,40,F,36.42909871,202.4,62.5,5.6,98,18,Dinner,1460.0,100.0,62.0,90.0,2300.0,1.0,150.0,1.0,CGMacros_dateshifted365/CGMacros/CGMacros-019/CGMacros-019.csv,dexcom,151.0,128.6,-21.4
S019_2020-10-01T18:46:00,19,2020-10-01 18:46:00,40,F,36.42909871,202.4,62.5,5.6,98,18,Dinner,150.0,22.0,2.0,0.0,15.0,2.0,149.4,0.6,CGMacros_dateshifted365/CGMacros/CGMacros-019/CGMacros-019.csv,dexcom,150.0,132.2,-17.2
S019_2020-10-02T09:18:00,19,2020-10-02 09:18:00,40,F,36.42909871,202.4,62.5,5.6,98,9,Breakfast,712.0,66.0,22.0,42.0,0.0,1.0,135.2,58.2,CGMacros_dateshifted365/CGMacros/CGMacros-019/CGMacros-019.csv,dexcom,193.4,193.4,58.2
S019_2020-10-02T12:30:00,19,2020-10-02 12:30:00,40,F,36.42909871,202.4,62.5,5.6,98,12,Lunch,555.0,94.0,12.0,13.0,5.0,1.0,113.0,79.0,CGMacros_dateshifted365/CGMacros/CGMacros-019/CGMacros-019.csv,dexcom,192.0,168.8,55.8
S019_2020-10-02T16:16:00,19,2020-10-02 16:16:00,40,F,36.42909871,202.4,62.5,5.6,98,16,Dinner,90.0,12.0,1.0,5.0,5.0,1.0,151.4,15.6,CGMacros_dateshifted365/CGMacros/CGMacros-019/CGMacros-019.csv,dexcom,167.0,154.6,3.2
S019_2020-10-02T21:26:00,19,2020-10-02 21:26:00,40,F,36.42909871,202.4,62.5,5.6,98,21,Dinner,360.0,79.0,6.0,4.0,583.0,2.0,138.8,56.2,CGMacros_dateshifted365/CGMacros/CGMacros-019/CGMacros-019.csv,dexcom,195.0,183.4,44.6
S019_2020-10-03T09:39:00,19,2020-10-03 09:39:00,40,F,36.42909871,202.4,62.5,5.6,98,9,Breakfast,902.0,73.0,66.0,42.0,7.0,1.0,122.6,27.4,CGMacros_dateshifted365/CGMacros/CGMacros-019/CGMacros-019.csv,dexcom,150.0,144.6,22.0
S019_2020-10-03T14:14:00,19,2020-10-03 14:14:00,40,F,36.42909871,202.4,62.5,5.6,98,14,Lunch,355.0,19.0,32.0,15.0,5.0,1.0,128.0,8.0,CGMacros_dateshifted365/CGMacros/CGMacros-019/CGMacros-019.csv,dexcom,136.0,128.2,0.2
S019_2020-10-03T15:11:00,19,2020-10-03 15:11:00,40,F,36.42909871,202.4,62.5,5.6,98,15,Snack,0.0,0.0,0.0,0.0,0.0,1.0,126.6,8.4,CGMacros_dateshifted365/CGMacros/CGMacros-019/CGMacros-019.csv,dexcom,135.0,132.2,5.6
S019_2020-10-03T18:00:00,19,2020-10-03 18:00:00,40,F,36.42909871,202.4,62.5,5.6,98,18,Snack,260.0,44.0,2.0,8.0,460.0,2.0,125.4,54.6,CGMacros_dateshifted365/CGMacros/CGMacros-019/CGMacros-019.csv,dexcom,180.0,174.8,49.4
S019_2020-10-03T19:10:00,19,2020-10-03 19:10:00,40,F,36.42909871,202.4,62.5,5.6,98,19,Dinner,285.0,35.0,14.0,10.0,0.0,1.0,173.4,6.6,CGMacros_dateshifted365/CGMacros/CGMacros-019/CGMacros-019.csv,dexcom,180.0,135.8,-37.6
S019_2020-10-03T19:41:00,19,2020-10-03 19:41:00,40,F,36.42909871,202.4,62.5,5.6,98,19,Dinner,0.0,0.0,0.0,0.0,30.0,1.0,178.2,-0.2,CGMacros_dateshifted365/CGMacros/CGMacros-019/CGMacros-019.csv,dexcom,178.0,148.0,-30.2
S019_2020-10-03T21:04:00,19,2020-10-03 21:04:00,40,F,36.42909871,202.4,62.5,5.6,98,21,Snack,162.0,16.0,2.0,10.0,180.0,1.0,132.8,16.2,CGMacros_dateshifted365/CGMacros/CGMacros-019/CGMacros-019.csv,dexcom,149.0,141.6,8.8
S019_2020-10-03T21:13:00,19,2020-10-03 21:13:00,40,F,36.42909871,202.4,62.5,5.6,98,21,Snack,50.0,13.0,1.0,0.0,1.0,1.0,137.4,11.6,CGMacros_dateshifted365/CGMacros/CGMacros-019/CGMacros-019.csv,dexcom,149.0,135.2,-2.2
S019_2020-10-04T13:26:00,19,2020-10-04 13:26:00,40,F,36.42909871,202.4,62.5,5.6,98,13,Lunch,1110.0,93.0,84.0,44.0,4.0,1.0,118.2,49.8,CGMacros_dateshifted365/CGMacros/CGMacros-019/CGMacros-019.csv,dexcom,168.0,158.8,40.6
S019_2020-10-04T14:14:00,19,2020-10-04 14:14:00,40,F,36.42909871,202.4,62.5,5.6,98,14,Breakfast,268.0,24.0,22.0,10.5,0.0,1.0,153.6,19.4,CGMacros_dateshifted365/CGMacros/CGMacros-019/CGMacros-019.csv,dexcom,173.0,165.8,12.2
S019_2020-10-04T17:55:00,19,2020-10-04 17:55:00,40,F,36.42909871,202.4,62.5,5.6,98,17,Dinner,613.0,43.0,39.0,33.0,916.0,2.0,138.2,14.8,CGMacros_dateshifted365/CGMacros/CGMacros-019/CGMacros-019.csv,dexcom,153.0,139.6,1.4
S019_2020-10-04T22:10:00,19,2020-10-04 22:10:00,40,F,36.42909871,202.4,62.5,5.6,98,22,Snack,260.0,3.0,0.0,6.0,2.0,1.0,145.2,20.8,CGMacros_dateshifted365/CGMacros/CGMacros-019/CGMacros-019.csv,dexcom,166.0,131.2,-14.0
S019_2020-10-04T23:11:00,19,2020-10-04 23:11:00,40,F,36.42909871,202.4,62.5,5.6,98,23,Snack,95.0,24.0,0.0,0.0,0.0,1.0,141.2,15.8,CGMacros_dateshifted365/CGMacros/CGMacros-019/CGMacros-019.csv,dexcom,157.0,153.8,12.6
S019_2020-10-05T09:19:00,19,2020-10-05 09:19:00,40,F,36.42909871,202.4,62.5,5.6,98,9,Breakfast,448.0,66.0,22.0,10.5,0.0,1.0,143.2,46.8,CGMacros_dateshifted365/CGMacros/CGMacros-019/CGMacros-019.csv,dexcom,190.0,151.8,8.6
S019_2020-10-05T12:26:00,19,2020-10-05 12:26:00,40,F,36.42909871,202.4,62.5,5.6,98,12,Lunch,575.0,76.0,22.0,18.5,11.0,1.0,117.4,23.0,CGMacros_dateshifted365/CGMacros/CGMacros-019/CGMacros-019.csv,dexcom,140.4,140.4,23.0
S019_2020-10-05T16:42:00,19,2020-10-05 16:42:00,40,F,36.42909871,202.4,62.5,5.6,98,16,Dinner,1003.0,138.0,46.0,33.0,1099.0,3.0,160.0,7.0,CGMacros_dateshifted365/CGMacros/CGMacros-019/CGMacros-019.csv,dexcom,167.0,139.0,-21.0
S019_2020-10-05T17:38:00,19,2020-10-05 17:38:00,40,F,36.42909871,202.4,62.5,5.6,98,17,Snack,136.0,36.0,1.0,0.0,12.0,2.0,166.0,-1.0,CGMacros_dateshifted365/CGMacros/CGMacros-019/CGMacros-019.csv,dexcom,165.0,130.0,-36.0
S019_2020-10-05T20:17:00,19,2020-10-05 20:17:00,40,F,36.42909871,202.4,62.5,5.6,98,20,Snack,56.0,13.0,10.0,0.0,29.0,1.0,129.0,-1.0,CGMacros_dateshifted365/CGMacros/CGMacros-019/CGMacros-019.csv,dexcom,128.0,127.0,-2.0
S019_2020-10-05T21:49:00,19,2020-10-05 21:49:00,40,F,36.42909871,202.4,62.5,5.6,98,21,Snack,80.0,0.0,2.0,5.0,400.0,1.0,115.8,34.2,CGMacros_dateshifted365/CGMacros/CGMacros-019/CGMacros-019.csv,dexcom,150.0,140.2,24.4
S019_2020-10-06T09:26:00,19,2020-10-06 09:26:00,40,F,36.42909871,202.4,62.5,5.6,98,9,Breakfast,608.0,66.0,66.0,10.5,0.0,1.0,132.6,41.4,CGMacros_dateshifted365/CGMacros/CGMacros-019/CGMacros-019.csv,dexcom,174.0,146.8,14.2
S019_2020-10-06T12:32:00,19,2020-10-06 12:32:00,40,F,36.42909871,202.4,62.5,5.6,98,12,Lunch,585.0,40.0,76.0,17.0,13.0,1.0,129.0,25.0,CGMacros_dateshifted365/CGMacros/CGMacros-019/CGMacros-019.csv,dexcom,154.0,130.0,1.0
S019_2020-10-06T16:17:00,19,2020-10-06 16:17:00,40,F,36.42909871,202.4,62.5,5.6,98,16,Snack,140.0,16.0,2.0,8.0,380.0,1.0,130.0,59.0,CGMacros_dateshifted365/CGMacros/CGMacros-019/CGMacros-019.csv,dexcom,189.0,189.0,59.0
S019_2020-10-06T18:41:00,19,2020-10-06 18:41:00,40,F,36.42909871,202.4,62.5,5.6,98,18,Dinner,448.0,54.0,35.0,13.0,1424.0,3.0,181.4,5.6,CGMacros_dateshifted365/CGMacros/CGMacros-019/CGMacros-019.csv,dexcom,187.0,169.0,-12.4
S019_2020-10-06T18:42:00,19,2020-10-06 18:42:00,40,F,36.42909871,202.4,62.5,5.6,98,18,Snack,50.0,12.0,0.0,0.0,0.0,2.0,179.0,8.0,CGMacros_dateshifted365/CGMacros/CGMacros-019/CGMacros-019.csv,dexcom,187.0,170.0,-9.0
S019_2020-10-06T21:36:00,19,2020-10-06 21:36:00,40,F,36.42909871,202.4,62.5,5.6,98,21,Snack,114.0,15.0,4.0,10.0,174.0,1.0,142.6,21.4,CGMacros_dateshifted365/CGMacros/CGMacros-019/CGMacros-019.csv,dexcom,164.0,132.8,-9.8
S019_2020-10-07T10:21:00,19,2020-10-07 10:21:00,40,F,36.42909871,202.4,62.5,5.6,98,10,Breakfast,712.0,66.0,22.0,42.0,0.0,1.0,124.0,36.0,CGMacros_dateshifted365/CGMacros/CGMacros-019/CGMacros-019.csv,dexcom,160.0,126.8,2.8
S019_2020-10-07T14:44:00,19,2020-10-07 14:44:00,40,F,36.42909871,202.4,62.5,5.6,98,14,Lunch,445.0,43.0,20.0,20.0,13.0,1.0,130.2,32.8,CGMacros_dateshifted365/CGMacros/CGMacros-019/CGMacros-019.csv,dexcom,163.0,133.2,3.0
S019_2020-10-07T16:55:00,19,2020-10-07 16:55:00,40,F,36.42909871,202.4,62.5,5.6,98,16,Snack,230.0,61.0,0.0,0.0,10.0,1.0,127.8,40.2,CGMacros_dateshifted365/CGMacros/CGMacros-019/CGMacros-019.csv,dexcom,168.0,140.4,12.6
S019_2020-10-07T18:28:00,19,2020-10-07 18:28:00,40,F,36.42909871,202.4,62.5,5.6,98,18,Dinner,768.0,65.0,78.0,26.0,2199.0,2.0,129.4,61.6,CGMacros_dateshifted365/CGMacros/CGMacros-019/CGMacros-019.csv,dexcom,191.0,151.6,22.2
S019_2020-10-08T09:06:00,19,2020-10-08 09:06:00,40,F,36.42909871,202.4,62.5,5.6,98,9,Breakfast,268.0,24.0,22.0,10.5,0.0,1.0,135.4,21.6,CGMacros_dateshifted365/CGMacros/CGMacros-019/CGMacros-019.csv,dexcom,157.0,125.2,-10.2
S019_2020-10-08T12:45:00,19,2020-10-08 12:45:00,40,F,36.42909871,202.4,62.5,5.6,98,12,Lunch,725.0,94.0,44.0,20.0,4.0,1.0,127.4,90.6,CGMacros_dateshifted365/CGMacros/CGMacros-019/CGMacros-019.csv,dexcom,218.0,169.8,42.4
S019_2020-10-08T16:32:00,19,2020-10-08 16:32:00,40,F,36.42909871,202.4,62.5,5.6,98,16,Snack,280.0,40.0,4.0,14.0,520.0,1.0,122.0,45.0,CGMacros_dateshifted365/CGMacros/CGMacros-019/CGMacros-019.csv,dexcom,167.0,167.0,45.0
S019_2020-10-08T18:13:00,19,2020-10-08 18:13:00,40,F,36.42909871,202.4,62.5,5.6,98,18,Dinner,323.0,40.0,33.0,3.0,570.0,3.0,137.2,71.8,CGMacros_dateshifted365/CGMacros/CGMacros-019/CGMacros-019.csv,dexcom,209.0,138.6,1.4
S020_2024-03-19T12:35:00,20,2024-03-19 12:35:00,59,F,35.95333351,206.2,63.5,6.4,119,12,Lunch,1180.0,81.0,88.0,54.5,18.0,1.0,115.2,89.8,CGMacros_dateshifted365/CGMacros/CGMacros-020/CGMacros-020.csv,dexcom,205.0,181.8,66.6
S020_2024-03-19T18:11:00,20,2024-03-19 18:11:00,59,F,35.95333351,206.2,63.5,6.4,119,18,Dinner,415.0,59.0,16.0,13.0,1.0,4.0,131.0,74.0,CGMacros_dateshifted365/CGMacros/CGMacros-020/CGMacros-020.csv,dexcom,205.0,187.0,56.0
S020_2024-03-20T05:00:00,20,2024-03-20 05:00:00,59,F,35.95333351,206.2,63.5,6.4,119,5,Breakfast,448.0,66.0,22.0,10.5,0.0,1.0,156.6,88.4,CGMacros_dateshifted365/CGMacros/CGMacros-020/CGMacros-020.csv,dexcom,245.0,182.0,25.4
S020_2024-03-20T10:24:00,20,2024-03-20 10:24:00,59,F,35.95333351,206.2,63.5,6.4,119,10,Lunch,830.0,92.0,17.0,42.0,10.0,1.0,127.0,75.4,CGMacros_dateshifted365/CGMacros/CGMacros-020/CGMacros-020.csv,dexcom,202.4,202.4,75.4
S020_2024-03-20T16:25:00,20,2024-03-20 16:25:00,59,F,35.95333351,206.2,63.5,6.4,119,16,Dinner,310.0,45.0,15.0,9.0,5.0,3.0,135.0,122.0,CGMacros_dateshifted365/CGMacros/CGMacros-020/CGMacros-020.csv,dexcom,257.0,251.6,116.6
S020_2024-03-21T05:14:00,20,2024-03-21 05:14:00,59,F,35.95333351,206.2,63.5,6.4,119,5,Breakfast,608.0,66.0,66.0,10.5,0.0,1.0,158.4,59.6,CGMacros_dateshifted365/CGMacros/CGMacros-020/CGMacros-020.csv,dexcom,218.0,179.2,20.8
S020_2024-03-21T10:24:00,20,2024-03-21 10:24:00,59,F,35.95333351,206.2,63.5,6.4,119,10,Lunch,435.0,16.0,66.0,14.0,4.0,1.0,119.0,35.0,CGMacros_dateshifted365/CGMacros/CGMacros-020/CGMacros-020.csv,dexcom,154.0,148.8,29.8
S020_2024-03-21T17:31:00,20,2024-03-21 17:31:00,59,F,35.95333351,206.2,63.5,6.4,119,17,Dinner,1069.0,87.0,35.0,68.0,15.0,8.0,136.0,72.0,CGMacros_dateshifted365/CGMacros/CGMacros-020/CGMacros-020.csv,dexcom,208.0,191.0,55.0
S020_2024-03-21T18:05:00,20,2024-03-21 18:05:00,59,F,35.95333351,206.2,63.5,6.4,119,18,Snack,160.0,25.0,2.0,5.0,0.0,1.0,157.8,50.2,CGMacros_dateshifted365/CGMacros/CGMacros-020/CGMacros-020.csv,dexcom,208.0,176.2,18.4
S020_2024-03-21T18:39:00,20,2024-03-21 18:39:00,59,F,35.95333351,206.2,63.5,6.4,119,18,Snack,260.0,20.0,7.0,16.0,4.0,2.0,195.0,13.0,CGMacros_dateshifted365/CGMacros/CGMacros-020/CGMacros-020.csv,dexcom,208.0,179.6,-15.4
S020_2024-03-22T04:48:00,20,2024-03-22 04:48:00,59,F,35.95333351,206.2,63.5,6.4,119,4,Breakfast,712.0,66.0,22.0,42.0,0.0,1.0,149.4,82.6,CGMacros_dateshifted365/CGMacros/CGMacros-020/CGMacros-020.csv,dexcom,232.0,224.4,75.0
S020_2024-03-22T10:27:00,20,2024-03-22 10:27:00,59,F,35.95333351,206.2,63.5,6.4,119,10,Lunch,555.0,94.0,12.0,13.0,5.0,1.0,111.4,145.6,CGMacros_dateshifted365/CGMacros/CGMacros-020/CGMacros-020.csv,dexcom,257.0,228.6,117.2
S020_2024-03-22T16:28:00,20,2024-03-22 16:28:00,59,F,35.95333351,206.2,63.5,6.4,119,16,Dinner,1530.0,190.0,46.0,69.0,15.0,5.0,118.0,89.4,CGMacros_dateshifted365/CGMacros/CGMacros-020/CGMacros-020.csv,dexcom,207.4,207.4,89.4
S020_2024-03-22T22:47:00,20,2024-03-22 22:47:00,59,F,35.95333351,206.2,63.5,6.4,119,22,Snack,279.0,40.0,10.0,9.0,1.0,2.0,189.8,64.2,CGMacros_dateshifted365/CGMacros/CGMacros-020/CGMacros-020.csv,dexcom,254.0,245.0,55.2
S020_2024-03-22T23:04:00,20,2024-03-22 23:04:00,59,F,35.95333351,206.2,63.5,6.4,119,23,Snack,51.0,6.0,1.0,3.0,0.0,1.0,191.2,62.8,CGMacros_dateshifted365/CGMacros/CGMacros-020/CGMacros-020.csv,dexcom,254.0,238.4,47.2
S020_2024-03-23T05:06:00,20,2024-03-23 05:06:00,59,F,35.95333351,206.2,63.5,6.4,119,5,Breakfast,902.0,73.0,66.0,42.0,7.0,1.0,120.0,40.0,CGMacros_dateshifted365/CGMacros/CGMacros-020/CGMacros-020.csv,dexcom,160.0,160.0,40.0
S020_2024-03-23T10:25:00,20,2024-03-23 10:25:00,59,F,35.95333351,206.2,63.5,6.4,119,10,Lunch,355.0,19.0,32.0,15.0,5.0,1.0,120.4,49.6,CGMacros_dateshifted365/CGMacros/CGMacros-020/CGMacros-020.csv,dexcom,170.0,151.2,30.8
S020_2024-03-23T18:53:00,20,2024-03-23 18:53:00,59,F,35.95333351,206.2,63.5,6.4,119,18,Dinner,825.0,98.0,28.0,35.0,7.0,6.0,148.6,63.2,CGMacros_dateshifted365/CGMacros/CGMacros-020/CGMacros-020.csv,dexcom,211.8,211.8,63.2
S020_2024-03-23T22:05:00,20,2024-03-23 22:05:00,59,F,35.95333351,206.2,63.5,6.4,119,22,Snack,630.0,81.0,11.0,33.0,0.0,2.0,147.0,49.0,CGMacros_dateshifted365/CGMacros/CGMacros-020/CGMacros-020.csv,dexcom,196.0,158.6,11.6
S020_2024-03-24T04:56:00,20,2024-03-24 04:56:00,59,F,35.95333351,206.2,63.5,6.4,119,4,Breakfast,268.0,24.0,22.0,10.5,0.0,1.0,143.0,48.0,CGMacros_dateshifted365/CGMacros/CGMacros-020/CGMacros-020.csv,dexcom,191.0,137.0,-6.0
S020_2024-03-24T10:18:00,20,2024-03-24 10:18:00,59,F,35.95333351,206.2,63.5,6.4,119,10,Lunch,1110.0,93.0,84.0,44.0,4.0,1.0,142.8,52.2,CGMacros_dateshifted365/CGMacros/CGMacros-020/CGMacros-020.csv,dexcom,195.0,172.4,29.6
S020_2024-03-24T14:44:00,20,2024-03-24 14:44:00,59,F,35.95333351,206.2,63.5,6.4,119,14,Snack,195.0,33.0,0.0,8.0,0.0,1.0,150.8,26.2,CGMacros_dateshifted365/CGMacros/CGMacros-020/CGMacros-020.csv,dexcom,177.0,162.6,11.8
S020_2024-03-24T18:25:00,20,2024-03-24 18:25:00,59,F,35.95333351,206.2,63.5,6.4,119,18,Dinner,645.0,57.0,42.0,29.0,3.0,3.0,153.0,88.0,CGMacros_dateshifted365/CGMacros/CGMacros-020/CGMacros-020.csv,dexcom,241.0,220.6,67.6
S020_2024-03-24T18:53:00,20,2024-03-24 18:53:00,59,F,35.95333351,206.2,63.5,6.4,119,18,Snack,375.0,39.0,6.0,23.0,2.0,2.0,146.2,94.8,CGMacros_dateshifted365/CGMacros/CGMacros-020/CGMacros-020.csv,dexcom,241.0,184.4,38.2
S020_2024-03-25T07:22:00,20,2024-03-25 07:22:00,59,F,35.95333351,206.2,63.5,6.4,119,7,Breakfast,448.0,66.0,22.0,10.5,0.0,1.0,153.8,98.2,CGMacros_dateshifted365/CGMacros/CGMacros-020/CGMacros-020.csv,dexcom,252.0,242.0,88.2
S020_2024-03-25T12:51:00,20,2024-03-25 12:51:00,59,F,35.95333351,206.2,63.5,6.4,119,12,Lunch,575.0,76.0,22.0,18.5,11.0,1.0,115.0,96.0,CGMacros_dateshifted365/CGMacros/CGMacros-020/CGMacros-020.csv,dexcom,211.0,195.0,80.0
S020_2024-03-25T17:34:00,20,2024-03-25 17:34:00,59,F,35.95333351,206.2,63.5,6.4,119,17,Dinner,30.0,5.0,2.0,0.0,0.0,1.0,114.4,94.0,CGMacros_dateshifted365/CGMacros/CGMacros-020/CGMacros-020.csv,dexcom,208.4,208.4,94.0
S020_2024-03-25T17:36:00,20,2024-03-25 17:36:00,59,F,35.95333351,206.2,63.5,6.4,119,17,Snack,250.0,25.0,4.0,10.0,1.0,1.0,114.0,96.0,CGMacros_dateshifted365/CGMacros/CGMacros-020/CGMacros-020.csv,dexcom,210.0,210.0,96.0
S020_2024-03-25T20:48:00,20,2024-03-25 20:48:00,59,F,35.95333351,206.2,63.5,6.4,119,20,Snack,320.0,16.0,10.0,26.0,2.0,1.0,185.0,-2.0,CGMacros_dateshifted365/CGMacros/CGMacros-020/CGMacros-020.csv,dexcom,183.0,154.6,-30.4
S020_2024-03-26T07:51:00,20,2024-03-26 07:51:00,59,F,35.95333351,206.2,63.5,6.4,119,7,Breakfast,608.0,66.0,66.0,10.5,0.0,1.0,156.0,59.0,CGMacros_dateshifted365/CGMacros/CGMacros-020/CGMacros-020.csv,dexcom,215.0,193.0,37.0
S020_2024-03-26T12:58:00,20,2024-03-26 12:58:00,59,F,35.95333351,206.2,63.5,6.4,119,12,Lunch,585.0,40.0,76.0,17.0,13.0,1.0,108.4,53.6,CGMacros_dateshifted365/CGMacros/CGMacros-020/CGMacros-020.csv,dexcom,162.0,142.2,33.8
S020_2024-03-26T19:18:00,20,2024-03-26 19:18:00,59,F,35.95333351,206.2,63.5,6.4,119,19,Dinner,2030.0,38.0,19.0,100.0,3.0,2.0,122.8,75.2,CGMacros_dateshifted365/CGMacros/CGMacros-020/CGMacros-020.csv,dexcom,198.0,168.6,45.8
S020_2024-03-27T05:00:00,20,2024-03-27 05:00:00,59,F,35.95333351,206.2,63.5,6.4,119,5,Breakfast,712.0,66.0,22.0,42.0,0.0,1.0,154.6,76.4,CGMacros_dateshifted365/CGMacros/CGMacros-020/CGMacros-020.csv,dexcom,231.0,225.8,71.2
S020_2024-03-27T09:27:00,20,2024-03-27 09:27:00,59,F,35.95333351,206.2,63.5,6.4,119,9,Snack,10.0,3.0,0.0,0.0,0.0,1.0,114.4,33.0,CGMacros_dateshifted365/CGMacros/CGMacros-020/CGMacros-020.csv,dexcom,147.4,147.4,33.0
S020_2024-03-27T10:28:00,20,2024-03-27 10:28:00,59,F,35.95333351,206.2,63.5,6.4,119,10,Lunch,445.0,43.0,20.0,20.0,13.0,1.0,115.2,56.8,CGMacros_dateshifted365/CGMacros/CGMacros-020/CGMacros-020.csv,dexcom,172.0,148.0,32.8
S020_2024-03-27T16:29:00,20,2024-03-27 16:29:00,59,F,35.95333351,206.2,63.5,6.4,119,16,Snack,1030.0,0.0,0.0,0.0,0.0,1.0,129.4,98.6,CGMacros_dateshifted365/CGMacros/CGMacros-020/CGMacros-020.csv,dexcom,228.0,212.0,82.6
S020_2024-03-27T19:45:00,20,2024-03-27 19:45:00,59,F,35.95333351,206.2,63.5,6.4,119,19,Dinner,76.0,17.0,3.0,0.0,1.0,2.0,132.2,72.8,CGMacros_dateshifted365/CGMacros/CGMacros-020/CGMacros-020.csv,dexcom,205.0,144.4,12.2
S020_2024-03-28T05:06:00,20,2024-03-28 05:06:00,59,F,35.95333351,206.2,63.5,6.4,119,5,Breakfast,268.0,24.0,22.0,10.5,0.0,1.0,148.0,42.0,CGMacros_dateshifted365/CGMacros/CGMacros-020/CGMacros-020.csv,dexcom,190.0,149.0,1.0
S020_2024-03-28T10:28:00,20,2024-03-28 10:28:00,59,F,35.95333351,206.2,63.5,6.4,119,10,Lunch,725.0,94.0,44.0,20.0,4.0,1.0,133.2,112.8,CGMacros_dateshifted365/CGMacros/CGMacros-020/CGMacros-020.csv,dexcom,246.0,228.6,95.4
S020_2024-03-28T18:46:00,20,2024-03-28 18:46:00,59,F,35.95333351,206.2,63.5,6.4,119,18,Dinner,1119.0,159.0,51.0,35.0,8.0,3.0,159.0,77.0,CGMacros_dateshifted365/CGMacros/CGMacros-020/CGMacros-020.csv,dexcom,236.0,236.0,77.0
S020_2024-03-29T04:58:00,20,2024-03-29 04:58:00,59,F,35.95333351,206.2,63.5,6.4,119,4,Breakfast,902.0,73.0,22.0,42.0,7.0,1.0,127.9333,34.0667,CGMacros_dateshifted365/CGMacros/CGMacros-020/CGMacros-020.csv,libre,162.0,153.3333,25.4
S021_2020-06-08T13:00:00,21,2020-06-08 13:00:00,63,F,25.66595591,142.6,62.5,5.3,98,13,Lunch,1180.0,81.0,88.0,54.5,18.0,1.0,119.0,40.0,CGMacros_dateshifted365/CGMacros/CGMacros-021/CGMacros-021.csv,dexcom,159.0,154.2,35.2
S021_2020-06-08T19:55:00,21,2020-06-08 19:55:00,63,F,25.66595591,142.6,62.5,5.3,98,19,Dinner,277.0,46.0,4.0,8.0,6.0,3.0,119.4,64.6,CGMacros_dateshifted365/CGMacros/CGMacros-021/CGMacros-021.csv,dexcom,184.0,141.2,21.8
S021_2020-06-09T05:53:00,21,2020-06-09 05:53:00,63,F,25.66595591,142.6,62.5,5.3,98,5,Breakfast,448.0,66.0,22.0,10.5,0.0,1.0,119.0,65.0,CGMacros_dateshifted365/CGMacros/CGMacros-021/CGMacros-021.csv,dexcom,184.0,126.0,7.0
S021_2020-06-09T12:29:00,21,2020-06-09 12:29:00,63,F,25.66595591,142.6,62.5,5.3,98,12,Lunch,830.0,92.0,17.0,42.0,10.0,1.0,106.8,53.2,CGMacros_dateshifted365/CGMacros/CGMacros-021/CGMacros-021.csv,dexcom,160.0,128.6,21.8
S021_2020-06-09T16:18:00,21,2020-06-09 16:18:00,63,F,25.66595591,142.6,62.5,5.3,98,16,Snack,185.0,46.0,4.0,0.0,9.0,1.0,123.0,56.0,CGMacros_dateshifted365/CGMacros/CGMacros-021/CGMacros-021.csv,dexcom,179.0,97.0,-26.0
S021_2020-06-09T20:23:00,21,2020-06-09 20:23:00,63,F,25.66595591,142.6,62.5,5.3,98,20,Dinner,470.0,382.0,28.0,22.0,6.0,3.0,107.0,72.0,CGMacros_dateshifted365/CGMacros/CGMacros-021/CGMacros-021.csv,dexcom,179.0,179.0,72.0
S021_2020-06-09T20:56:00,21,2020-06-09 20:56:00,63,F,25.66595591,142.6,62.5,5.3,98,20,Snack,386.0,57.0,22.0,14.0,5.0,3.0,118.4,60.6,CGMacros_dateshifted365/CGMacros/CGMacros-021/CGMacros-021.csv,dexcom,179.0,145.6,27.2
S021_2020-06-10T05:56:00,21,2020-06-10 05:56:00,63,F,25.66595591,142.6,62.5,5.3,98,5,Breakfast,608.0,66.0,66.0,10.5,0.0,1.0,113.0,26.0,CGMacros_dateshifted365/CGMacros/CGMacros-021/CGMacros-021.csv,dexcom,139.0,88.6,-24.4
S021_2020-06-10T12:41:00,21,2020-06-10 12:41:00,63,F,25.66595591,142.6,62.5,5.3,98,12,Lunch,435.0,16.0,66.0,14.0,4.0,1.0,110.0,17.0,CGMacros_dateshifted365/CGMacros/CGMacros-021/CGMacros-021.csv,dexcom,127.0,116.0,6.0
S021_2020-06-10T18:01:00,21,2020-06-10 18:01:00,63,F,25.66595591,142.6,62.5,5.3,98,18,Snack,123.0,31.0,2.0,0.0,6.0,1.0,109.6,90.4,CGMacros_dateshifted365/CGMacros/CGMacros-021/CGMacros-021.csv,dexcom,200.0,160.2,50.6
S021_2020-06-10T18:56:00,21,2020-06-10 18:56:00,63,F,25.66595591,142.6,62.5,5.3,98,18,Dinner,391.0,38.0,15.0,24.0,0.0,2.0,157.8,42.2,CGMacros_dateshifted365/CGMacros/CGMacros-021/CGMacros-021.csv,dexcom,200.0,126.6,-31.2
S021_2020-06-10T21:07:00,21,2020-06-10 21:07:00,63,F,25.66595591,142.6,62.5,5.3,98,21,Snack,1050.0,255.0,15.0,0.0,0.0,1.0,125.4,11.6,CGMacros_dateshifted365/CGMacros/CGMacros-021/CGMacros-021.csv,dexcom,137.0,127.2,1.8
S021_2020-06-11T07:22:00,21,2020-06-11 07:22:00,63,F,25.66595591,142.6,62.5,5.3,98,7,Breakfast,712.0,66.0,22.0,42.0,0.0,1.0,115.0,85.0,CGMacros_dateshifted365/CGMacros/CGMacros-021/CGMacros-021.csv,dexcom,200.0,137.4,22.4
S021_2020-06-11T13:22:00,21,2020-06-11 13:22:00,63,F,25.66595591,142.6,62.5,5.3,98,13,Lunch,555.0,94.0,12.0,13.0,5.0,1.0,101.6,102.4,CGMacros_dateshifted365/CGMacros/CGMacros-021/CGMacros-021.csv,dexcom,204.0,184.6,83.0
S021_2020-06-11T20:26:00,21,2020-06-11 20:26:00,63,F,25.66595591,142.6,62.5,5.3,98,20,Dinner,230.0,190.0,14.0,11.0,3.0,2.0,96.2,65.8,CGMacros_dateshifted365/CGMacros/CGMacros-021/CGMacros-021.csv,dexcom,162.0,137.8,41.6
S021_2020-06-12T07:34:00,21,2020-06-12 07:34:00,63,F,25.66595591,142.6,62.5,5.3,98,7,Breakfast,902.0,73.0,66.0,42.0,7.0,1.0,108.6,57.4,CGMacros_dateshifted365/CGMacros/CGMacros-021/CGMacros-021.csv,dexcom,166.0,126.4,17.8
S021_2020-06-12T13:16:00,21,2020-06-12 13:16:00,63,F,25.66595591,142.6,62.5,5.3,98,13,Lunch,355.0,19.0,32.0,15.0,5.0,1.0,91.6,31.4,CGMacros_dateshifted365/CGMacros/CGMacros-021/CGMacros-021.csv,dexcom,123.0,115.2,23.6
S021_2020-06-12T18:21:00,21,2020-06-12 18:21:00,63,F,25.66595591,142.6,62.5,5.3,98,18,Dinner,200.0,7.0,22.0,9.0,1.0,1.0,103.8,19.2,CGMacros_dateshifted365/CGMacros/CGMacros-021/CGMacros-021.csv,dexcom,123.0,105.2,1.4
S021_2020-06-13T06:36:00,21,2020-06-13 06:36:00,63,F,25.66595591,142.6,62.5,5.3,98,6,Breakfast,268.0,24.0,22.0,10.5,0.0,1.0,108.8,49.2,CGMacros_dateshifted365/CGMacros/CGMacros-021/CGMacros-021.csv,dexcom,158.0,95.8,-13.0
S021_2020-06-13T12:26:00,21,2020-06-13 12:26:00,63,F,25.66595591,142.6,62.5,5.3,98,12,Lunch,1110.0,93.0,84.0,44.0,4.0,1.0,103.4,41.6,CGMacros_dateshifted365/CGMacros/CGMacros-021/CGMacros-021.csv,dexcom,145.0,110.2,6.8
S021_2020-06-13T19:23:00,21,2020-06-13 19:23:00,63,F,25.66595591,142.6,62.5,5.3,98,19,Dinner,948.0,133.0,32.0,45.0,5.0,5.0,106.0,25.0,CGMacros_dateshifted365/CGMacros/CGMacros-021/CGMacros-021.csv,dexcom,131.0,115.0,9.0
S021_2020-06-14T05:35:00,21,2020-06-14 05:35:00,63,F,25.66595591,142.6,62.5,5.3,98,5,Breakfast,448.0,66.0,22.0,10.5,0.0,1.0,107.6,94.4,CGMacros_dateshifted365/CGMacros/CGMacros-021/CGMacros-021.csv,dexcom,202.0,183.8,76.2
S021_2020-06-14T11:00:00,21,2020-06-14 11:00:00,63,F,25.66595591,142.6,62.5,5.3,98,11,Lunch,575.0,76.0,22.0,18.5,11.0,1.0,107.4,66.6,CGMacros_dateshifted365/CGMacros/CGMacros-021/CGMacros-021.csv,dexcom,174.0,133.8,26.4
S021_2020-06-14T17:53:00,21,2020-06-14 17:53:00,63,F,25.66595591,142.6,62.5,5.3,98,17,Dinner,337.0,78.0,9.0,1.0,10.0,3.0,140.0,24.0,CGMacros_dateshifted365/CGMacros/CGMacros-021/CGMacros-021.csv,dexcom,164.0,149.0,9.0
S021_2020-06-15T06:30:00,21,2020-06-15 06:30:00,63,F,25.66595591,142.6,62.5,5.3,98,6,Breakfast,608.0,66.0,66.0,10.5,0.0,1.0,107.8,64.2,CGMacros_dateshifted365/CGMacros/CGMacros-021/CGMacros-021.csv,dexcom,172.0,152.8,45.0
S021_2020-06-15T12:41:00,21,2020-06-15 12:41:00,63,F,25.66595591,142.6,62.5,5.3,98,12,Lunch,585.0,40.0,76.0,17.0,13.0,1.0,102.6,24.4,CGMacros_dateshifted365/CGMacros/CGMacros-021/CGMacros-021.csv,dexcom,127.0,125.2,22.6
S021_2020-06-15T19:27:00,21,2020-06-15 19:27:00,63,F,25.66595591,142.6,62.5,5.3,98,19,Dinner,995.0,156.0,19.0,36.0,5.0,3.0,90.2,84.8,CGMacros_dateshifted365/CGMacros/CGMacros-021/CGMacros-021.csv,dexcom,175.0,131.8,41.6
S021_2020-06-16T07:24:00,21,2020-06-16 07:24:00,63,F,25.66595591,142.6,62.5,5.3,98,7,Breakfast,712.0,66.0,22.0,42.0,0.0,1.0,112.2,47.8,CGMacros_dateshifted365/CGMacros/CGMacros-021/CGMacros-021.csv,dexcom,160.0,109.2,-3.0
S021_2020-06-16T13:18:00,21,2020-06-16 13:18:00,63,F,25.66595591,142.6,62.5,5.3,98,13,Lunch,445.0,43.0,20.0,20.0,13.0,1.0,111.0,49.0,CGMacros_dateshifted365/CGMacros/CGMacros-021/CGMacros-021.csv,dexcom,160.0,114.0,3.0
S021_2020-06-16T18:12:00,21,2020-06-16 18:12:00,63,F,25.66595591,142.6,62.5,5.3,98,18,Dinner,150.0,0.0,25.0,0.0,0.0,1.0,107.8,56.2,CGMacros_dateshifted365/CGMacros/CGMacros-021/CGMacros-021.csv,dexcom,164.0,112.2,4.4
S021_2020-06-16T18:30:00,21,2020-06-16 18:30:00,63,F,25.66595591,142.6,62.5,5.3,98,18,Snack,760.0,72.0,13.0,47.0,4.0,1.0,107.4,56.6,CGMacros_dateshifted365/CGMacros/CGMacros-021/CGMacros-021.csv,dexcom,164.0,114.2,6.8
S021_2020-06-16T19:24:00,21,2020-06-16 19:24:00,63,F,25.66595591,142.6,62.5,5.3,98,19,Snack,65.0,1.0,1.0,7.0,0.0,1.0,152.4,1.6,CGMacros_dateshifted365/CGMacros/CGMacros-021/CGMacros-021.csv,dexcom,154.0,123.4,-29.0
S021_2020-06-16T21:26:00,21,2020-06-16 21:26:00,63,F,25.66595591,142.6,62.5,5.3,98,21,Snack,498.0,112.0,2.0,0.0,23.0,2.0,120.2,15.8,CGMacros_dateshifted365/CGMacros/CGMacros-021/CGMacros-021.csv,dexcom,136.0,125.0,4.8
S021_2020-06-16T22:30:00,21,2020-06-16 22:30:00,63,F,25.66595591,142.6,62.5,5.3,98,22,Snack,100.0,24.0,0.0,0.0,0.0,1.0,123.8,12.2,CGMacros_dateshifted365/CGMacros/CGMacros-021/CGMacros-021.csv,dexcom,136.0,128.8,5.0
S021_2020-06-17T05:27:00,21,2020-06-17 05:27:00,63,F,25.66595591,142.6,62.5,5.3,98,5,Breakfast,268.0,24.0,22.0,10.5,0.0,1.0,104.0,63.0,CGMacros_dateshifted365/CGMacros/CGMacros-021/CGMacros-021.csv,dexcom,167.0,90.4,-13.6
S021_2020-06-17T13:00:00,21,2020-06-17 13:00:00,63,F,25.66595591,142.6,62.5,5.3,98,13,Lunch,725.0,94.0,44.0,20.0,4.0,1.0,102.4,86.6,CGMacros_dateshifted365/CGMacros/CGMacros-021/CGMacros-021.csv,dexcom,189.0,138.2,35.8
S021_2020-06-17T20:52:00,21,2020-06-17 20:52:00,63,F,25.66595591,142.6,62.5,5.3,98,20,Dinner,2826.0,472.0,53.0,109.0,16.0,4.0,108.6,88.4,CGMacros_dateshifted365/CGMacros/CGMacros-021/CGMacros-021.csv,dexcom,197.0,142.4,33.8
S021_2020-06-17T22:13:00,21,2020-06-17 22:13:00,63,F,25.66595591,142.6,62.5,5.3,98,22,Snack,1116.0,282.0,19.0,3.0,38.0,2.0,155.0,1.0,CGMacros_dateshifted365/CGMacros/CGMacros-021/CGMacros-021.csv,dexcom,156.0,147.0,-8.0
S021_2020-06-18T07:52:00,21,2020-06-18 07:52:00,63,F,25.66595591,142.6,62.5,5.3,98,7,Breakfast,902.0,73.0,22.0,42.0,7.0,1.0,111.0,58.0,CGMacros_dateshifted365/CGMacros/CGMacros-021/CGMacros-021.csv,libre,169.0,101.0,-10.0
S022_2021-03-28T12:27:00,22,2021-03-28 12:27:00,69,F,20.68996219,116.8,63.0,5.9,107,12,Lunch,1180.0,81.0,88.0,54.5,18.0,1.0,97.0,32.0,CGMacros_dateshifted365/CGMacros/CGMacros-022/CGMacros-022.csv,dexcom,129.0,89.0,-8.0
S022_2021-03-28T20:00:00,22,2021-03-28 20:00:00,69,F,20.68996219,116.8,63.0,5.9,107,20,Dinner,1375.0,84.0,40.0,55.0,6.0,2.0,78.8,54.2,CGMacros_dateshifted365/CGMacros/CGMacros-022/CGMacros-022.csv,dexcom,133.0,122.2,43.4
S022_2021-03-29T08:59:00,22,2021-03-29 08:59:00,69,F,20.68996219,116.8,63.0,5.9,107,8,Breakfast,448.0,66.0,22.0,10.5,0.0,1.0,111.0,88.0,CGMacros_dateshifted365/CGMacros/CGMacros-022/CGMacros-022.csv,dexcom,199.0,71.4,-39.6
S022_2021-03-29T13:37:00,22,2021-03-29 13:37:00,69,F,20.68996219,116.8,63.0,5.9,107,13,Lunch,830.0,92.0,17.0,42.0,10.0,1.0,99.0,38.0,CGMacros_dateshifted365/CGMacros/CGMacros-022/CGMacros-022.csv,dexcom,137.0,106.0,7.0
S022_2021-03-29T17:50:00,22,2021-03-29 17:50:00,69,F,20.68996219,116.8,63.0,5.9,107,17,Dinner,290.0,63.0,6.0,6.0,3.0,4.0,97.0,40.0,CGMacros_dateshifted365/CGMacros/CGMacros-022/CGMacros-022.csv,dexcom,137.0,115.4,18.4
S022_2021-03-29T19:38:00,22,2021-03-29 19:38:00,69,F,20.68996219,116.8,63.0,5.9,107,19,Snack,443.0,42.0,7.0,28.0,0.0,1.0,112.2,71.8,CGMacros_dateshifted365/CGMacros/CGMacros-022/CGMacros-022.csv,dexcom,184.0,127.6,15.4
S022_2021-03-30T09:03:00,22,2021-03-30 09:03:00,69,F,20.68996219,116.8,63.0,5.9,107,9,Breakfast,608.0,66.0,66.0,10.5,0.0,1.0,107.8,52.2,CGMacros_dateshifted365/CGMacros/CGMacros-022/CGMacros-022.csv,dexcom,160.0,116.6,8.8
S022_2021-03-30T12:34:00,22,2021-03-30 12:34:00,69,F,20.68996219,116.8,63.0,5.9,107,12,Lunch,435.0,16.0,66.0,14.0,4.0,1.0,86.6,11.4,CGMacros_dateshifted365/CGMacros/CGMacros-022/CGMacros-022.csv,dexcom,98.0,89.8,3.2
S022_2021-03-30T12:42:00,22,2021-03-30 12:42:00,69,F,20.68996219,116.8,63.0,5.9,107,12,Snack,125.0,4.0,0.0,0.0,0.0,1.0,95.0,3.0,CGMacros_dateshifted365/CGMacros/CGMacros-022/CGMacros-022.csv,dexcom,98.0,86.0,-9.0
S022_2021-03-30T15:25:00,22,2021-03-30 15:25:00,69,F,20.68996219,116.8,63.0,5.9,107,15,Snack,200.0,20.0,3.0,10.0,2.0,1.0,83.4,28.6,CGMacros_dateshifted365/CGMacros/CGMacros-022/CGMacros-022.csv,dexcom,112.0,112.0,28.6
S022_2021-03-30T19:13:00,22,2021-03-30 19:13:00,69,F,20.68996219,116.8,63.0,5.9,107,19,Dinner,405.0,75.0,2.0,10.0,5.0,2.0,83.2,62.8,CGMacros_dateshifted365/CGMacros/CGMacros-022/CGMacros-022.csv,dexcom,146.0,127.8,44.6
S022_2021-03-30T22:42:00,22,2021-03-30 22:42:00,69,F,20.68996219,116.8,63.0,5.9,107,22,Snack,63.0,15.0,1.0,0.0,2.0,2.0,125.0,19.0,CGMacros_dateshifted365/CGMacros/CGMacros-022/CGMacros-022.csv,dexcom,144.0,115.0,-10.0
S022_2021-03-31T09:01:00,22,2021-03-31 09:01:00,69,F,20.68996219,116.8,63.0,5.9,107,9,Breakfast,712.0,66.0,22.0,42.0,0.0,1.0,105.4,37.6,CGMacros_dateshifted365/CGMacros/CGMacros-022/CGMacros-022.csv,dexcom,143.0,122.6,17.2
S022_2021-03-31T12:37:00,22,2021-03-31 12:37:00,69,F,20.68996219,116.8,63.0,5.9,107,12,Lunch,555.0,94.0,12.0,13.0,5.0,1.0,95.0,99.0,CGMacros_dateshifted365/CGMacros/CGMacros-022/CGMacros-022.csv,dexcom,194.0,140.0,45.0
S022_2021-03-31T12:43:00,22,2021-03-31 12:43:00,69,F,20.68996219,116.8,63.0,5.9,107,12,Snack,0.0,0.0,0.0,0.0,0.0,1.0,88.2,105.8,CGMacros_dateshifted365/CGMacros/CGMacros-022/CGMacros-022.csv,dexcom,194.0,137.0,48.8
S022_2021-03-31T16:20:00,22,2021-03-31 16:20:00,69,F,20.68996219,116.8,63.0,5.9,107,16,Snack,87.0,22.0,2.0,0.0,4.0,2.0,119.4,31.6,CGMacros_dateshifted365/CGMacros/CGMacros-022/CGMacros-022.csv,dexcom,151.0,117.2,-2.2
S022_2021-03-31T19:37:00,22,2021-03-31 19:37:00,69,F,20.68996219,116.8,63.0,5.9,107,19,Dinner,813.0,66.0,46.0,43.0,1.0,3.0,84.0,31.0,CGMacros_dateshifted365/CGMacros/CGMacros-022/CGMacros-022.csv,dexcom,115.0,112.0,28.0
S022_2021-04-01T08:48:00,22,2021-04-01 08:48:00,69,F,20.68996219,116.8,63.0,5.9,107,8,Breakfast,902.0,73.0,66.0,42.0,7.0,1.0,115.0,15.0,CGMacros_dateshifted365/CGMacros/CGMacros-022/CGMacros-022.csv,dexcom,130.0,92.2,-22.8
S022_2021-04-01T12:35:00,22,2021-04-01 12:35:00,69,F,20.68996219,116.8,63.0,5.9,107,12,Lunch,355.0,19.0,32.0,15.0,5.0,1.0,100.8,18.2,CGMacros_dateshifted365/CGMacros/CGMacros-022/CGMacros-022.csv,dexcom,119.0,106.8,6.0
S022_2021-04-01T16:04:00,22,2021-04-01 16:04:00,69,F,20.68996219,116.8,63.0,5.9,107,16,Snack,239.0,29.0,7.0,12.0,2.0,3.0,100.6,55.4,CGMacros_dateshifted365/CGMacros/CGMacros-022/CGMacros-022.csv,dexcom,156.0,105.2,4.6
S022_2021-04-01T20:01:00,22,2021-04-01 20:01:00,69,F,20.68996219,116.8,63.0,5.9,107,20,Dinner,120.0,3.0,12.0,6.0,0.0,2.0,113.2,41.8,CGMacros_dateshifted365/CGMacros/CGMacros-022/CGMacros-022.csv,dexcom,155.0,149.4,36.2
S022_2021-04-02T09:05:00,22,2021-04-02 09:05:00,69,F,20.68996219,116.8,63.0,5.9,107,9,Breakfast,268.0,24.0,22.0,10.5,0.0,1.0,119.2,33.8,CGMacros_dateshifted365/CGMacros/CGMacros-022/CGMacros-022.csv,dexcom,153.0,115.0,-4.2
S022_2021-04-02T12:45:00,22,2021-04-02 12:45:00,69,F,20.68996219,116.8,63.0,5.9,107,12,Lunch,1110.0,93.0,84.0,44.0,4.0,1.0,109.6,44.4,CGMacros_dateshifted365/CGMacros/CGMacros-022/CGMacros-022.csv,dexcom,154.0,126.8,17.2
S022_2021-04-02T17:42:00,22,2021-04-02 17:42:00,69,F,20.68996219,116.8,63.0,5.9,107,17,Snack,212.0,52.0,3.0,1.0,5.0,2.0,105.0,42.0,CGMacros_dateshifted365/CGMacros/CGMacros-022/CGMacros-022.csv,dexcom,147.0,106.0,1.0
S022_2021-04-02T19:05:00,22,2021-04-02 19:05:00,69,F,20.68996219,116.8,63.0,5.9,107,19,Dinner,140.0,27.0,3.0,8.0,4.0,2.0,131.2,5.8,CGMacros_dateshifted365/CGMacros/CGMacros-022/CGMacros-022.csv,dexcom,137.0,122.6,-8.6
S022_2021-04-03T09:03:00,22,2021-04-03 09:03:00,69,F,20.68996219,116.8,63.0,5.9,107,9,Breakfast,448.0,66.0,22.0,10.5,0.0,1.0,97.4,72.6,CGMacros_dateshifted365/CGMacros/CGMacros-022/CGMacros-022.csv,dexcom,170.0,131.4,34.0
S022_2021-04-03T12:29:00,22,2021-04-03 12:29:00,69,F,20.68996219,116.8,63.0,5.9,107,12,Lunch,575.0,76.0,22.0,18.5,11.0,1.0,107.6,30.4,CGMacros_dateshifted365/CGMacros/CGMacros-022/CGMacros-022.csv,dexcom,138.0,113.8,6.2
S022_2021-04-03T15:59:00,22,2021-04-03 15:59:00,69,F,20.68996219,116.8,63.0,5.9,107,15,Snack,200.0,13.0,9.0,12.0,0.0,3.0,110.0,41.0,CGMacros_dateshifted365/CGMacros/CGMacros-022/CGMacros-022.csv,dexcom,151.0,110.2,0.2
S022_2021-04-03T19:23:00,22,2021-04-03 19:23:00,69,F,20.68996219,116.8,63.0,5.9,107,19,Dinner,681.0,76.0,28.0,25.0,4.0,3.0,104.6,55.4,CGMacros_dateshifted365/CGMacros/CGMacros-022/CGMacros-022.csv,dexcom,160.0,113.2,8.6
S022_2021-04-04T09:01:00,22,2021-04-04 09:01:00,69,F,20.68996219,116.8,63.0,5.9,107,9,Breakfast,608.0,66.0,66.0,10.5,0.0,1.0,117.0,52.0,CGMacros_dateshifted365/CGMacros/CGMacros-022/CGMacros-022.csv,dexcom,169.0,96.0,-21.0
S022_2021-04-04T13:08:00,22,2021-04-04 13:08:00,69,F,20.68996219,116.8,63.0,5.9,107,13,Lunch,585.0,40.0,76.0,17.0,13.0,1.0,107.0,16.0,CGMacros_dateshifted365/CGMacros/CGMacros-022/CGMacros-022.csv,dexcom,123.0,104.4,-2.6
S022_2021-04-04T16:30:00,22,2021-04-04 16:30:00,69,F,20.68996219,116.8,63.0,5.9,107,16,Snack,240.0,17.0,7.0,18.0,4.0,3.0,104.2,36.8,CGMacros_dateshifted365/CGMacros/CGMacros-022/CGMacros-022.csv,dexcom,141.0,113.6,9.4
S022_2021-04-04T19:15:00,22,2021-04-04 19:15:00,69,F,20.68996219,116.8,63.0,5.9,107,19,Dinner,1073.0,49.0,95.0,74.0,5.0,4.0,102.6,15.4,CGMacros_dateshifted365/CGMacros/CGMacros-022/CGMacros-022.csv,dexcom,118.0,106.2,3.6
S022_2021-04-05T09:07:00,22,2021-04-05 09:07:00,69,F,20.68996219,116.8,63.0,5.9,107,9,Breakfast,712.0,66.0,22.0,42.0,0.0,1.0,115.0,30.0,CGMacros_dateshifted365/CGMacros/CGMacros-022/CGMacros-022.csv,dexcom,145.0,126.0,11.0
S022_2021-04-05T12:21:00,22,2021-04-05 12:21:00,69,F,20.68996219,116.8,63.0,5.9,107,12,Lunch,445.0,43.0,20.0,20.0,13.0,1.0,137.4,11.6,CGMacros_dateshifted365/CGMacros/CGMacros-022/CGMacros-022.csv,dexcom,149.0,111.2,-26.2
S022_2021-04-05T15:46:00,22,2021-04-05 15:46:00,69,F,20.68996219,116.8,63.0,5.9,107,15,Snack,292.0,13.0,14.0,22.0,0.0,4.0,105.6,25.4,CGMacros_dateshifted365/CGMacros/CGMacros-022/CGMacros-022.csv,dexcom,131.0,97.8,-7.8
S022_2021-04-05T19:00:00,22,2021-04-05 19:00:00,69,F,20.68996219,116.8,63.0,5.9,107,19,Dinner,787.0,70.0,25.0,42.0,6.0,4.0,96.2,78.8,CGMacros_dateshifted365/CGMacros/CGMacros-022/CGMacros-022.csv,dexcom,175.0,158.2,62.0
S022_2021-04-06T09:00:00,22,2021-04-06 09:00:00,69,F,20.68996219,116.8,63.0,5.9,107,9,Breakfast,268.0,24.0,22.0,10.5,0.0,1.0,116.0,49.0,CGMacros_dateshifted365/CGMacros/CGMacros-022/CGMacros-022.csv,dexcom,165.0,106.0,-10.0
S022_2021-04-06T12:20:00,22,2021-04-06 12:20:00,69,F,20.68996219,116.8,63.0,5.9,107,12,Lunch,725.0,94.0,44.0,20.0,4.0,1.0,112.6,46.4,CGMacros_dateshifted365/CGMacros/CGMacros-022/CGMacros-022.csv,dexcom,159.0,140.6,28.0
S022_2021-04-06T17:32:00,22,2021-04-06 17:32:00,69,F,20.68996219,116.8,63.0,5.9,107,17,Snack,248.0,43.0,4.0,6.0,1.0,2.0,108.0,45.0,CGMacros_dateshifted365/CGMacros/CGMacros-022/CGMacros-022.csv,dexcom,153.0,123.0,15.0
S022_2021-04-06T19:31:00,22,2021-04-06 19:31:00,69,F,20.68996219,116.8,63.0,5.9,107,19,Dinner,333.0,58.0,15.0,5.0,3.0,5.0,121.0,32.0,CGMacros_dateshifted365/CGMacros/CGMacros-022/CGMacros-022.csv,dexcom,153.0,129.6,8.6
S022_2021-04-07T09:08:00,22,2021-04-07 09:08:00,69,F,20.68996219,116.8,63.0,5.9,107,9,Breakfast,902.0,73.0,22.0,42.0,7.0,1.0,103.9333,14.0667,CGMacros_dateshifted365/CGMacros/CGMacros-022/CGMacros-022.csv,libre,118.0,105.0,1.0667
S023_2021-05-05T11:58:00,23,2021-05-05 11:58:00,55,M,24.24483897,154.8,67.0,6.2,135,11,Lunch,1180.0,81.0,88.0,54.5,18.0,1.0,117.4,70.6,CGMacros_dateshifted365/CGMacros/CGMacros-023/CGMacros-023.csv,dexcom,188.0,186.0,68.6
S023_2021-05-05T15:18:00,23,2021-05-05 15:18:00,55,M,24.24483897,154.8,67.0,6.2,135,15,Dinner,320.0,47.0,23.0,5.0,5.0,2.0,145.6,59.4,CGMacros_dateshifted365/CGMacros/CGMacros-023/CGMacros-023.csv,dexcom,205.0,159.0,13.4
S023_2021-05-05T20:54:00,23,2021-05-05 20:54:00,55,M,24.24483897,154.8,67.0,6.2,135,20,Dinner,930.0,76.0,43.0,54.0,18.0,6.0,126.0,121.0,CGMacros_dateshifted365/CGMacros/CGMacros-023/CGMacros-023.csv,dexcom,247.0,210.0,84.0
S023_2021-05-06T09:23:00,23,2021-05-06 09:23:00,55,M,24.24483897,154.8,67.0,6.2,135,9,Breakfast,448.0,66.0,22.0,10.5,0.0,1.0,145.2,61.8,CGMacros_dateshifted365/CGMacros/CGMacros-023/CGMacros-023.csv,dexcom,207.0,161.6,16.4
S023_2021-05-06T12:29:00,23,2021-05-06 12:29:00,55,M,24.24483897,154.8,67.0,6.2,135,12,Lunch,830.0,92.0,17.0,42.0,10.0,1.0,120.0,134.0,CGMacros_dateshifted365/CGMacros/CGMacros-023/CGMacros-023.csv,dexcom,254.0,119.0,-1.0
S023_2021-05-06T16:55:00,23,2021-05-06 16:55:00,55,M,24.24483897,154.8,67.0,6.2,135,16,Snack,255.0,27.0,14.0,10.0,10.0,4.0,95.4,115.6,CGMacros_dateshifted365/CGMacros/CGMacros-023/CGMacros-023.csv,dexcom,211.0,157.8,62.4
S023_2021-05-06T21:06:00,23,2021-05-06 21:06:00,55,M,24.24483897,154.8,67.0,6.2,135,21,Dinner,540.0,50.0,28.0,30.0,8.0,7.0,148.2,100.8,CGMacros_dateshifted365/CGMacros/CGMacros-023/CGMacros-023.csv,dexcom,249.0,201.2,53.0
S023_2021-05-07T09:07:00,23,2021-05-07 09:07:00,55,M,24.24483897,154.8,67.0,6.2,135,9,Breakfast,608.0,66.0,66.0,10.5,0.0,1.0,139.4,28.6,CGMacros_dateshifted365/CGMacros/CGMacros-023/CGMacros-023.csv,dexcom,168.0,138.0,-1.4
S023_2021-05-07T13:43:00,23,2021-05-07 13:43:00,55,M,24.24483897,154.8,67.0,6.2,135,13,Lunch,435.0,16.0,66.0,14.0,4.0,1.0,88.2,138.8,CGMacros_dateshifted365/CGMacros/CGMacros-023/CGMacros-023.csv,dexcom,227.0,141.0,52.8
S023_2021-05-07T18:33:00,23,2021-05-07 18:33:00,55,M,24.24483897,154.8,67.0,6.2,135,18,Snack,240.0,23.0,12.0,13.0,8.0,4.0,118.4,60.6,CGMacros_dateshifted365/CGMacros/CGMacros-023/CGMacros-023.csv,dexcom,179.0,104.6,-13.8
S023_2021-05-07T22:25:00,23,2021-05-07 22:25:00,55,M,24.24483897,154.8,67.0,6.2,135,22,Dinner,785.0,87.0,36.0,43.0,22.0,6.0,98.4,107.6,CGMacros_dateshifted365/CGMacros/CGMacros-023/CGMacros-023.csv,dexcom,206.0,136.6,38.2
S023_2021-05-08T08:42:00,23,2021-05-08 08:42:00,55,M,24.24483897,154.8,67.0,6.2,135,8,Breakfast,712.0,66.0,22.0,42.0,0.0,1.0,147.0,65.0,CGMacros_dateshifted365/CGMacros/CGMacros-023/CGMacros-023.csv,dexcom,212.0,158.0,11.0
S023_2021-05-08T13:16:00,23,2021-05-08 13:16:00,55,M,24.24483897,154.8,67.0,6.2,135,13,Lunch,555.0,94.0,12.0,13.0,5.0,1.0,100.6,38.4,CGMacros_dateshifted365/CGMacros/CGMacros-023/CGMacros-023.csv,dexcom,139.0,135.4,34.8
S023_2021-05-08T16:51:00,23,2021-05-08 16:51:00,55,M,24.24483897,154.8,67.0,6.2,135,16,Dinner,45.0,11.0,1.0,1.0,1.0,3.0,120.4,112.6,CGMacros_dateshifted365/CGMacros/CGMacros-023/CGMacros-023.csv,dexcom,233.0,213.6,93.2
S023_2021-05-08T21:14:00,23,2021-05-08 21:14:00,55,M,24.24483897,154.8,67.0,6.2,135,21,Dinner,810.0,100.0,38.0,41.0,28.0,3.0,110.0,118.0,CGMacros_dateshifted365/CGMacros/CGMacros-023/CGMacros-023.csv,dexcom,228.0,189.0,79.0
S023_2021-05-09T09:12:00,23,2021-05-09 09:12:00,55,M,24.24483897,154.8,67.0,6.2,135,9,Breakfast,902.0,73.0,66.0,42.0,7.0,1.0,137.8,38.8,CGMacros_dateshifted365/CGMacros/CGMacros-023/CGMacros-023.csv,dexcom,176.6,176.6,38.8
S023_2021-05-09T13:32:00,23,2021-05-09 13:32:00,55,M,24.24483897,154.8,67.0,6.2,135,13,Lunch,355.0,19.0,32.0,15.0,5.0,1.0,113.8,35.2,CGMacros_dateshifted365/CGMacros/CGMacros-023/CGMacros-023.csv,dexcom,149.0,138.6,24.8
S023_2021-05-09T18:00:00,23,2021-05-09 18:00:00,55,M,24.24483897,154.8,67.0,6.2,135,18,Dinner,385.0,20.0,33.0,20.0,5.0,1.0,111.4,126.6,CGMacros_dateshifted365/CGMacros/CGMacros-023/CGMacros-023.csv,dexcom,238.0,230.4,119.0
S023_2021-05-09T18:30:00,23,2021-05-09 18:30:00,55,M,24.24483897,154.8,67.0,6.2,135,18,Dinner,240.0,23.0,12.0,13.0,8.0,4.0,112.4,125.6,CGMacros_dateshifted365/CGMacros/CGMacros-023/CGMacros-023.csv,dexcom,238.0,205.2,92.8
S023_2021-05-09T22:46:00,23,2021-05-09 22:46:00,55,M,24.24483897,154.8,67.0,6.2,135,22,Dinner,260.0,42.0,14.0,10.0,14.0,6.0,136.6,92.4,CGMacros_dateshifted365/CGMacros/CGMacros-023/CGMacros-023.csv,dexcom,229.0,181.0,44.4
S023_2021-05-10T09:24:00,23,2021-05-10 09:24:00,55,M,24.24483897,154.8,67.0,6.2,135,9,Breakfast,268.0,24.0,22.0,10.5,0.0,1.0,149.0,40.0,CGMacros_dateshifted365/CGMacros/CGMacros-023/CGMacros-023.csv,dexcom,189.0,131.0,-18.0
S023_2021-05-10T13:25:00,23,2021-05-10 13:25:00,55,M,24.24483897,154.8,67.0,6.2,135,13,Lunch,1110.0,93.0,84.0,44.0,4.0,1.0,115.6,134.4,CGMacros_dateshifted365/CGMacros/CGMacros-023/CGMacros-023.csv,dexcom,250.0,206.0,90.4
S023_2021-05-10T17:37:00,23,2021-05-10 17:37:00,55,M,24.24483897,154.8,67.0,6.2,135,17,Snack,215.0,27.0,23.0,5.0,8.0,4.0,145.8,23.2,CGMacros_dateshifted365/CGMacros/CGMacros-023/CGMacros-023.csv,dexcom,169.0,167.8,22.0
S023_2021-05-10T21:24:00,23,2021-05-10 21:24:00,55,M,24.24483897,154.8,67.0,6.2,135,21,Dinner,455.0,41.0,28.0,26.0,8.0,5.0,142.0,69.0,CGMacros_dateshifted365/CGMacros/CGMacros-023/CGMacros-023.csv,dexcom,211.0,155.0,13.0
S023_2021-05-11T08:55:00,23,2021-05-11 08:55:00,55,M,24.24483897,154.8,67.0,6.2,135,8,Breakfast,448.0,66.0,22.0,10.5,0.0,1.0,152.8,93.2,CGMacros_dateshifted365/CGMacros/CGMacros-023/CGMacros-023.csv,dexcom,246.0,172.6,19.8
S023_2021-05-11T13:01:00,23,2021-05-11 13:01:00,55,M,24.24483897,154.8,67.0,6.2,135,13,Lunch,575.0,76.0,22.0,18.5,11.0,1.0,109.6,69.4,CGMacros_dateshifted365/CGMacros/CGMacros-023/CGMacros-023.csv,dexcom,179.0,130.8,21.2
S023_2021-05-11T17:59:00,23,2021-05-11 17:59:00,55,M,24.24483897,154.8,67.0,6.2,135,17,Snack,170.0,23.0,8.0,7.0,8.0,3.0,111.0,112.0,CGMacros_dateshifted365/CGMacros/CGMacros-023/CGMacros-023.csv,dexcom,223.0,213.0,102.0
S023_2021-05-11T18:19:00,23,2021-05-11 18:19:00,55,M,24.24483897,154.8,67.0,6.2,135,18,Dinner,1950.0,106.0,94.0,88.0,2.0,2.0,115.0,108.0,CGMacros_dateshifted365/CGMacros/CGMacros-023/CGMacros-023.csv,dexcom,223.0,157.0,42.0
S023_2021-05-11T23:20:00,23,2021-05-11 23:20:00,55,M,24.24483897,154.8,67.0,6.2,135,23,Dinner,10.0,1.0,0.0,1.0,0.0,1.0,104.6,37.4,CGMacros_dateshifted365/CGMacros/CGMacros-023/CGMacros-023.csv,libre,142.0,137.2,32.6
S023_2021-05-12T08:12:00,23,2021-05-12 08:12:00,55,M,24.24483897,154.8,67.0,6.2,135,8,Breakfast,608.0,66.0,66.0,10.5,0.0,1.0,144.6,76.4,CGMacros_dateshifted365/CGMacros/CGMacros-023/CGMacros-023.csv,dexcom,221.0,163.2,18.6
S023_2021-05-12T12:13:00,23,2021-05-12 12:13:00,55,M,24.24483897,154.8,67.0,6.2,135,12,Lunch,585.0,40.0,76.0,17.0,13.0,1.0,110.8,56.2,CGMacros_dateshifted365/CGMacros/CGMacros-023/CGMacros-023.csv,dexcom,167.0,154.6,43.8
S023_2021-05-12T16:43:00,23,2021-05-12 16:43:00,55,M,24.24483897,154.8,67.0,6.2,135,16,Dinner,598.0,53.0,37.0,29.0,25.0,5.0,116.2,79.8,CGMacros_dateshifted365/CGMacros/CGMacros-023/CGMacros-023.csv,dexcom,196.0,192.6,76.4
S023_2021-05-12T20:54:00,23,2021-05-12 20:54:00,55,M,24.24483897,154.8,67.0,6.2,135,20,Snack,260.0,27.0,14.0,11.0,10.0,3.0,131.0,51.0,CGMacros_dateshifted365/CGMacros/CGMacros-023/CGMacros-023.csv,dexcom,182.0,127.0,-4.0
S023_2021-05-13T08:29:00,23,2021-05-13 08:29:00,55,M,24.24483897,154.8,67.0,6.2,135,8,Breakfast,712.0,66.0,22.0,42.0,0.0,1.0,156.0,60.0,CGMacros_dateshifted365/CGMacros/CGMacros-023/CGMacros-023.csv,dexcom,216.0,164.0,8.0
S023_2021-05-13T12:56:00,23,2021-05-13 12:56:00,55,M,24.24483897,154.8,67.0,6.2,135,12,Lunch,445.0,43.0,20.0,20.0,13.0,1.0,116.4,88.6,CGMacros_dateshifted365/CGMacros/CGMacros-023/CGMacros-023.csv,dexcom,205.0,193.4,77.0
S023_2021-05-13T17:46:00,23,2021-05-13 17:46:00,55,M,24.24483897,154.8,67.0,6.2,135,17,Dinner,649.0,38.0,36.0,40.0,19.0,6.0,108.2,53.8,CGMacros_dateshifted365/CGMacros/CGMacros-023/CGMacros-023.csv,dexcom,162.0,110.8,2.6
S023_2021-05-13T21:08:00,23,2021-05-13 21:08:00,55,M,24.24483897,154.8,67.0,6.2,135,21,Snack,170.0,23.0,8.0,7.0,8.0,3.0,131.8,94.2,CGMacros_dateshifted365/CGMacros/CGMacros-023/CGMacros-023.csv,dexcom,226.0,180.2,48.4
S023_2021-05-14T08:59:00,23,2021-05-14 08:59:00,55,M,24.24483897,154.8,67.0,6.2,135,8,Breakfast,268.0,24.0,22.0,10.5,0.0,1.0,128.0,21.0,CGMacros_dateshifted365/CGMacros/CGMacros-023/CGMacros-023.csv,dexcom,149.0,133.0,5.0
S023_2021-05-14T13:26:00,23,2021-05-14 13:26:00,55,M,24.24483897,154.8,67.0,6.2,135,13,Lunch,725.0,94.0,44.0,20.0,4.0,1.0,112.8,148.2,CGMacros_dateshifted365/CGMacros/CGMacros-023/CGMacros-023.csv,dexcom,261.0,199.6,86.8
S023_2021-05-14T18:37:00,23,2021-05-14 18:37:00,55,M,24.24483897,154.8,67.0,6.2,135,18,Dinner,1045.0,116.0,23.0,48.0,5.0,4.0,119.4,72.6,CGMacros_dateshifted365/CGMacros/CGMacros-023/CGMacros-023.csv,dexcom,192.0,146.2,26.8
S023_2021-05-14T23:03:00,23,2021-05-14 23:03:00,55,M,24.24483897,154.8,67.0,6.2,135,23,Snack,170.0,23.0,8.0,7.0,8.0,3.0,126.2,92.8,CGMacros_dateshifted365/CGMacros/CGMacros-023/CGMacros-023.csv,dexcom,219.0,185.0,58.8
S023_2021-05-15T08:10:00,23,2021-05-15 08:10:00,55,M,24.24483897,154.8,67.0,6.2,135,8,Breakfast,902.0,73.0,22.0,42.0,7.0,1.0,108.8,64.2,CGMacros_dateshifted365/CGMacros/CGMacros-023/CGMacros-023.csv,libre,173.0,134.4,25.6
S026_2021-03-26T12:14:00,26,2021-03-26 12:14:00,35,M,31.16746095,199.0,67.0,5.9,104,12,Lunch,1180.0,81.0,88.0,54.5,18.0,100.0,132.4,35.6,CGMacros_dateshifted365/CGMacros/CGMacros-026/CGMacros-026.csv,dexcom,168.0,162.6,30.2
S026_2021-03-26T16:48:00,26,2021-03-26 16:48:00,35,M,31.16746095,199.0,67.0,5.9,104,16,Dinner,444.0,73.0,15.0,9.0,6.0,100.0,105.8,56.2,CGMacros_dateshifted365/CGMacros/CGMacros-026/CGMacros-026.csv,dexcom,162.0,113.4,7.6
S026_2021-03-26T19:36:00,26,2021-03-26 19:36:00,35,M,31.16746095,199.0,67.0,5.9,104,19,Snack,330.0,14.0,4.0,4.0,0.0,100.0,112.0,51.0,CGMacros_dateshifted365/CGMacros/CGMacros-026/CGMacros-026.csv,dexcom,163.0,121.0,9.0
S026_2021-03-27T09:06:00,26,2021-03-27 09:06:00,35,M,31.16746095,199.0,67.0,5.9,104,9,Breakfast,448.0,66.0,22.0,10.5,0.0,100.0,116.0,97.0,CGMacros_dateshifted365/CGMacros/CGMacros-026/CGMacros-026.csv,dexcom,213.0,180.0,64.0
S026_2021-03-27T12:28:00,26,2021-03-27 12:28:00,35,M,31.16746095,199.0,67.0,5.9,104,12,Lunch,830.0,92.0,17.0,42.0,10.0,100.0,80.8,66.2,CGMacros_dateshifted365/CGMacros/CGMacros-026/CGMacros-026.csv,dexcom,147.0,129.8,49.0
S026_2021-03-27T16:54:00,26,2021-03-27 16:54:00,35,M,31.16746095,199.0,67.0,5.9,104,16,Snack,110.0,19.0,8.0,0.0,0.0,100.0,114.6,53.4,CGMacros_dateshifted365/CGMacros/CGMacros-026/CGMacros-026.csv,dexcom,168.0,134.4,19.8
S026_2021-03-27T17:14:00,26,2021-03-27 17:14:00,35,M,31.16746095,199.0,67.0,5.9,104,17,Snack,140.0,28.0,2.0,3.0,0.0,100.0,118.4,49.6,CGMacros_dateshifted365/CGMacros/CGMacros-026/CGMacros-026.csv,dexcom,168.0,125.8,7.4
S026_2021-03-27T18:06:00,26,2021-03-27 18:06:00,35,M,31.16746095,199.0,67.0,5.9,104,18,Snack,250.0,47.0,10.0,3.0,0.0,100.0,168.0,-1.0,CGMacros_dateshifted365/CGMacros/CGMacros-026/CGMacros-026.csv,dexcom,167.0,118.0,-50.0
S026_2021-03-28T12:28:00,26,2021-03-28 12:28:00,35,M,31.16746095,199.0,67.0,5.9,104,12,Breakfast,608.0,66.0,66.0,10.5,0.0,100.0,126.6,0.4,CGMacros_dateshifted365/CGMacros/CGMacros-026/CGMacros-026.csv,dexcom,127.0,125.4,-1.2
S026_2021-03-28T12:42:00,26,2021-03-28 12:42:00,35,M,31.16746095,199.0,67.0,5.9,104,12,Lunch,435.0,16.0,66.0,14.0,4.0,100.0,120.0,9.0,CGMacros_dateshifted365/CGMacros/CGMacros-026/CGMacros-026.csv,dexcom,129.0,126.8,6.8
S026_2021-03-28T18:00:00,26,2021-03-28 18:00:00,35,M,31.16746095,199.0,67.0,5.9,104,18,Dinner,371.0,16.0,36.0,16.0,0.0,100.0,116.2,86.8,CGMacros_dateshifted365/CGMacros/CGMacros-026/CGMacros-026.csv,dexcom,203.0,143.8,27.6
S026_2021-03-28T22:47:00,26,2021-03-28 22:47:00,35,M,31.16746095,199.0,67.0,5.9,104,22,Snack,320.0,73.0,11.0,1.0,6.0,100.0,127.4,51.6,CGMacros_dateshifted365/CGMacros/CGMacros-026/CGMacros-026.csv,dexcom,179.0,162.2,34.8
S026_2021-03-29T09:44:00,26,2021-03-29 09:44:00,35,M,31.16746095,199.0,67.0,5.9,104,9,Breakfast,712.0,66.0,22.0,42.0,0.0,100.0,122.6,65.4,CGMacros_dateshifted365/CGMacros/CGMacros-026/CGMacros-026.csv,dexcom,188.0,151.8,29.2
S026_2021-03-29T13:25:00,26,2021-03-29 13:25:00,35,M,31.16746095,199.0,67.0,5.9,104,13,Lunch,555.0,94.0,12.0,13.0,5.0,100.0,93.0,130.0,CGMacros_dateshifted365/CGMacros/CGMacros-026/CGMacros-026.csv,dexcom,223.0,217.0,124.0
S026_2021-03-29T16:16:00,26,2021-03-29 16:16:00,35,M,31.16746095,199.0,67.0,5.9,104,16,Dinner,526.0,28.0,21.0,9.0,17.0,100.0,206.0,26.0,CGMacros_dateshifted365/CGMacros/CGMacros-026/CGMacros-026.csv,dexcom,232.0,143.0,-63.0
S026_2021-03-29T20:49:00,26,2021-03-29 20:49:00,35,M,31.16746095,199.0,67.0,5.9,104,20,Snack,522.0,35.0,33.0,22.0,4.0,100.0,110.4,41.6,CGMacros_dateshifted365/CGMacros/CGMacros-026/CGMacros-026.csv,dexcom,152.0,137.4,27.0
S026_2021-03-29T22:30:00,26,2021-03-29 22:30:00,35,M,31.16746095,199.0,67.0,5.9,104,22,Snack,320.0,73.0,11.0,1.0,6.0,100.0,137.8,44.2,CGMacros_dateshifted365/CGMacros/CGMacros-026/CGMacros-026.csv,dexcom,182.0,132.2,-5.6
S026_2021-03-30T08:58:00,26,2021-03-30 08:58:00,35,M,31.16746095,199.0,67.0,5.9,104,8,Breakfast,902.0,73.0,66.0,42.0,7.0,100.0,126.4,51.6,CGMacros_dateshifted365/CGMacros/CGMacros-026/CGMacros-026.csv,dexcom,178.0,144.4,18.0
S026_2021-03-30T12:19:00,26,2021-03-30 12:19:00,35,M,31.16746095,199.0,67.0,5.9,104,12,Lunch,355.0,19.0,32.0,15.0,5.0,100.0,124.6,-0.8,CGMacros_dateshifted365/CGMacros/CGMacros-026/CGMacros-026.csv,dexcom,123.8,121.4,-3.2
S026_2021-03-30T16:09:00,26,2021-03-30 16:09:00,35,M,31.16746095,199.0,67.0,5.9,104,16,Dinner,923.0,118.0,46.0,31.0,15.0,100.0,132.4,117.6,CGMacros_dateshifted365/CGMacros/CGMacros-026/CGMacros-026.csv,dexcom,250.0,184.2,51.8
S026_2021-03-31T09:06:00,26,2021-03-31 09:06:00,35,M,31.16746095,199.0,67.0,5.9,104,9,Breakfast,268.0,24.0,22.0,10.5,0.0,100.0,95.6667,39.3333,CGMacros_dateshifted365/CGMacros/CGMacros-026/CGMacros-026.csv,libre,135.0,91.0,-4.6667
S026_2021-03-31T12:43:00,26,2021-03-31 12:43:00,35,M,31.16746095,199.0,67.0,5.9,104,12,Lunch,1110.0,93.0,84.0,44.0,4.0,100.0,76.4,66.6,CGMacros_dateshifted365/CGMacros/CGMacros-026/CGMacros-026.csv,libre,143.0,118.6,42.2
S026_2021-03-31T17:10:00,26,2021-03-31 17:10:00,35,M,31.16746095,199.0,67.0,5.9,104,17,Dinner,410.0,50.0,13.0,15.0,3.0,100.0,81.4,49.8,CGMacros_dateshifted365/CGMacros/CGMacros-026/CGMacros-026.csv,libre,131.2,131.2,49.8
S026_2021-04-01T09:00:00,26,2021-04-01 09:00:00,35,M,31.16746095,199.0,67.0,5.9,104,9,Breakfast,448.0,66.0,22.0,10.5,0.0,100.0,91.9333,67.0667,CGMacros_dateshifted365/CGMacros/CGMacros-026/CGMacros-026.csv,libre,159.0,121.1333,29.2
S026_2021-04-01T18:08:00,26,2021-04-01 18:08:00,35,M,31.16746095,199.0,67.0,5.9,104,18,Snack,61.0,35.0,1.0,0.0,23.0,100.0,95.0,85.0,CGMacros_dateshifted365/CGMacros/CGMacros-026/CGMacros-026.csv,dexcom,180.0,128.4,33.4
S026_2021-04-01T23:06:00,26,2021-04-01 23:06:00,35,M,31.16746095,199.0,67.0,5.9,104,23,Dinner,1160.0,148.0,42.0,48.0,8.0,100.0,130.4,47.6,CGMacros_dateshifted365/CGMacros/CGMacros-026/CGMacros-026.csv,dexcom,178.0,128.4,-2.0
S026_2021-04-02T10:01:00,26,2021-04-02 10:01:00,35,M,31.16746095,199.0,67.0,5.9,104,10,Breakfast,608.0,66.0,66.0,10.5,0.0,100.0,109.2,82.8,CGMacros_dateshifted365/CGMacros/CGMacros-026/CGMacros-026.csv,dexcom,192.0,138.0,28.8
S026_2021-04-02T13:40:00,26,2021-04-02 13:40:00,35,M,31.16746095,199.0,67.0,5.9,104,13,Lunch,585.0,40.0,76.0,17.0,13.0,100.0,112.0,19.0,CGMacros_dateshifted365/CGMacros/CGMacros-026/CGMacros-026.csv,dexcom,131.0,117.0,5.0
S026_2021-04-02T16:18:00,26,2021-04-02 16:18:00,35,M,31.16746095,199.0,67.0,5.9,104,16,Dinner,884.0,137.0,53.0,20.0,6.0,100.0,118.4,88.6,CGMacros_dateshifted365/CGMacros/CGMacros-026/CGMacros-026.csv,dexcom,207.0,139.4,21.0
S026_2021-04-03T10:00:00,26,2021-04-03 10:00:00,35,M,31.16746095,199.0,67.0,5.9,104,10,Breakfast,712.0,66.0,22.0,42.0,0.0,100.0,140.0,130.0,CGMacros_dateshifted365/CGMacros/CGMacros-026/CGMacros-026.csv,dexcom,270.0,182.6,42.6
S026_2021-04-03T14:00:00,26,2021-04-03 14:00:00,35,M,31.16746095,199.0,67.0,5.9,104,14,Lunch,445.0,43.0,20.0,20.0,13.0,100.0,120.4,26.6,CGMacros_dateshifted365/CGMacros/CGMacros-026/CGMacros-026.csv,dexcom,147.0,136.0,15.6
S026_2021-04-03T17:00:00,26,2021-04-03 17:00:00,35,M,31.16746095,199.0,67.0,5.9,104,17,Dinner,990.0,112.0,38.0,46.0,8.0,100.0,147.6,90.4,CGMacros_dateshifted365/CGMacros/CGMacros-026/CGMacros-026.csv,dexcom,238.0,130.0,-17.6
S026_2021-04-04T10:19:00,26,2021-04-04 10:19:00,35,M,31.16746095,199.0,67.0,5.9,104,10,Breakfast,268.0,24.0,22.0,10.5,0.0,100.0,129.6,30.4,CGMacros_dateshifted365/CGMacros/CGMacros-026/CGMacros-026.csv,dexcom,160.0,128.2,-1.4
S026_2021-04-04T12:51:00,26,2021-04-04 12:51:00,35,M,31.16746095,199.0,67.0,5.9,104,12,Lunch,725.0,94.0,44.0,20.0,4.0,100.0,122.0,89.0,CGMacros_dateshifted365/CGMacros/CGMacros-026/CGMacros-026.csv,dexcom,211.0,165.6,43.6
S026_2021-04-04T17:00:00,26,2021-04-04 17:00:00,35,M,31.16746095,199.0,67.0,5.9,104,17,Dinner,337.0,4.0,36.0,20.0,0.0,100.0,117.2,91.8,CGMacros_dateshifted365/CGMacros/CGMacros-026/CGMacros-026.csv,dexcom,209.0,161.8,44.6
S026_2021-04-05T11:49:00,26,2021-04-05 11:49:00,35,M,31.16746095,199.0,67.0,5.9,104,11,Breakfast,902.0,73.0,22.0,42.0,7.0,100.0,135.2,79.8,CGMacros_dateshifted365/CGMacros/CGMacros-026/CGMacros-026.csv,dexcom,215.0,185.4,50.2
S027_2024-06-10T13:30:00,27,2024-06-10 13:30:00,24,F,27.12665446,173.2,67.0,4.7,90,13,Lunch,1180.0,81.0,88.0,54.5,18.0,100.0,82.6,70.4,CGMacros_dateshifted365/CGMacros/CGMacros-027/CGMacros-027.csv,dexcom,153.0,133.0,50.4
S027_2024-06-10T20:15:00,27,2024-06-10 20:15:00,24,F,27.12665446,173.2,67.0,4.7,90,20,Dinner,345.0,70.0,10.0,5.0,8.0,100.0,113.8,16.2,CGMacros_dateshifted365/CGMacros/CGMacros-027/CGMacros-027.csv,dexcom,130.0,110.0,-3.8
S027_2024-06-11T08:45:00,27,2024-06-11 08:45:00,24,F,27.12665446,173.2,67.0,4.7,90,8,Breakfast,448.0,66.0,22.0,10.5,0.0,100.0,119.8,30.2,CGMacros_dateshifted365/CGMacros/CGMacros-027/CGMacros-027.csv,dexcom,150.0,144.0,24.2
S027_2024-06-11T12:45:00,27,2024-06-11 12:45:00,24,F,27.12665446,173.2,67.0,4.7,90,12,Lunch,830.0,92.0,17.0,42.0,10.0,100.0,105.8,48.0,CGMacros_dateshifted365/CGMacros/CGMacros-027/CGMacros-027.csv,dexcom,153.8,153.8,48.0
S027_2024-06-11T18:38:00,27,2024-06-11 18:38:00,24,F,27.12665446,173.2,67.0,4.7,90,18,Dinner,1088.0,119.0,57.0,43.0,8.0,100.0,116.0,35.0,CGMacros_dateshifted365/CGMacros/CGMacros-027/CGMacros-027.csv,dexcom,151.0,129.0,13.0
S027_2024-06-11T23:58:00,27,2024-06-11 23:58:00,24,F,27.12665446,173.2,67.0,4.7,90,23,Snack,0.0,0.0,0.0,0.0,0.0,100.0,104.0,5.0,CGMacros_dateshifted365/CGMacros/CGMacros-027/CGMacros-027.csv,dexcom,109.0,90.0,-14.0
S027_2024-06-12T08:30:00,27,2024-06-12 08:30:00,24,F,27.12665446,173.2,67.0,4.7,90,8,Breakfast,608.0,66.0,66.0,10.5,0.0,100.0,117.4,21.6,CGMacros_dateshifted365/CGMacros/CGMacros-027/CGMacros-027.csv,dexcom,139.0,137.4,20.0
S027_2024-06-12T13:34:00,27,2024-06-12 13:34:00,24,F,27.12665446,173.2,67.0,4.7,90,13,Lunch,435.0,16.0,66.0,14.0,4.0,100.0,115.8,10.2,CGMacros_dateshifted365/CGMacros/CGMacros-027/CGMacros-027.csv,dexcom,126.0,125.2,9.4
S027_2024-06-12T21:04:00,27,2024-06-12 21:04:00,24,F,27.12665446,173.2,67.0,4.7,90,21,Dinner,409.0,66.0,10.0,15.0,4.0,100.0,110.6,45.4,CGMacros_dateshifted365/CGMacros/CGMacros-027/CGMacros-027.csv,dexcom,156.0,140.4,29.8
S027_2024-06-13T09:20:00,27,2024-06-13 09:20:00,24,F,27.12665446,173.2,67.0,4.7,90,9,Breakfast,712.0,66.0,22.0,42.0,0.0,100.0,118.4,58.6,CGMacros_dateshifted365/CGMacros/CGMacros-027/CGMacros-027.csv,dexcom,177.0,141.6,23.2
S027_2024-06-13T15:30:00,27,2024-06-13 15:30:00,24,F,27.12665446,173.2,67.0,4.7,90,15,Lunch,555.0,94.0,12.0,13.0,5.0,100.0,113.6,128.6,CGMacros_dateshifted365/CGMacros/CGMacros-027/CGMacros-027.csv,dexcom,242.2,242.2,128.6
S027_2024-06-13T19:45:00,27,2024-06-13 19:45:00,24,F,27.12665446,173.2,67.0,4.7,90,19,Dinner,779.0,136.0,24.0,35.0,6.0,100.0,119.6,69.4,CGMacros_dateshifted365/CGMacros/CGMacros-027/CGMacros-027.csv,dexcom,189.0,154.0,34.4
S027_2024-06-14T09:33:00,27,2024-06-14 09:33:00,24,F,27.12665446,173.2,67.0,4.7,90,9,Breakfast,902.0,73.0,66.0,42.0,7.0,100.0,125.0,29.0,CGMacros_dateshifted365/CGMacros/CGMacros-027/CGMacros-027.csv,dexcom,154.0,136.0,11.0
S027_2024-06-14T14:00:00,27,2024-06-14 14:00:00,24,F,27.12665446,173.2,67.0,4.7,90,14,Lunch,355.0,19.0,32.0,15.0,5.0,100.0,137.2,12.8,CGMacros_dateshifted365/CGMacros/CGMacros-027/CGMacros-027.csv,dexcom,150.0,128.6,-8.6
S027_2024-06-14T22:00:00,27,2024-06-14 22:00:00,24,F,27.12665446,173.2,67.0,4.7,90,22,Dinner,220.0,28.0,12.0,8.0,1.0,100.0,109.4,25.6,CGMacros_dateshifted365/CGMacros/CGMacros-027/CGMacros-027.csv,dexcom,135.0,131.6,22.2
S027_2024-06-15T10:10:00,27,2024-06-15 10:10:00,24,F,27.12665446,173.2,67.0,4.7,90,10,Breakfast,268.0,24.0,22.0,10.5,0.0,100.0,118.6,25.4,CGMacros_dateshifted365/CGMacros/CGMacros-027/CGMacros-027.csv,dexcom,144.0,126.2,7.6
S027_2024-06-15T13:40:00,27,2024-06-15 13:40:00,24,F,27.12665446,173.2,67.0,4.7,90,13,Lunch,1110.0,93.0,84.0,44.0,4.0,100.0,121.0,77.0,CGMacros_dateshifted365/CGMacros/CGMacros-027/CGMacros-027.csv,dexcom,198.0,191.8,70.8
S027_2024-06-15T17:36:00,27,2024-06-15 17:36:00,24,F,27.12665446,173.2,67.0,4.7,90,17,Snack,0.0,0.0,0.0,0.0,0.0,100.0,139.6,11.4,CGMacros_dateshifted365/CGMacros/CGMacros-027/CGMacros-027.csv,dexcom,151.0,139.2,-0.4
S027_2024-06-15T17:41:00,27,2024-06-15 17:41:00,24,F,27.12665446,173.2,67.0,4.7,90,17,Snack,130.0,23.0,2.0,5.0,2.0,100.0,140.6,10.4,CGMacros_dateshifted365/CGMacros/CGMacros-027/CGMacros-027.csv,dexcom,151.0,141.2,0.6
S027_2024-06-16T10:15:00,27,2024-06-16 10:15:00,24,F,27.12665446,173.2,67.0,4.7,90,10,Breakfast,448.0,66.0,22.0,10.5,0.0,100.0,117.8,18.2,CGMacros_dateshifted365/CGMacros/CGMacros-027/CGMacros-027.csv,dexcom,136.0,120.0,2.2
S027_2024-06-16T14:00:00,27,2024-06-16 14:00:00,24,F,27.12665446,173.2,67.0,4.7,90,14,Lunch,575.0,76.0,22.0,18.5,11.0,100.0,104.2,30.8,CGMacros_dateshifted365/CGMacros/CGMacros-027/CGMacros-027.csv,dexcom,135.0,121.6,17.4
S027_2024-06-16T20:00:00,27,2024-06-16 20:00:00,24,F,27.12665446,173.2,67.0,4.7,90,20,Dinner,507.0,97.0,12.0,10.0,10.0,100.0,115.0,73.0,CGMacros_dateshifted365/CGMacros/CGMacros-027/CGMacros-027.csv,dexcom,188.0,170.0,55.0
S027_2024-06-16T22:07:00,27,2024-06-16 22:07:00,24,F,27.12665446,173.2,67.0,4.7,90,22,Snack,174.0,29.0,3.0,6.0,13.0,100.0,163.0,2.0,CGMacros_dateshifted365/CGMacros/CGMacros-027/CGMacros-027.csv,dexcom,165.0,147.4,-15.6
S027_2024-06-17T08:15:00,27,2024-06-17 08:15:00,24,F,27.12665446,173.2,67.0,4.7,90,8,Breakfast,608.0,66.0,66.0,10.5,0.0,100.0,117.0,23.0,CGMacros_dateshifted365/CGMacros/CGMacros-027/CGMacros-027.csv,dexcom,140.0,115.2,-1.8
S027_2024-06-17T13:11:00,27,2024-06-17 13:11:00,24,F,27.12665446,173.2,67.0,4.7,90,13,Lunch,585.0,40.0,76.0,17.0,13.0,100.0,107.8,21.2,CGMacros_dateshifted365/CGMacros/CGMacros-027/CGMacros-027.csv,dexcom,129.0,128.4,20.6
S027_2024-06-17T18:04:00,27,2024-06-17 18:04:00,24,F,27.12665446,173.2,67.0,4.7,90,18,Snack,174.0,29.0,3.0,6.0,13.0,100.0,123.2,43.8,CGMacros_dateshifted365/CGMacros/CGMacros-027/CGMacros-027.csv,dexcom,167.0,161.6,38.4
S027_2024-06-17T19:02:00,27,2024-06-17 19:02:00,24,F,27.12665446,173.2,67.0,4.7,90,19,Dinner,632.0,69.0,14.0,26.0,17.0,100.0,133.4,33.6,CGMacros_dateshifted365/CGMacros/CGMacros-027/CGMacros-027.csv,dexcom,167.0,165.6,32.2
S027_2024-06-18T09:20:00,27,2024-06-18 09:20:00,24,F,27.12665446,173.2,67.0,4.7,90,9,Breakfast,712.0,66.0,22.0,42.0,0.0,100.0,121.6,45.4,CGMacros_dateshifted365/CGMacros/CGMacros-027/CGMacros-027.csv,dexcom,167.0,161.8,40.2
S027_2024-06-18T12:45:00,27,2024-06-18 12:45:00,24,F,27.12665446,173.2,67.0,4.7,90,12,Lunch,445.0,43.0,20.0,20.0,13.0,100.0,152.2,-0.4,CGMacros_dateshifted365/CGMacros/CGMacros-027/CGMacros-027.csv,dexcom,151.8,128.6,-23.6
S027_2024-06-18T18:38:00,27,2024-06-18 18:38:00,24,F,27.12665446,173.2,67.0,4.7,90,18,Dinner,230.0,24.0,11.0,11.0,2.0,100.0,117.0,89.0,CGMacros_dateshifted365/CGMacros/CGMacros-027/CGMacros-027.csv,dexcom,206.0,179.0,62.0
S027_2024-06-19T10:11:00,27,2024-06-19 10:11:00,24,F,27.12665446,173.2,67.0,4.7,90,10,Breakfast,268.0,24.0,22.0,10.5,0.0,100.0,127.4,30.6,CGMacros_dateshifted365/CGMacros/CGMacros-027/CGMacros-027.csv,dexcom,158.0,135.4,8.0
S027_2024-06-19T13:40:00,27,2024-06-19 13:40:00,24,F,27.12665446,173.2,67.0,4.7,90,13,Lunch,725.0,94.0,44.0,20.0,4.0,100.0,118.2,79.8,CGMacros_dateshifted365/CGMacros/CGMacros-027/CGMacros-027.csv,dexcom,198.0,156.6,38.4
S027_2024-06-19T18:03:00,27,2024-06-19 18:03:00,24,F,27.12665446,173.2,67.0,4.7,90,18,Snack,24.0,5.0,0.0,1.0,0.0,100.0,124.0,43.0,CGMacros_dateshifted365/CGMacros/CGMacros-027/CGMacros-027.csv,dexcom,167.0,143.0,19.0
S027_2024-06-19T18:45:00,27,2024-06-19 18:45:00,24,F,27.12665446,173.2,67.0,4.7,90,18,Dinner,757.0,69.0,39.0,38.0,3.0,100.0,114.2,52.8,CGMacros_dateshifted365/CGMacros/CGMacros-027/CGMacros-027.csv,dexcom,167.0,153.0,38.8
S027_2024-06-19T19:01:00,27,2024-06-19 19:01:00,24,F,27.12665446,173.2,67.0,4.7,90,19,Dinner,0.0,0.0,0.0,0.0,0.0,100.0,112.2,54.8,CGMacros_dateshifted365/CGMacros/CGMacros-027/CGMacros-027.csv,dexcom,167.0,131.8,19.6
S027_2024-06-20T08:35:00,27,2024-06-20 08:35:00,24,F,27.12665446,173.2,67.0,4.7,90,8,Breakfast,902.0,73.0,22.0,42.0,7.0,100.0,76.2,10.7333,CGMacros_dateshifted365/CGMacros/CGMacros-027/CGMacros-027.csv,libre,86.9333,86.9333,10.7333
S028_2023-11-28T12:40:00,28,2023-11-28 12:40:00,59,F,39.99681457,204.8,60.0,7.0,131,12,Lunch,1180.0,81.0,88.0,54.5,18.0,,113.4,46.6,CGMacros_dateshifted365/CGMacros/CGMacros-028/CGMacros-028.csv,dexcom,160.0,156.6,43.2
S028_2023-11-28T19:13:00,28,2023-11-28 19:13:00,59,F,39.99681457,204.8,60.0,7.0,131,19,Dinner,121.0,3.0,25.0,0.0,0.0,,135.4,24.6,CGMacros_dateshifted365/CGMacros/CGMacros-028/CGMacros-028.csv,dexcom,160.0,126.6,-8.8
S028_2023-11-28T21:45:00,28,2023-11-28 21:45:00,59,F,39.99681457,204.8,60.0,7.0,131,21,Snack,105.0,27.0,1.0,0.0,4.0,,133.2,2.8,CGMacros_dateshifted365/CGMacros/CGMacros-028/CGMacros-028.csv,dexcom,136.0,134.4,1.2
S028_2023-11-29T09:04:00,28,2023-11-29 09:04:00,59,F,39.99681457,204.8,60.0,7.0,131,9,Breakfast,448.0,66.0,22.0,10.5,0.0,,147.8,67.2,CGMacros_dateshifted365/CGMacros/CGMacros-028/CGMacros-028.csv,dexcom,215.0,193.2,45.4
S028_2023-11-29T12:51:00,28,2023-11-29 12:51:00,59,F,39.99681457,204.8,60.0,7.0,131,12,Lunch,830.0,92.0,17.0,42.0,10.0,,95.0,37.0,CGMacros_dateshifted365/CGMacros/CGMacros-028/CGMacros-028.csv,dexcom,132.0,132.0,37.0
S028_2023-11-29T16:33:00,28,2023-11-29 16:33:00,59,F,39.99681457,204.8,60.0,7.0,131,16,Snack,132.0,23.0,8.0,0.0,1.0,,132.6,60.4,CGMacros_dateshifted365/CGMacros/CGMacros-028/CGMacros-028.csv,dexcom,193.0,177.2,44.6
S028_2023-11-29T18:58:00,28,2023-11-29 18:58:00,59,F,39.99681457,204.8,60.0,7.0,131,18,Dinner,352.0,42.0,20.0,12.0,5.0,,155.2,39.4,CGMacros_dateshifted365/CGMacros/CGMacros-028/CGMacros-028.csv,dexcom,194.6,194.6,39.4
S028_2023-11-30T09:25:00,28,2023-11-30 09:25:00,59,F,39.99681457,204.8,60.0,7.0,131,9,Breakfast,608.0,66.0,66.0,10.5,0.0,,144.0,56.0,CGMacros_dateshifted365/CGMacros/CGMacros-028/CGMacros-028.csv,dexcom,200.0,165.2,21.2
S028_2023-11-30T12:40:00,28,2023-11-30 12:40:00,59,F,39.99681457,204.8,60.0,7.0,131,12,Lunch,435.0,16.0,66.0,14.0,4.0,,142.0,1.0,CGMacros_dateshifted365/CGMacros/CGMacros-028/CGMacros-028.csv,dexcom,143.0,109.6,-32.4
S028_2023-11-30T18:53:00,28,2023-11-30 18:53:00,59,F,39.99681457,204.8,60.0,7.0,131,18,Dinner,601.0,39.0,27.0,33.0,0.0,,133.6,53.4,CGMacros_dateshifted365/CGMacros/CGMacros-028/CGMacros-028.csv,dexcom,187.0,180.6,47.0
S028_2023-12-01T09:12:00,28,2023-12-01 09:12:00,59,F,39.99681457,204.8,60.0,7.0,131,9,Breakfast,712.0,66.0,22.0,42.0,0.0,,142.0,53.0,CGMacros_dateshifted365/CGMacros/CGMacros-028/CGMacros-028.csv,dexcom,195.0,194.2,52.2
S028_2023-12-01T12:29:00,28,2023-12-01 12:29:00,59,F,39.99681457,204.8,60.0,7.0,131,12,Lunch,555.0,94.0,12.0,13.0,5.0,,116.4,65.6,CGMacros_dateshifted365/CGMacros/CGMacros-028/CGMacros-028.csv,dexcom,182.0,135.8,19.4
S028_2023-12-01T19:53:00,28,2023-12-01 19:53:00,59,F,39.99681457,204.8,60.0,7.0,131,19,Dinner,400.0,63.0,22.0,8.0,10.0,,137.4,109.8,CGMacros_dateshifted365/CGMacros/CGMacros-028/CGMacros-028.csv,dexcom,247.2,247.2,109.8
S028_2023-12-02T08:59:00,28,2023-12-02 08:59:00,59,F,39.99681457,204.8,60.0,7.0,131,8,Breakfast,902.0,73.0,66.0,42.0,7.0,,145.4,20.0,CGMacros_dateshifted365/CGMacros/CGMacros-028/CGMacros-028.csv,dexcom,165.4,165.4,20.0
S028_2023-12-02T12:51:00,28,2023-12-02 12:51:00,59,F,39.99681457,204.8,60.0,7.0,131,12,Lunch,355.0,19.0,32.0,15.0,5.0,,161.0,2.0,CGMacros_dateshifted365/CGMacros/CGMacros-028/CGMacros-028.csv,dexcom,163.0,130.0,-31.0
S028_2023-12-02T18:09:00,28,2023-12-02 18:09:00,59,F,39.99681457,204.8,60.0,7.0,131,18,Snack,212.0,53.0,2.0,1.0,12.0,,152.2,50.8,CGMacros_dateshifted365/CGMacros/CGMacros-028/CGMacros-028.csv,dexcom,203.0,182.6,30.4
S028_2023-12-02T19:52:00,28,2023-12-02 19:52:00,59,F,39.99681457,204.8,60.0,7.0,131,19,Dinner,301.0,7.0,41.0,12.0,2.0,,189.6,15.4,CGMacros_dateshifted365/CGMacros/CGMacros-028/CGMacros-028.csv,dexcom,205.0,197.2,7.6
S028_2023-12-03T09:38:00,28,2023-12-03 09:38:00,59,F,39.99681457,204.8,60.0,7.0,131,9,Breakfast,268.0,24.0,22.0,10.5,0.0,,138.8,64.2,CGMacros_dateshifted365/CGMacros/CGMacros-028/CGMacros-028.csv,dexcom,203.0,124.8,-14.0
S028_2023-12-03T12:23:00,28,2023-12-03 12:23:00,59,F,39.99681457,204.8,60.0,7.0,131,12,Lunch,1110.0,93.0,84.0,44.0,4.0,,121.4,55.6,CGMacros_dateshifted365/CGMacros/CGMacros-028/CGMacros-028.csv,dexcom,177.0,167.2,45.8
S028_2023-12-03T18:47:00,28,2023-12-03 18:47:00,59,F,39.99681457,204.8,60.0,7.0,131,18,Dinner,360.0,40.0,14.0,16.0,2.0,,165.2,49.8,CGMacros_dateshifted365/CGMacros/CGMacros-028/CGMacros-028.csv,dexcom,215.0,174.8,9.6
S028_2023-12-04T09:11:00,28,2023-12-04 09:11:00,59,F,39.99681457,204.8,60.0,7.0,131,9,Breakfast,448.0,66.0,22.0,10.5,0.0,,145.0,92.0,CGMacros_dateshifted365/CGMacros/CGMacros-028/CGMacros-028.csv,dexcom,237.0,177.0,32.0
S028_2023-12-04T13:01:00,28,2023-12-04 13:01:00,59,F,39.99681457,204.8,60.0,7.0,131,13,Lunch,575.0,76.0,22.0,18.5,11.0,,112.0,67.0,CGMacros_dateshifted365/CGMacros/CGMacros-028/CGMacros-028.csv,dexcom,179.0,150.0,38.0
S028_2023-12-04T19:56:00,28,2023-12-04 19:56:00,59,F,39.99681457,204.8,60.0,7.0,131,19,Dinner,565.0,84.0,35.0,10.0,10.0,,139.0,69.0,CGMacros_dateshifted365/CGMacros/CGMacros-028/CGMacros-028.csv,dexcom,208.0,208.0,69.0
S028_2023-12-05T09:45:00,28,2023-12-05 09:45:00,59,F,39.99681457,204.8,60.0,7.0,131,9,Breakfast,608.0,66.0,66.0,10.5,0.0,,110.6,110.4,CGMacros_dateshifted365/CGMacros/CGMacros-028/CGMacros-028.csv,dexcom,221.0,152.6,42.0
S028_2023-12-05T12:30:00,28,2023-12-05 12:30:00,59,F,39.99681457,204.8,60.0,7.0,131,12,Lunch,585.0,40.0,76.0,17.0,13.0,,145.4,9.6,CGMacros_dateshifted365/CGMacros/CGMacros-028/CGMacros-028.csv,dexcom,155.0,126.8,-18.6
S028_2023-12-05T16:16:00,28,2023-12-05 16:16:00,59,F,39.99681457,204.8,60.0,7.0,131,16,Snack,601.0,39.0,27.0,33.0,0.0,,112.0,63.0,CGMacros_dateshifted365/CGMacros/CGMacros-028/CGMacros-028.csv,dexcom,175.0,174.0,62.0
S028_2023-12-05T20:39:00,28,2023-12-05 20:39:00,59,F,39.99681457,204.8,60.0,7.0,131,20,Dinner,1282.0,8.0,58.0,90.0,0.0,,135.6,46.4,CGMacros_dateshifted365/CGMacros/CGMacros-028/CGMacros-028.csv,dexcom,182.0,177.2,41.6
S028_2023-12-06T08:59:00,28,2023-12-06 08:59:00,59,F,39.99681457,204.8,60.0,7.0,131,8,Breakfast,712.0,66.0,22.0,42.0,0.0,,144.0,79.0,CGMacros_dateshifted365/CGMacros/CGMacros-028/CGMacros-028.csv,dexcom,223.0,201.2,57.2
S028_2023-12-06T12:39:00,28,2023-12-06 12:39:00,59,F,39.99681457,204.8,60.0,7.0,131,12,Lunch,445.0,43.0,20.0,20.0,13.0,,116.8,24.2,CGMacros_dateshifted365/CGMacros/CGMacros-028/CGMacros-028.csv,dexcom,141.0,138.2,21.4
S028_2023-12-06T20:10:00,28,2023-12-06 20:10:00,59,F,39.99681457,204.8,60.0,7.0,131,20,Dinner,1002.0,117.0,63.0,32.0,16.0,,160.4,63.6,CGMacros_dateshifted365/CGMacros/CGMacros-028/CGMacros-028.csv,dexcom,224.0,180.6,20.2
S028_2023-12-07T09:33:00,28,2023-12-07 09:33:00,59,F,39.99681457,204.8,60.0,7.0,131,9,Breakfast,268.0,24.0,22.0,10.5,0.0,,113.8667,49.1333,CGMacros_dateshifted365/CGMacros/CGMacros-028/CGMacros-028.csv,libre,163.0,97.3333,-16.5333
S028_2023-12-07T12:33:00,28,2023-12-07 12:33:00,59,F,39.99681457,204.8,60.0,7.0,131,12,Lunch,725.0,94.0,44.0,20.0,4.0,,121.2,100.8,CGMacros_dateshifted365/CGMacros/CGMacros-028/CGMacros-028.csv,dexcom,222.0,199.2,78.0
S028_2023-12-07T20:45:00,28,2023-12-07 20:45:00,59,F,39.99681457,204.8,60.0,7.0,131,20,Dinner,539.0,74.0,32.0,13.0,11.0,,153.8,67.2,CGMacros_dateshifted365/CGMacros/CGMacros-028/CGMacros-028.csv,dexcom,221.0,181.6,27.8
S028_2023-12-08T09:33:00,28,2023-12-08 09:33:00,59,F,39.99681457,204.8,60.0,7.0,131,9,Breakfast,902.0,73.0,22.0,42.0,7.0,,130.1333,41.8667,CGMacros_dateshifted365/CGMacros/CGMacros-028/CGMacros-028.csv,libre,172.0,143.0667,12.9333
S029_2024-01-17T12:06:00,29,2024-01-17 12:06:00,52,M,29.51764915,164.0,62.5,6.1,136,12,Lunch,1180.0,81.0,88.0,54.5,18.0,,112.0,114.0,CGMacros_dateshifted365/CGMacros/CGMacros-029/CGMacros-029.csv,dexcom,226.0,156.0,44.0
S029_2024-01-17T17:22:00,29,2024-01-17 17:22:00,52,M,29.51764915,164.0,62.5,6.1,136,17,Dinner,615.0,84.0,22.0,19.0,3.0,,115.2,65.8,CGMacros_dateshifted365/CGMacros/CGMacros-029/CGMacros-029.csv,dexcom,181.0,167.8,52.6
S029_2024-01-18T05:44:00,29,2024-01-18 05:44:00,52,M,29.51764915,164.0,62.5,6.1,136,5,Breakfast,448.0,66.0,22.0,10.5,0.0,,134.8,93.2,CGMacros_dateshifted365/CGMacros/CGMacros-029/CGMacros-029.csv,dexcom,228.0,157.2,22.4
S029_2024-01-18T11:56:00,29,2024-01-18 11:56:00,52,M,29.51764915,164.0,62.5,6.1,136,11,Lunch,830.0,92.0,17.0,42.0,10.0,,118.0,53.0,CGMacros_dateshifted365/CGMacros/CGMacros-029/CGMacros-029.csv,dexcom,171.0,148.0,30.0
S029_2024-01-18T17:04:00,29,2024-01-18 17:04:00,52,M,29.51764915,164.0,62.5,6.1,136,17,Dinner,484.0,40.0,26.0,25.0,4.0,,110.0,46.0,CGMacros_dateshifted365/CGMacros/CGMacros-029/CGMacros-029.csv,dexcom,156.0,134.2,24.2
S029_2024-01-19T06:18:00,29,2024-01-19 06:18:00,52,M,29.51764915,164.0,62.5,6.1,136,6,Breakfast,608.0,66.0,66.0,10.5,0.0,,120.0,31.0,CGMacros_dateshifted365/CGMacros/CGMacros-029/CGMacros-029.csv,dexcom,151.0,133.0,13.0
S029_2024-01-19T11:38:00,29,2024-01-19 11:38:00,52,M,29.51764915,164.0,62.5,6.1,136,11,Lunch,435.0,16.0,66.0,14.0,4.0,,107.2,15.8,CGMacros_dateshifted365/CGMacros/CGMacros-029/CGMacros-029.csv,dexcom,123.0,108.2,1.0
S029_2024-01-19T16:20:00,29,2024-01-19 16:20:00,52,M,29.51764915,164.0,62.5,6.1,136,16,Dinner,404.0,62.0,21.0,7.0,3.0,,113.2,92.8,CGMacros_dateshifted365/CGMacros/CGMacros-029/CGMacros-029.csv,dexcom,206.0,131.0,17.8
S029_2024-01-20T06:22:00,29,2024-01-20 06:22:00,52,M,29.51764915,164.0,62.5,6.1,136,6,Breakfast,712.0,66.0,22.0,42.0,0.0,,126.4,91.6,CGMacros_dateshifted365/CGMacros/CGMacros-029/CGMacros-029.csv,dexcom,218.0,167.2,40.8
S029_2024-01-20T11:53:00,29,2024-01-20 11:53:00,52,M,29.51764915,164.0,62.5,6.1,136,11,Lunch,555.0,94.0,12.0,13.0,5.0,,94.0,122.0,CGMacros_dateshifted365/CGMacros/CGMacros-029/CGMacros-029.csv,dexcom,216.0,207.6,113.6
S029_2024-01-20T17:19:00,29,2024-01-20 17:19:00,52,M,29.51764915,164.0,62.5,6.1,136,17,Dinner,884.0,95.0,43.0,40.0,7.0,,89.0,60.6,CGMacros_dateshifted365/CGMacros/CGMacros-029/CGMacros-029.csv,dexcom,149.6,149.6,60.6
S029_2024-01-21T06:30:00,29,2024-01-21 06:30:00,52,M,29.51764915,164.0,62.5,6.1,136,6,Breakfast,902.0,73.0,66.0,42.0,7.0,,126.6,57.4,CGMacros_dateshifted365/CGMacros/CGMacros-029/CGMacros-029.csv,dexcom,184.0,155.0,28.4
S029_2024-01-21T11:55:00,29,2024-01-21 11:55:00,52,M,29.51764915,164.0,62.5,6.1,136,11,Lunch,355.0,19.0,32.0,15.0,5.0,,101.0,17.0,CGMacros_dateshifted365/CGMacros/CGMacros-029/CGMacros-029.csv,dexcom,118.0,110.8,9.8
S029_2024-01-21T17:37:00,29,2024-01-21 17:37:00,52,M,29.51764915,164.0,62.5,6.1,136,17,Dinner,590.0,46.0,22.0,32.0,6.0,,99.8,29.2,CGMacros_dateshifted365/CGMacros/CGMacros-029/CGMacros-029.csv,dexcom,129.0,120.8,21.0
S029_2024-01-22T05:40:00,29,2024-01-22 05:40:00,52,M,29.51764915,164.0,62.5,6.1,136,5,Breakfast,268.0,24.0,22.0,10.5,0.0,,117.4,38.6,CGMacros_dateshifted365/CGMacros/CGMacros-029/CGMacros-029.csv,dexcom,156.0,124.8,7.4
S029_2024-01-22T11:40:00,29,2024-01-22 11:40:00,52,M,29.51764915,164.0,62.5,6.1,136,11,Lunch,1110.0,93.0,84.0,44.0,4.0,,111.4,65.6,CGMacros_dateshifted365/CGMacros/CGMacros-029/CGMacros-029.csv,dexcom,177.0,144.2,32.8
S029_2024-01-22T17:35:00,29,2024-01-22 17:35:00,52,M,29.51764915,164.0,62.5,6.1,136,17,Dinner,578.0,81.0,21.0,20.0,1.0,,110.0,37.0,CGMacros_dateshifted365/CGMacros/CGMacros-029/CGMacros-029.csv,dexcom,147.0,146.6,36.6
S029_2024-01-23T05:57:00,29,2024-01-23 05:57:00,52,M,29.51764915,164.0,62.5,6.1,136,5,Breakfast,448.0,66.0,22.0,10.5,0.0,,97.6,34.4,CGMacros_dateshifted365/CGMacros/CGMacros-029/CGMacros-029.csv,dexcom,132.0,118.4,20.8
S029_2024-01-23T11:41:00,29,2024-01-23 11:41:00,52,M,29.51764915,164.0,62.5,6.1,136,11,Lunch,575.0,76.0,22.0,18.5,11.0,,102.0,68.0,CGMacros_dateshifted365/CGMacros/CGMacros-029/CGMacros-029.csv,dexcom,170.0,146.0,44.0
S029_2024-01-23T17:36:00,29,2024-01-23 17:36:00,52,M,29.51764915,164.0,62.5,6.1,136,17,Dinner,741.0,135.0,42.0,7.0,15.0,,107.0,60.0,CGMacros_dateshifted365/CGMacros/CGMacros-029/CGMacros-029.csv,dexcom,167.0,135.0,28.0
S029_2024-01-24T06:19:00,29,2024-01-24 06:19:00,52,M,29.51764915,164.0,62.5,6.1,136,6,Breakfast,608.0,66.0,66.0,10.5,0.0,,106.8,54.2,CGMacros_dateshifted365/CGMacros/CGMacros-029/CGMacros-029.csv,dexcom,161.0,120.8,14.0
S029_2024-01-24T11:39:00,29,2024-01-24 11:39:00,52,M,29.51764915,164.0,62.5,6.1,136,11,Lunch,585.0,40.0,76.0,17.0,13.0,,96.4,22.6,CGMacros_dateshifted365/CGMacros/CGMacros-029/CGMacros-029.csv,dexcom,119.0,104.4,8.0
S029_2024-01-24T16:00:00,29,2024-01-24 16:00:00,52,M,29.51764915,164.0,62.5,6.1,136,16,Dinner,550.0,35.0,20.0,12.0,0.0,,102.8,19.2,CGMacros_dateshifted365/CGMacros/CGMacros-029/CGMacros-029.csv,dexcom,122.0,117.2,14.4
S029_2024-01-25T05:51:00,29,2024-01-25 05:51:00,52,M,29.51764915,164.0,62.5,6.1,136,5,Breakfast,712.0,66.0,22.0,42.0,0.0,,104.0,33.0,CGMacros_dateshifted365/CGMacros/CGMacros-029/CGMacros-029.csv,dexcom,137.0,126.0,22.0
S029_2024-01-25T11:39:00,29,2024-01-25 11:39:00,52,M,29.51764915,164.0,62.5,6.1,136,11,Lunch,445.0,43.0,20.0,20.0,13.0,,92.0,35.0,CGMacros_dateshifted365/CGMacros/CGMacros-029/CGMacros-029.csv,dexcom,127.0,112.8,20.8
S029_2024-01-25T16:34:00,29,2024-01-25 16:34:00,52,M,29.51764915,164.0,62.5,6.1,136,16,Dinner,900.0,105.0,38.0,38.0,6.0,,104.0,34.0,CGMacros_dateshifted365/CGMacros/CGMacros-029/CGMacros-029.csv,dexcom,138.0,118.2,14.2
S029_2024-01-26T05:37:00,29,2024-01-26 05:37:00,52,M,29.51764915,164.0,62.5,6.1,136,5,Breakfast,268.0,24.0,22.0,10.5,0.0,,108.6,61.4,CGMacros_dateshifted365/CGMacros/CGMacros-029/CGMacros-029.csv,dexcom,170.0,113.2,4.6
S029_2024-01-26T11:39:00,29,2024-01-26 11:39:00,52,M,29.51764915,164.0,62.5,6.1,136,11,Lunch,725.0,94.0,44.0,20.0,4.0,,103.0,79.0,CGMacros_dateshifted365/CGMacros/CGMacros-029/CGMacros-029.csv,dexcom,182.0,137.6,34.6
S029_2024-01-26T18:13:00,29,2024-01-26 18:13:00,52,M,29.51764915,164.0,62.5,6.1,136,18,Dinner,232.0,27.0,22.0,4.0,5.0,,101.6,76.4,CGMacros_dateshifted365/CGMacros/CGMacros-029/CGMacros-029.csv,dexcom,178.0,131.2,29.6
S029_2024-01-27T06:31:00,29,2024-01-27 06:31:00,52,M,29.51764915,164.0,62.5,6.1,136,6,Breakfast,902.0,73.0,22.0,42.0,7.0,,97.8,73.2,CGMacros_dateshifted365/CGMacros/CGMacros-029/CGMacros-029.csv,libre,171.0,117.8,20.0
S030_2021-01-23T11:24:00,30,2021-01-23 11:24:00,60,F,34.01032548,180.0,61.0,7.6,195,11,Lunch,1180.0,81.0,88.0,54.5,18.0,1.0,174.0,-2.0,CGMacros_dateshifted365/CGMacros/CGMacros-030/CGMacros-030.csv,dexcom,172.0,144.0,-30.0
S030_2021-01-23T17:36:00,30,2021-01-23 17:36:00,60,F,34.01032548,180.0,61.0,7.6,195,17,Dinner,0.0,0.0,0.0,0.0,0.0,0.0,149.0,49.0,CGMacros_dateshifted365/CGMacros/CGMacros-030/CGMacros-030.csv,dexcom,198.0,186.0,37.0
S030_2021-01-24T11:48:00,30,2021-01-24 11:48:00,60,F,34.01032548,180.0,61.0,7.6,195,11,Lunch,830.0,92.0,17.0,42.0,10.0,1.0,141.4,14.6,CGMacros_dateshifted365/CGMacros/CGMacros-030/CGMacros-030.csv,dexcom,156.0,115.4,-26.0
S030_2021-01-24T18:04:00,30,2021-01-24 18:04:00,60,F,34.01032548,180.0,61.0,7.6,195,18,Dinner,505.0,36.0,18.0,35.0,12.0,3.0,155.0,67.0,CGMacros_dateshifted365/CGMacros/CGMacros-030/CGMacros-030.csv,dexcom,222.0,191.0,36.0
S030_2021-01-25T07:57:00,30,2021-01-25 07:57:00,60,F,34.01032548,180.0,61.0,7.6,195,7,Breakfast,608.0,66.0,66.0,10.5,0.0,1.0,188.8,149.2,CGMacros_dateshifted365/CGMacros/CGMacros-030/CGMacros-030.csv,dexcom,338.0,334.0,145.2
S030_2021-01-25T11:44:00,30,2021-01-25 11:44:00,60,F,34.01032548,180.0,61.0,7.6,195,11,Lunch,435.0,16.0,66.0,14.0,4.0,0.75,163.0,-1.2,CGMacros_dateshifted365/CGMacros/CGMacros-030/CGMacros-030.csv,dexcom,161.8,104.0,-59.0
S030_2021-01-25T18:05:00,30,2021-01-25 18:05:00,60,F,34.01032548,180.0,61.0,7.6,195,18,Dinner,655.0,53.0,16.0,46.0,10.0,9.0,117.0,142.4,CGMacros_dateshifted365/CGMacros/CGMacros-030/CGMacros-030.csv,dexcom,259.4,259.4,142.4
S030_2021-01-26T07:55:00,30,2021-01-26 07:55:00,60,F,34.01032548,180.0,61.0,7.6,195,7,Breakfast,712.0,66.0,22.0,42.0,0.0,1.0,160.0,240.0,CGMacros_dateshifted365/CGMacros/CGMacros-030/CGMacros-030.csv,dexcom,400.0,400.0,240.0
S030_2021-01-26T13:14:00,30,2021-01-26 13:14:00,60,F,34.01032548,180.0,61.0,7.6,195,13,Lunch,555.0,94.0,12.0,13.0,5.0,1.0,98.0,153.0,CGMacros_dateshifted365/CGMacros/CGMacros-030/CGMacros-030.csv,dexcom,251.0,241.0,143.0
S030_2021-01-26T18:30:00,30,2021-01-26 18:30:00,60,F,34.01032548,180.0,61.0,7.6,195,18,Dinner,301.0,21.0,16.0,19.0,11.0,3.0,157.0,26.0,CGMacros_dateshifted365/CGMacros/CGMacros-030/CGMacros-030.csv,dexcom,183.0,158.8,1.8
S030_2021-01-27T11:57:00,30,2021-01-27 11:57:00,60,F,34.01032548,180.0,61.0,7.6,195,11,Lunch,355.0,19.0,32.0,15.0,5.0,1.0,218.0,10.0,CGMacros_dateshifted365/CGMacros/CGMacros-030/CGMacros-030.csv,dexcom,228.0,144.0,-74.0
S030_2021-01-27T17:40:00,30,2021-01-27 17:40:00,60,F,34.01032548,180.0,61.0,7.6,195,17,Dinner,663.0,48.0,64.0,9.0,11.0,4.0,173.6,112.6,CGMacros_dateshifted365/CGMacros/CGMacros-030/CGMacros-030.csv,dexcom,286.2,286.2,112.6
S030_2021-01-28T07:31:00,30,2021-01-28 07:31:00,60,F,34.01032548,180.0,61.0,7.6,195,7,Breakfast,268.0,24.0,22.0,10.5,0.0,1.0,138.4,127.6,CGMacros_dateshifted365/CGMacros/CGMacros-030/CGMacros-030.csv,dexcom,266.0,231.8,93.4
S030_2021-01-28T11:48:00,30,2021-01-28 11:48:00,60,F,34.01032548,180.0,61.0,7.6,195,11,Lunch,1110.0,93.0,84.0,44.0,4.0,1.0,124.4,54.8,CGMacros_dateshifted365/CGMacros/CGMacros-030/CGMacros-030.csv,dexcom,179.2,179.2,54.8
S030_2021-01-28T18:22:00,30,2021-01-28 18:22:00,60,F,34.01032548,180.0,61.0,7.6,195,18,Dinner,303.0,47.0,6.0,2.0,6.0,4.0,134.4,94.2,CGMacros_dateshifted365/CGMacros/CGMacros-030/CGMacros-030.csv,dexcom,228.6,228.6,94.2
S030_2021-01-29T07:46:00,30,2021-01-29 07:46:00,60,F,34.01032548,180.0,61.0,7.6,195,7,Breakfast,448.0,66.0,22.0,10.5,0.0,1.0,151.0,136.0,CGMacros_dateshifted365/CGMacros/CGMacros-030/CGMacros-030.csv,dexcom,287.0,226.8,75.8
S030_2021-01-29T12:46:00,30,2021-01-29 12:46:00,60,F,34.01032548,180.0,61.0,7.6,195,12,Lunch,575.0,76.0,22.0,18.5,11.0,1.0,170.0,14.0,CGMacros_dateshifted365/CGMacros/CGMacros-030/CGMacros-030.csv,dexcom,184.0,165.6,-4.4
S030_2021-01-29T16:46:00,30,2021-01-29 16:46:00,60,F,34.01032548,180.0,61.0,7.6,195,16,Dinner,717.0,80.0,52.0,13.0,10.0,9.0,150.2,72.8,CGMacros_dateshifted365/CGMacros/CGMacros-030/CGMacros-030.csv,dexcom,223.0,191.8,41.6
S030_2021-01-30T08:30:00,30,2021-01-30 08:30:00,60,F,34.01032548,180.0,61.0,7.6,195,8,Breakfast,608.0,66.0,66.0,10.5,0.0,1.0,178.8,152.2,CGMacros_dateshifted365/CGMacros/CGMacros-030/CGMacros-030.csv,dexcom,331.0,319.6,140.8
S030_2021-01-30T12:30:00,30,2021-01-30 12:30:00,60,F,34.01032548,180.0,61.0,7.6,195,12,Lunch,585.0,40.0,76.0,17.0,13.0,1.0,201.0,40.0,CGMacros_dateshifted365/CGMacros/CGMacros-030/CGMacros-030.csv,dexcom,241.0,158.6,-42.4
S030_2021-01-30T17:56:00,30,2021-01-30 17:56:00,60,F,34.01032548,180.0,61.0,7.6,195,17,Dinner,0.0,0.0,0.0,0.0,0.0,0.0,112.4,125.6,CGMacros_dateshifted365/CGMacros/CGMacros-030/CGMacros-030.csv,dexcom,238.0,227.2,114.8
S030_2021-01-31T08:16:00,30,2021-01-31 08:16:00,60,F,34.01032548,180.0,61.0,7.6,195,8,Breakfast,712.0,66.0,22.0,42.0,0.0,1.0,152.0,246.8,CGMacros_dateshifted365/CGMacros/CGMacros-030/CGMacros-030.csv,dexcom,398.8,398.8,246.8
S030_2021-01-31T12:13:00,30,2021-01-31 12:13:00,60,F,34.01032548,180.0,61.0,7.6,195,12,Lunch,445.0,43.0,20.0,20.0,13.0,1.0,128.2,25.8,CGMacros_dateshifted365/CGMacros/CGMacros-030/CGMacros-030.csv,dexcom,154.0,139.8,11.6
S030_2021-01-31T19:00:00,30,2021-01-31 19:00:00,60,F,34.01032548,180.0,61.0,7.6,195,19,Dinner,0.0,0.0,0.0,0.0,0.0,0.0,296.6,40.4,CGMacros_dateshifted365/CGMacros/CGMacros-030/CGMacros-030.csv,dexcom,337.0,282.8,-13.8
S030_2021-02-01T09:34:00,30,2021-02-01 09:34:00,60,F,34.01032548,180.0,61.0,7.6,195,9,Breakfast,268.0,24.0,22.0,10.5,0.0,1.0,153.0,153.0,CGMacros_dateshifted365/CGMacros/CGMacros-030/CGMacros-030.csv,dexcom,306.0,303.0,150.0
S030_2021-02-01T12:42:00,30,2021-02-01 12:42:00,60,F,34.01032548,180.0,61.0,7.6,195,12,Lunch,725.0,94.0,44.0,20.0,4.0,1.0,182.4,39.6,CGMacros_dateshifted365/CGMacros/CGMacros-030/CGMacros-030.csv,dexcom,222.0,216.2,33.8
S030_2021-02-01T20:05:00,30,2021-02-01 20:05:00,60,F,34.01032548,180.0,61.0,7.6,195,20,Dinner,610.0,37.0,30.0,36.0,1.0,5.0,140.6,166.4,CGMacros_dateshifted365/CGMacros/CGMacros-030/CGMacros-030.csv,dexcom,307.0,288.4,147.8
S030_2021-02-02T08:56:00,30,2021-02-02 08:56:00,60,F,34.01032548,180.0,61.0,7.6,195,8,Breakfast,902.0,73.0,22.0,42.0,7.0,1.0,112.0667,79.6,CGMacros_dateshifted365/CGMacros/CGMacros-030/CGMacros-030.csv,libre,191.6667,191.6667,79.6
S031_2022-06-30T07:19:00,31,2022-06-30 07:19:00,46,F,23.11126491,152.0,68.0,5.1,102,7,Breakfast,448.0,66.0,22.0,10.5,0.0,100.0,101.2,64.8,CGMacros_dateshifted365/CGMacros/CGMacros-031/CGMacros-031.csv,dexcom,166.0,149.6,48.4
S031_2022-06-30T12:26:00,31,2022-06-30 12:26:00,46,F,23.11126491,152.0,68.0,5.1,102,12,Lunch,830.0,92.0,17.0,42.0,10.0,100.0,106.8,57.8,CGMacros_dateshifted365/CGMacros/CGMacros-031/CGMacros-031.csv,dexcom,164.6,164.6,57.8
S031_2022-06-30T19:30:00,31,2022-06-30 19:30:00,46,F,23.11126491,152.0,68.0,5.1,102,19,Snack,262.0,19.0,14.0,3.0,1.0,300.0,105.8,33.2,CGMacros_dateshifted365/CGMacros/CGMacros-031/CGMacros-031.csv,dexcom,139.0,133.6,27.8
S031_2022-06-30T20:45:00,31,2022-06-30 20:45:00,46,F,23.11126491,152.0,68.0,5.1,102,20,Dinner,324.0,23.0,4.0,19.0,5.0,200.0,113.6,36.4,CGMacros_dateshifted365/CGMacros/CGMacros-031/CGMacros-031.csv,dexcom,150.0,138.0,24.4
S031_2022-07-01T07:17:00,31,2022-07-01 07:17:00,46,F,23.11126491,152.0,68.0,5.1,102,7,Breakfast,608.0,66.0,66.0,10.5,0.0,100.0,100.6,18.4,CGMacros_dateshifted365/CGMacros/CGMacros-031/CGMacros-031.csv,dexcom,119.0,109.6,9.0
S031_2022-07-01T12:32:00,31,2022-07-01 12:32:00,46,F,23.11126491,152.0,68.0,5.1,102,12,Lunch,435.0,16.0,66.0,14.0,4.0,100.0,99.2,14.8,CGMacros_dateshifted365/CGMacros/CGMacros-031/CGMacros-031.csv,dexcom,114.0,103.4,4.2
S031_2022-07-01T16:07:00,31,2022-07-01 16:07:00,46,F,23.11126491,152.0,68.0,5.1,102,16,Snack,323.0,32.0,11.0,18.0,3.2,100.0,98.2,21.8,CGMacros_dateshifted365/CGMacros/CGMacros-031/CGMacros-031.csv,dexcom,120.0,109.6,11.4
S031_2022-07-01T18:04:00,31,2022-07-01 18:04:00,46,F,23.11126491,152.0,68.0,5.1,102,18,Snack,129.0,34.0,1.3,0.2,1.6,50.0,111.4,15.6,CGMacros_dateshifted365/CGMacros/CGMacros-031/CGMacros-031.csv,dexcom,127.0,113.6,2.2
S031_2022-07-01T18:07:00,31,2022-07-01 18:07:00,46,F,23.11126491,152.0,68.0,5.1,102,18,Snack,322.0,17.0,4.0,29.0,13.0,50.0,109.6,17.4,CGMacros_dateshifted365/CGMacros/CGMacros-031/CGMacros-031.csv,dexcom,127.0,112.4,2.8
S031_2022-07-02T07:34:00,31,2022-07-02 07:34:00,46,F,23.11126491,152.0,68.0,5.1,102,7,Breakfast,712.0,66.0,22.0,42.0,0.0,100.0,86.0,56.0,CGMacros_dateshifted365/CGMacros/CGMacros-031/CGMacros-031.csv,dexcom,142.0,141.2,55.2
S031_2022-07-02T12:13:00,31,2022-07-02 12:13:00,46,F,23.11126491,152.0,68.0,5.1,102,12,Lunch,555.0,94.0,12.0,13.0,5.0,100.0,89.0,125.0,CGMacros_dateshifted365/CGMacros/CGMacros-031/CGMacros-031.csv,dexcom,214.0,201.0,112.0
S031_2022-07-02T15:33:00,31,2022-07-02 15:33:00,46,F,23.11126491,152.0,68.0,5.1,102,15,Snack,378.0,46.0,12.0,18.0,3.4,100.0,148.0,-1.4,CGMacros_dateshifted365/CGMacros/CGMacros-031/CGMacros-031.csv,dexcom,146.6,120.0,-28.0
S031_2022-07-02T15:34:00,31,2022-07-02 15:34:00,46,F,23.11126491,152.0,68.0,5.1,102,15,Snack,100.0,8.0,7.0,4.0,1.0,75.0,146.6,-1.4,CGMacros_dateshifted365/CGMacros/CGMacros-031/CGMacros-031.csv,dexcom,145.2,119.0,-27.6
S031_2022-07-02T16:18:00,31,2022-07-02 16:18:00,46,F,23.11126491,152.0,68.0,5.1,102,16,Snack,68.0,17.0,1.6,0.4,2.6,100.0,122.0,3.0,CGMacros_dateshifted365/CGMacros/CGMacros-031/CGMacros-031.csv,dexcom,125.0,99.0,-23.0
S031_2022-07-02T17:40:00,31,2022-07-02 17:40:00,46,F,23.11126491,152.0,68.0,5.1,102,17,Snack,29.0,6.9,0.6,0.3,1.8,100.0,113.0,10.0,CGMacros_dateshifted365/CGMacros/CGMacros-031/CGMacros-031.csv,dexcom,123.0,100.2,-12.8
S031_2022-07-02T19:18:00,31,2022-07-02 19:18:00,46,F,23.11126491,152.0,68.0,5.1,102,19,Dinner,122.0,3.8,0.1,0.0,0.0,100.0,99.0,36.0,CGMacros_dateshifted365/CGMacros/CGMacros-031/CGMacros-031.csv,dexcom,135.0,117.0,18.0
S031_2022-07-02T19:41:00,31,2022-07-02 19:41:00,46,F,23.11126491,152.0,68.0,5.1,102,19,Dinner,362.0,15.0,23.0,23.0,1.2,100.0,100.8,34.2,CGMacros_dateshifted365/CGMacros/CGMacros-031/CGMacros-031.csv,dexcom,135.0,101.2,0.4
S031_2022-07-02T20:15:00,31,2022-07-02 20:15:00,46,F,23.11126491,152.0,68.0,5.1,102,20,Dinner,120.0,20.0,9.6,0.4,8.0,100.0,109.8,25.2,CGMacros_dateshifted365/CGMacros/CGMacros-031/CGMacros-031.csv,dexcom,135.0,120.2,10.4
S031_2022-07-02T21:04:00,31,2022-07-02 21:04:00,46,F,23.11126491,152.0,68.0,5.1,102,21,Dinner,0.0,0.0,0.0,0.0,0.0,100.0,128.8,1.2,CGMacros_dateshifted365/CGMacros/CGMacros-031/CGMacros-031.csv,dexcom,130.0,126.8,-2.0
S031_2022-07-03T08:44:00,31,2022-07-03 08:44:00,46,F,23.11126491,152.0,68.0,5.1,102,8,Breakfast,902.0,73.0,66.0,42.0,7.0,100.0,104.4,21.6,CGMacros_dateshifted365/CGMacros/CGMacros-031/CGMacros-031.csv,dexcom,126.0,93.6,-10.8
S031_2022-07-03T11:43:00,31,2022-07-03 11:43:00,46,F,23.11126491,152.0,68.0,5.1,102,11,Lunch,355.0,19.0,32.0,15.0,5.0,100.0,98.0,19.0,CGMacros_dateshifted365/CGMacros/CGMacros-031/CGMacros-031.csv,dexcom,117.0,99.0,1.0
S031_2022-07-03T18:11:00,31,2022-07-03 18:11:00,46,F,23.11126491,152.0,68.0,5.1,102,18,Dinner,280.0,29.0,4.0,16.0,1.0,100.0,126.0,4.0,CGMacros_dateshifted365/CGMacros/CGMacros-031/CGMacros-031.csv,dexcom,130.0,114.2,-11.8
S031_2022-07-04T08:09:00,31,2022-07-04 08:09:00,46,F,23.11126491,152.0,68.0,5.1,102,8,Breakfast,268.0,24.0,22.0,10.5,0.0,100.0,101.0,32.0,CGMacros_dateshifted365/CGMacros/CGMacros-031/CGMacros-031.csv,dexcom,133.0,102.6,1.6
S031_2022-07-04T11:52:00,31,2022-07-04 11:52:00,46,F,23.11126491,152.0,68.0,5.1,102,11,Lunch,1110.0,93.0,84.0,44.0,4.0,100.0,104.4,26.6,CGMacros_dateshifted365/CGMacros/CGMacros-031/CGMacros-031.csv,dexcom,131.0,113.6,9.2
S031_2022-07-04T15:25:00,31,2022-07-04 15:25:00,46,F,23.11126491,152.0,68.0,5.1,102,15,Snack,2.4,0.0,0.3,0.1,0.0,0.0,118.8,14.2,CGMacros_dateshifted365/CGMacros/CGMacros-031/CGMacros-031.csv,dexcom,133.0,124.8,6.0
S031_2022-07-04T16:24:00,31,2022-07-04 16:24:00,46,F,23.11126491,152.0,68.0,5.1,102,16,Dinner,0.0,0.0,0.0,0.0,0.0,0.0,120.0,17.0,CGMacros_dateshifted365/CGMacros/CGMacros-031/CGMacros-031.csv,dexcom,137.0,68.8,-51.2
S031_2022-07-04T19:29:00,31,2022-07-04 19:29:00,46,F,23.11126491,152.0,68.0,5.1,102,19,Dinner,0.0,0.0,0.0,0.0,0.0,0.0,97.8,43.8,CGMacros_dateshifted365/CGMacros/CGMacros-031/CGMacros-031.csv,dexcom,141.6,141.6,43.8
S031_2022-07-04T19:36:00,31,2022-07-04 19:36:00,46,F,23.11126491,152.0,68.0,5.1,102,19,Dinner,0.0,0.0,0.0,0.0,0.0,0.0,97.0,47.0,CGMacros_dateshifted365/CGMacros/CGMacros-031/CGMacros-031.csv,dexcom,144.0,139.2,42.2
S031_2022-07-04T19:46:00,31,2022-07-04 19:46:00,46,F,23.11126491,152.0,68.0,5.1,102,19,Dinner,0.0,0.0,0.0,0.0,0.0,0.0,97.2,46.8,CGMacros_dateshifted365/CGMacros/CGMacros-031/CGMacros-031.csv,dexcom,144.0,131.4,34.2
S031_2022-07-05T07:45:00,31,2022-07-05 07:45:00,46,F,23.11126491,152.0,68.0,5.1,102,7,Breakfast,448.0,66.0,22.0,10.5,0.0,100.0,110.2,78.8,CGMacros_dateshifted365/CGMacros/CGMacros-031/CGMacros-031.csv,dexcom,189.0,116.8,6.6
S031_2022-07-05T12:22:00,31,2022-07-05 12:22:00,46,F,23.11126491,152.0,68.0,5.1,102,12,Lunch,575.0,76.0,22.0,18.5,11.0,100.0,91.4,37.6,CGMacros_dateshifted365/CGMacros/CGMacros-031/CGMacros-031.csv,dexcom,129.0,128.2,36.8
S031_2022-07-05T16:16:00,31,2022-07-05 16:16:00,46,F,23.11126491,152.0,68.0,5.1,102,16,Snack,135.0,4.0,0.0,0.0,0.0,200.0,117.4,4.6,CGMacros_dateshifted365/CGMacros/CGMacros-031/CGMacros-031.csv,dexcom,122.0,95.8,-21.6
S031_2022-07-05T18:10:00,31,2022-07-05 18:10:00,46,F,23.11126491,152.0,68.0,5.1,102,18,Dinner,500.0,80.0,30.0,10.0,0.0,200.0,97.6,8.4,CGMacros_dateshifted365/CGMacros/CGMacros-031/CGMacros-031.csv,dexcom,106.0,105.0,7.4
S031_2022-07-05T18:24:00,31,2022-07-05 18:24:00,46,F,23.11126491,152.0,68.0,5.1,102,18,Snack,39.0,9.0,1.0,0.0,5.0,100.0,88.8,26.2,CGMacros_dateshifted365/CGMacros/CGMacros-031/CGMacros-031.csv,dexcom,115.0,114.6,25.8
S031_2022-07-05T18:47:00,31,2022-07-05 18:47:00,46,F,23.11126491,152.0,68.0,5.1,102,18,Snack,64.0,5.0,1.0,5.0,2.0,100.0,90.6,29.4,CGMacros_dateshifted365/CGMacros/CGMacros-031/CGMacros-031.csv,dexcom,120.0,98.6,8.0
S031_2022-07-06T07:56:00,31,2022-07-06 07:56:00,46,F,23.11126491,152.0,68.0,5.1,102,7,Breakfast,608.0,66.0,66.0,10.5,0.0,100.0,91.0,37.0,CGMacros_dateshifted365/CGMacros/CGMacros-031/CGMacros-031.csv,dexcom,128.0,120.4,29.4
S031_2022-07-06T12:04:00,31,2022-07-06 12:04:00,46,F,23.11126491,152.0,68.0,5.1,102,12,Lunch,585.0,40.0,76.0,17.0,13.0,100.0,108.4,13.6,CGMacros_dateshifted365/CGMacros/CGMacros-031/CGMacros-031.csv,dexcom,122.0,102.8,-5.6
S031_2022-07-06T15:29:00,31,2022-07-06 15:29:00,46,F,23.11126491,152.0,68.0,5.1,102,15,Dinner,382.0,43.0,5.0,21.0,2.0,200.0,103.2,39.8,CGMacros_dateshifted365/CGMacros/CGMacros-031/CGMacros-031.csv,dexcom,143.0,105.8,2.6
S031_2022-07-06T17:25:00,31,2022-07-06 17:25:00,46,F,23.11126491,152.0,68.0,5.1,102,17,Dinner,42.0,11.0,0.0,0.0,1.0,100.0,107.4,17.6,CGMacros_dateshifted365/CGMacros/CGMacros-031/CGMacros-031.csv,dexcom,125.0,87.8,-19.6
S031_2022-07-06T20:30:00,31,2022-07-06 20:30:00,46,F,23.11126491,152.0,68.0,5.1,102,20,Dinner,75.0,7.0,1.0,5.0,0.0,100.0,90.6,22.4,CGMacros_dateshifted365/CGMacros/CGMacros-031/CGMacros-031.csv,dexcom,113.0,112.4,21.8
S031_2022-07-07T07:04:00,31,2022-07-07 07:04:00,46,F,23.11126491,152.0,68.0,5.1,102,7,Breakfast,712.0,66.0,22.0,42.0,0.0,100.0,112.8,33.2,CGMacros_dateshifted365/CGMacros/CGMacros-031/CGMacros-031.csv,dexcom,146.0,126.4,13.6
S031_2022-07-07T12:09:00,31,2022-07-07 12:09:00,46,F,23.11126491,152.0,68.0,5.1,102,12,Lunch,445.0,43.0,20.0,20.0,13.0,100.0,104.6,37.4,CGMacros_dateshifted365/CGMacros/CGMacros-031/CGMacros-031.csv,dexcom,142.0,133.4,28.8
S031_2022-07-07T15:14:00,31,2022-07-07 15:14:00,46,F,23.11126491,152.0,68.0,5.1,102,15,Snack,0.0,0.0,0.0,0.0,0.0,100.0,107.8,74.2,CGMacros_dateshifted365/CGMacros/CGMacros-031/CGMacros-031.csv,dexcom,182.0,159.0,51.2
S031_2022-07-07T15:20:00,31,2022-07-07 15:20:00,46,F,23.11126491,152.0,68.0,5.1,102,15,Snack,0.0,0.0,0.0,0.0,0.0,100.0,105.8,76.2,CGMacros_dateshifted365/CGMacros/CGMacros-031/CGMacros-031.csv,dexcom,182.0,163.4,57.6
S031_2022-07-07T17:00:00,31,2022-07-07 17:00:00,46,F,23.11126491,152.0,68.0,5.1,102,17,Snack,0.0,0.0,0.0,0.0,0.0,100.0,166.0,-2.0,CGMacros_dateshifted365/CGMacros/CGMacros-031/CGMacros-031.csv,dexcom,164.0,115.2,-50.8
S031_2022-07-07T17:30:00,31,2022-07-07 17:30:00,46,F,23.11126491,152.0,68.0,5.1,102,17,Dinner,867.0,58.0,22.0,65.0,19.0,300.0,161.2,0.8,CGMacros_dateshifted365/CGMacros/CGMacros-031/CGMacros-031.csv,dexcom,162.0,130.8,-30.4
S031_2022-07-07T18:15:00,31,2022-07-07 18:15:00,46,F,23.11126491,152.0,68.0,5.1,102,18,Snack,1086.0,146.0,25.0,50.0,26.0,300.0,139.4,10.4,CGMacros_dateshifted365/CGMacros/CGMacros-031/CGMacros-031.csv,dexcom,149.8,149.8,10.4
S031_2022-07-08T07:18:00,31,2022-07-08 07:18:00,46,F,23.11126491,152.0,68.0,5.1,102,7,Breakfast,268.0,24.0,22.0,10.5,0.0,100.0,109.0,23.0,CGMacros_dateshifted365/CGMacros/CGMacros-031/CGMacros-031.csv,dexcom,132.0,106.0,-3.0
S031_2022-07-08T11:54:00,31,2022-07-08 11:54:00,46,F,23.11126491,152.0,68.0,5.1,102,11,Lunch,725.0,94.0,44.0,20.0,4.0,100.0,105.8,70.2,CGMacros_dateshifted365/CGMacros/CGMacros-031/CGMacros-031.csv,dexcom,176.0,159.0,53.2
S031_2022-07-08T15:00:00,31,2022-07-08 15:00:00,46,F,23.11126491,152.0,68.0,5.1,102,15,Snack,105.0,7.0,6.0,5.0,0.0,100.0,139.2,-1.4,CGMacros_dateshifted365/CGMacros/CGMacros-031/CGMacros-031.csv,dexcom,137.8,106.6,-32.6
S031_2022-07-08T17:31:00,31,2022-07-08 17:31:00,46,F,23.11126491,152.0,68.0,5.1,102,17,Snack,42.0,11.0,0.0,0.0,1.0,100.0,104.6,19.4,CGMacros_dateshifted365/CGMacros/CGMacros-031/CGMacros-031.csv,dexcom,124.0,95.4,-9.2
S031_2022-07-08T18:07:00,31,2022-07-08 18:07:00,46,F,23.11126491,152.0,68.0,5.1,102,18,Snack,112.0,12.0,2.0,6.0,1.0,100.0,123.2,0.8,CGMacros_dateshifted365/CGMacros/CGMacros-031/CGMacros-031.csv,dexcom,124.0,112.4,-10.8
S031_2022-07-08T20:06:00,31,2022-07-08 20:06:00,46,F,23.11126491,152.0,68.0,5.1,102,20,Dinner,344.0,65.0,19.0,0.0,4.0,100.0,112.8,0.2,CGMacros_dateshifted365/CGMacros/CGMacros-031/CGMacros-031.csv,dexcom,113.0,106.0,-6.8
S031_2022-07-09T06:51:00,31,2022-07-09 06:51:00,46,F,23.11126491,152.0,68.0,5.1,102,6,Breakfast,902.0,73.0,22.0,42.0,7.0,100.0,81.8,27.7333,CGMacros_dateshifted365/CGMacros/CGMacros-031/CGMacros-031.csv,libre,109.5333,109.5333,27.7333
S032_2022-01-02T06:59:00,32,2022-01-02 06:59:00,64,M,22.9202666,169.0,72.0,5.3,100,6,Breakfast,448.0,66.0,22.0,10.5,0.0,100.0,102.0,10.0,CGMacros_dateshifted365/CGMacros/CGMacros-032/CGMacros-032.csv,dexcom,112.0,94.4,-7.6
S032_2022-01-02T12:12:00,32,2022-01-02 12:12:00,64,M,22.9202666,169.0,72.0,5.3,100,12,Lunch,830.0,92.0,17.0,42.0,10.0,100.0,79.2,27.8,CGMacros_dateshifted365/CGMacros/CGMacros-032/CGMacros-032.csv,dexcom,107.0,94.6,15.4
S032_2022-01-03T05:10:00,32,2022-01-03 05:10:00,64,M,22.9202666,169.0,72.0,5.3,100,5,Breakfast,608.0,66.0,66.0,10.5,0.0,100.0,106.0,2.0,CGMacros_dateshifted365/CGMacros/CGMacros-032/CGMacros-032.csv,dexcom,108.0,105.0,-1.0
S032_2022-01-03T12:06:00,32,2022-01-03 12:06:00,64,M,22.9202666,169.0,72.0,5.3,100,12,Lunch,435.0,16.0,66.0,14.0,4.0,100.0,131.6,2.4,CGMacros_dateshifted365/CGMacros/CGMacros-032/CGMacros-032.csv,dexcom,134.0,95.0,-36.6
S032_2022-01-04T05:53:00,32,2022-01-04 05:53:00,64,M,22.9202666,169.0,72.0,5.3,100,5,Breakfast,712.0,66.0,22.0,42.0,0.0,100.0,126.0,52.0,CGMacros_dateshifted365/CGMacros/CGMacros-032/CGMacros-032.csv,dexcom,178.0,91.4,-34.6
S032_2022-01-04T13:00:00,32,2022-01-04 13:00:00,64,M,22.9202666,169.0,72.0,5.3,100,13,Lunch,555.0,94.0,12.0,13.0,5.0,100.0,113.0,59.0,CGMacros_dateshifted365/CGMacros/CGMacros-032/CGMacros-032.csv,dexcom,172.0,158.0,45.0
S032_2022-01-05T06:08:00,32,2022-01-05 06:08:00,64,M,22.9202666,169.0,72.0,5.3,100,6,Breakfast,902.0,73.0,66.0,42.0,7.0,100.0,100.0,42.0,CGMacros_dateshifted365/CGMacros/CGMacros-032/CGMacros-032.csv,dexcom,142.0,136.8,36.8
S032_2022-01-05T12:38:00,32,2022-01-05 12:38:00,64,M,22.9202666,169.0,72.0,5.3,100,12,Lunch,355.0,19.0,32.0,15.0,5.0,100.0,93.6,45.4,CGMacros_dateshifted365/CGMacros/CGMacros-032/CGMacros-032.csv,dexcom,139.0,86.4,-7.2
S032_2022-01-06T04:23:00,32,2022-01-06 04:23:00,64,M,22.9202666,169.0,72.0,5.3,100,4,Breakfast,268.0,24.0,22.0,10.5,0.0,100.0,107.4,50.6,CGMacros_dateshifted365/CGMacros/CGMacros-032/CGMacros-032.csv,dexcom,158.0,97.0,-10.4
S032_2022-01-06T12:47:00,32,2022-01-06 12:47:00,64,M,22.9202666,169.0,72.0,5.3,100,12,Lunch,1110.0,93.0,84.0,44.0,4.0,100.0,106.6,41.4,CGMacros_dateshifted365/CGMacros/CGMacros-032/CGMacros-032.csv,dexcom,148.0,121.2,14.6
S032_2022-01-07T07:01:00,32,2022-01-07 07:01:00,64,M,22.9202666,169.0,72.0,5.3,100,7,Breakfast,448.0,66.0,22.0,10.5,0.0,100.0,107.0,52.0,CGMacros_dateshifted365/CGMacros/CGMacros-032/CGMacros-032.csv,dexcom,159.0,96.8,-10.2
S032_2022-01-07T12:33:00,32,2022-01-07 12:33:00,64,M,22.9202666,169.0,72.0,5.3,100,12,Lunch,575.0,76.0,22.0,18.5,11.0,100.0,91.8,30.2,CGMacros_dateshifted365/CGMacros/CGMacros-032/CGMacros-032.csv,dexcom,122.0,113.8,22.0
S032_2022-01-08T06:37:00,32,2022-01-08 06:37:00,64,M,22.9202666,169.0,72.0,5.3,100,6,Breakfast,608.0,66.0,66.0,10.5,0.0,100.0,104.6,91.4,CGMacros_dateshifted365/CGMacros/CGMacros-032/CGMacros-032.csv,dexcom,196.0,107.6,3.0
S032_2022-01-08T12:18:00,32,2022-01-08 12:18:00,64,M,22.9202666,169.0,72.0,5.3,100,12,Lunch,585.0,40.0,76.0,17.0,13.0,100.0,130.0,18.0,CGMacros_dateshifted365/CGMacros/CGMacros-032/CGMacros-032.csv,dexcom,148.0,73.2,-56.8
S032_2022-01-08T19:56:00,32,2022-01-08 19:56:00,64,M,22.9202666,169.0,72.0,5.3,100,19,Dinner,0.0,0.0,0.0,0.0,0.0,0.0,103.6,31.4,CGMacros_dateshifted365/CGMacros/CGMacros-032/CGMacros-032.csv,dexcom,135.0,71.8,-31.8
S032_2022-01-09T05:32:00,32,2022-01-09 05:32:00,64,M,22.9202666,169.0,72.0,5.3,100,5,Breakfast,712.0,66.0,22.0,42.0,0.0,100.0,102.4,67.6,CGMacros_dateshifted365/CGMacros/CGMacros-032/CGMacros-032.csv,dexcom,170.0,104.4,2.0
S032_2022-01-09T12:50:00,32,2022-01-09 12:50:00,64,M,22.9202666,169.0,72.0,5.3,100,12,Lunch,445.0,43.0,20.0,20.0,13.0,100.0,121.0,38.0,CGMacros_dateshifted365/CGMacros/CGMacros-032/CGMacros-032.csv,dexcom,159.0,112.0,-9.0
S032_2022-01-10T05:10:00,32,2022-01-10 05:10:00,64,M,22.9202666,169.0,72.0,5.3,100,5,Breakfast,268.0,24.0,22.0,10.5,0.0,100.0,94.0,35.0,CGMacros_dateshifted365/CGMacros/CGMacros-032/CGMacros-032.csv,dexcom,129.0,96.0,2.0
S032_2022-01-10T13:31:00,32,2022-01-10 13:31:00,64,M,22.9202666,169.0,72.0,5.3,100,13,Lunch,725.0,94.0,44.0,20.0,4.0,100.0,83.4,83.6,CGMacros_dateshifted365/CGMacros/CGMacros-032/CGMacros-032.csv,dexcom,167.0,156.8,73.4
S032_2022-01-10T19:35:00,32,2022-01-10 19:35:00,64,M,22.9202666,169.0,72.0,5.3,100,19,Dinner,0.0,0.0,0.0,0.0,0.0,0.0,100.0,7.0,CGMacros_dateshifted365/CGMacros/CGMacros-032/CGMacros-032.csv,dexcom,107.0,89.0,-11.0
S033_2022-04-16T11:45:00,33,2022-04-16 11:45:00,40,M,30.03834865,175.0,64.0,5.6,116,11,Lunch,1180.0,81.0,88.0,54.5,18.0,100.0,70.4,94.6,CGMacros_dateshifted365/CGMacros/CGMacros-033/CGMacros-033.csv,dexcom,165.0,138.2,67.8
S033_2022-04-16T15:12:00,33,2022-04-16 15:12:00,40,M,30.03834865,175.0,64.0,5.6,116,15,Snack,206.0,50.0,5.0,1.0,7.0,500.0,140.0,33.0,CGMacros_dateshifted365/CGMacros/CGMacros-033/CGMacros-033.csv,dexcom,173.0,159.8,19.8
S033_2022-04-16T19:32:00,33,2022-04-16 19:32:00,40,M,30.03834865,175.0,64.0,5.6,116,19,Dinner,383.0,26.0,38.0,17.0,9.0,200.0,123.4,82.6,CGMacros_dateshifted365/CGMacros/CGMacros-033/CGMacros-033.csv,dexcom,206.0,149.4,26.0
S033_2022-04-17T07:24:00,33,2022-04-17 07:24:00,40,M,30.03834865,175.0,64.0,5.6,116,7,Breakfast,448.0,66.0,22.0,10.5,0.0,100.0,146.0,206.0,CGMacros_dateshifted365/CGMacros/CGMacros-033/CGMacros-033.csv,dexcom,352.0,295.0,149.0
S033_2022-04-17T11:48:00,33,2022-04-17 11:48:00,40,M,30.03834865,175.0,64.0,5.6,116,11,Dinner,114.0,4.0,8.0,7.0,1.0,300.0,185.0,4.0,CGMacros_dateshifted365/CGMacros/CGMacros-033/CGMacros-033.csv,dexcom,189.0,105.8,-79.2
S033_2022-04-17T19:18:00,33,2022-04-17 19:18:00,40,M,30.03834865,175.0,64.0,5.6,116,19,Lunch,830.0,92.0,17.0,42.0,10.0,100.0,129.6,5.4,CGMacros_dateshifted365/CGMacros/CGMacros-033/CGMacros-033.csv,dexcom,135.0,101.2,-28.4
S033_2022-04-18T07:51:00,33,2022-04-18 07:51:00,40,M,30.03834865,175.0,64.0,5.6,116,7,Breakfast,608.0,66.0,66.0,10.5,0.0,100.0,133.0,105.0,CGMacros_dateshifted365/CGMacros/CGMacros-033/CGMacros-033.csv,dexcom,238.0,166.0,33.0
S033_2022-04-18T11:44:00,33,2022-04-18 11:44:00,40,M,30.03834865,175.0,64.0,5.6,116,11,Lunch,435.0,16.0,66.0,14.0,4.0,100.0,154.0,31.0,CGMacros_dateshifted365/CGMacros/CGMacros-033/CGMacros-033.csv,dexcom,185.0,87.0,-67.0
S033_2022-04-18T17:15:00,33,2022-04-18 17:15:00,40,M,30.03834865,175.0,64.0,5.6,116,17,Dinner,814.0,75.0,65.0,26.0,3.0,200.0,152.4,26.6,CGMacros_dateshifted365/CGMacros/CGMacros-033/CGMacros-033.csv,dexcom,179.0,133.8,-18.6
S033_2022-04-18T21:30:00,33,2022-04-18 21:30:00,40,M,30.03834865,175.0,64.0,5.6,116,21,Dinner,147.0,14.0,18.0,2.0,3.0,300.0,108.8,115.2,CGMacros_dateshifted365/CGMacros/CGMacros-033/CGMacros-033.csv,dexcom,224.0,201.8,93.0
S033_2022-04-19T08:48:00,33,2022-04-19 08:48:00,40,M,30.03834865,175.0,64.0,5.6,116,8,Breakfast,712.0,66.0,22.0,42.0,0.0,100.0,133.8,181.2,CGMacros_dateshifted365/CGMacros/CGMacros-033/CGMacros-033.csv,dexcom,315.0,308.0,174.2
S033_2022-04-19T11:34:00,33,2022-04-19 11:34:00,40,M,30.03834865,175.0,64.0,5.6,116,11,Lunch,555.0,94.0,12.0,13.0,5.0,100.0,160.0,23.0,CGMacros_dateshifted365/CGMacros/CGMacros-033/CGMacros-033.csv,dexcom,183.0,153.0,-7.0
S033_2022-04-19T19:49:00,33,2022-04-19 19:49:00,40,M,30.03834865,175.0,64.0,5.6,116,19,Dinner,0.0,0.0,0.0,0.0,0.0,0.0,131.0,40.0,CGMacros_dateshifted365/CGMacros/CGMacros-033/CGMacros-033.csv,dexcom,171.0,101.0,-30.0
S033_2022-04-20T08:41:00,33,2022-04-20 08:41:00,40,M,30.03834865,175.0,64.0,5.6,116,8,Breakfast,902.0,73.0,66.0,42.0,7.0,100.0,127.6,122.4,CGMacros_dateshifted365/CGMacros/CGMacros-033/CGMacros-033.csv,dexcom,250.0,223.6,96.0
S033_2022-04-20T12:15:00,33,2022-04-20 12:15:00,40,M,30.03834865,175.0,64.0,5.6,116,12,Lunch,355.0,19.0,32.0,15.0,5.0,100.0,158.0,111.0,CGMacros_dateshifted365/CGMacros/CGMacros-033/CGMacros-033.csv,dexcom,269.0,80.6,-77.4
S033_2022-04-20T19:12:00,33,2022-04-20 19:12:00,40,M,30.03834865,175.0,64.0,5.6,116,19,Dinner,480.0,65.0,35.0,8.0,3.0,300.0,108.8,99.2,CGMacros_dateshifted365/CGMacros/CGMacros-033/CGMacros-033.csv,dexcom,208.0,135.8,27.0
S033_2022-04-21T07:58:00,33,2022-04-21 07:58:00,40,M,30.03834865,175.0,64.0,5.6,116,7,Breakfast,268.0,24.0,22.0,10.5,0.0,100.0,142.4,96.6,CGMacros_dateshifted365/CGMacros/CGMacros-033/CGMacros-033.csv,dexcom,239.0,173.6,31.2
S033_2022-04-21T12:41:00,33,2022-04-21 12:41:00,40,M,30.03834865,175.0,64.0,5.6,116,12,Lunch,1110.0,93.0,84.0,44.0,4.0,100.0,99.2,123.8,CGMacros_dateshifted365/CGMacros/CGMacros-033/CGMacros-033.csv,dexcom,223.0,214.6,115.4
S033_2022-04-21T19:17:00,33,2022-04-21 19:17:00,40,M,30.03834865,175.0,64.0,5.6,116,19,Dinner,475.0,20.0,45.0,18.0,0.0,500.0,131.6,28.4,CGMacros_dateshifted365/CGMacros/CGMacros-033/CGMacros-033.csv,dexcom,160.0,143.0,11.4
S033_2022-04-22T09:56:00,33,2022-04-22 09:56:00,40,M,30.03834865,175.0,64.0,5.6,116,9,Breakfast,448.0,66.0,22.0,10.5,0.0,100.0,129.6,206.4,CGMacros_dateshifted365/CGMacros/CGMacros-033/CGMacros-033.csv,dexcom,336.0,298.4,168.8
S033_2022-04-22T13:13:00,33,2022-04-22 13:13:00,40,M,30.03834865,175.0,64.0,5.6,116,13,Lunch,575.0,76.0,22.0,18.5,11.0,100.0,137.4,-1.4,CGMacros_dateshifted365/CGMacros/CGMacros-033/CGMacros-033.csv,dexcom,136.0,85.4,-52.0
S033_2022-04-22T19:41:00,33,2022-04-22 19:41:00,40,M,30.03834865,175.0,64.0,5.6,116,19,Dinner,80.0,0.0,3.0,1.0,0.0,100.0,100.2,80.8,CGMacros_dateshifted365/CGMacros/CGMacros-033/CGMacros-033.csv,dexcom,181.0,158.2,58.0
S033_2022-04-23T07:50:00,33,2022-04-23 07:50:00,40,M,30.03834865,175.0,64.0,5.6,116,7,Breakfast,608.0,66.0,66.0,10.5,0.0,100.0,138.6,152.4,CGMacros_dateshifted365/CGMacros/CGMacros-033/CGMacros-033.csv,dexcom,291.0,195.0,56.4
S033_2022-04-23T12:33:00,33,2022-04-23 12:33:00,40,M,30.03834865,175.0,64.0,5.6,116,12,Lunch,585.0,40.0,76.0,17.0,13.0,100.0,219.2,-1.2,CGMacros_dateshifted365/CGMacros/CGMacros-033/CGMacros-033.csv,dexcom,218.0,82.2,-137.0
S033_2022-04-23T16:45:00,33,2022-04-23 16:45:00,40,M,30.03834865,175.0,64.0,5.6,116,16,Snack,100.0,37.0,1.0,1.0,4.0,100.0,124.0,67.0,CGMacros_dateshifted365/CGMacros/CGMacros-033/CGMacros-033.csv,dexcom,191.0,122.0,-2.0
S033_2022-04-23T20:39:00,33,2022-04-23 20:39:00,40,M,30.03834865,175.0,64.0,5.6,116,20,Dinner,307.0,30.0,35.0,5.0,10.0,150.0,128.0,44.0,CGMacros_dateshifted365/CGMacros/CGMacros-033/CGMacros-033.csv,dexcom,172.0,172.0,44.0
S033_2022-04-24T07:40:00,33,2022-04-24 07:40:00,40,M,30.03834865,175.0,64.0,5.6,116,7,Breakfast,712.0,66.0,22.0,42.0,0.0,100.0,144.2,171.8,CGMacros_dateshifted365/CGMacros/CGMacros-033/CGMacros-033.csv,dexcom,316.0,271.2,127.0
S033_2022-04-24T13:07:00,33,2022-04-24 13:07:00,40,M,30.03834865,175.0,64.0,5.6,116,13,Lunch,445.0,43.0,20.0,20.0,13.0,100.0,155.0,133.0,CGMacros_dateshifted365/CGMacros/CGMacros-033/CGMacros-033.csv,dexcom,288.0,149.4,-5.6
S033_2022-04-24T21:46:00,33,2022-04-24 21:46:00,40,M,30.03834865,175.0,64.0,5.6,116,21,Dinner,529.0,62.0,25.0,22.0,13.0,375.0,115.4,48.6,CGMacros_dateshifted365/CGMacros/CGMacros-033/CGMacros-033.csv,dexcom,164.0,162.6,47.2
S033_2022-04-25T07:22:00,33,2022-04-25 07:22:00,40,M,30.03834865,175.0,64.0,5.6,116,7,Breakfast,268.0,24.0,22.0,10.5,0.0,100.0,155.6,97.4,CGMacros_dateshifted365/CGMacros/CGMacros-033/CGMacros-033.csv,dexcom,253.0,149.0,-6.6
S033_2022-04-25T11:55:00,33,2022-04-25 11:55:00,40,M,30.03834865,175.0,64.0,5.6,116,11,Lunch,725.0,94.0,44.0,20.0,4.0,100.0,135.0,32.0,CGMacros_dateshifted365/CGMacros/CGMacros-033/CGMacros-033.csv,dexcom,167.0,153.6,18.6
S033_2022-04-25T20:24:00,33,2022-04-25 20:24:00,40,M,30.03834865,175.0,64.0,5.6,116,20,Dinner,510.0,44.0,22.0,27.0,5.0,75.0,104.0,73.0,CGMacros_dateshifted365/CGMacros/CGMacros-033/CGMacros-033.csv,dexcom,177.0,170.0,66.0
S033_2022-04-26T08:00:00,33,2022-04-26 08:00:00,40,M,30.03834865,175.0,64.0,5.6,116,8,Breakfast,902.0,73.0,22.0,42.0,7.0,100.0,125.0,140.0,CGMacros_dateshifted365/CGMacros/CGMacros-033/CGMacros-033.csv,libre,265.0,244.0,119.0
S034_2022-03-02T11:19:00,34,2022-03-02 11:19:00,24,M,25.80197702,185.0,71.0,4.6,80,11,Snack,170.0,3.0,10.0,13.0,0.0,100.0,91.6,8.4,CGMacros_dateshifted365/CGMacros/CGMacros-034/CGMacros-034.csv,dexcom,100.0,95.6,4.0
S034_2022-03-02T12:10:00,34,2022-03-02 12:10:00,24,M,25.80197702,185.0,71.0,4.6,80,12,Lunch,1180.0,81.0,88.0,54.5,18.0,100.0,79.2,50.6,CGMacros_dateshifted365/CGMacros/CGMacros-034/CGMacros-034.csv,dexcom,129.8,129.8,50.6
S034_2022-03-02T17:18:00,34,2022-03-02 17:18:00,24,M,25.80197702,185.0,71.0,4.6,80,17,Snack,210.0,8.0,38.0,2.0,2.0,100.0,116.4,16.6,CGMacros_dateshifted365/CGMacros/CGMacros-034/CGMacros-034.csv,dexcom,133.0,129.6,13.2
S034_2022-03-02T19:07:00,34,2022-03-02 19:07:00,24,M,25.80197702,185.0,71.0,4.6,80,19,Dinner,1113.0,102.0,61.0,46.0,16.0,700.0,128.8,26.2,CGMacros_dateshifted365/CGMacros/CGMacros-034/CGMacros-034.csv,dexcom,155.0,124.8,-4.0
S034_2022-03-03T07:38:00,34,2022-03-03 07:38:00,24,M,25.80197702,185.0,71.0,4.6,80,7,Breakfast,448.0,66.0,22.0,10.5,0.0,100.0,75.8,65.2,CGMacros_dateshifted365/CGMacros/CGMacros-034/CGMacros-034.csv,dexcom,141.0,99.0,23.2
S034_2022-03-03T10:57:00,34,2022-03-03 10:57:00,24,M,25.80197702,185.0,71.0,4.6,80,10,Snack,170.0,3.0,10.0,13.0,0.0,100.0,102.6,5.4,CGMacros_dateshifted365/CGMacros/CGMacros-034/CGMacros-034.csv,dexcom,108.0,107.6,5.0
S034_2022-03-03T11:12:00,34,2022-03-03 11:12:00,24,M,25.80197702,185.0,71.0,4.6,80,11,Snack,180.0,14.0,10.0,14.0,3.0,100.0,100.2,7.8,CGMacros_dateshifted365/CGMacros/CGMacros-034/CGMacros-034.csv,dexcom,108.0,101.8,1.6
S034_2022-03-03T12:13:00,34,2022-03-03 12:13:00,24,M,25.80197702,185.0,71.0,4.6,80,12,Lunch,830.0,92.0,17.0,42.0,10.0,100.0,102.0,30.0,CGMacros_dateshifted365/CGMacros/CGMacros-034/CGMacros-034.csv,dexcom,132.0,129.6,27.6
S034_2022-03-03T17:23:00,34,2022-03-03 17:23:00,24,M,25.80197702,185.0,71.0,4.6,80,17,Snack,140.0,5.0,25.0,2.0,1.0,200.0,110.2,-0.4,CGMacros_dateshifted365/CGMacros/CGMacros-034/CGMacros-034.csv,dexcom,109.8,95.6,-14.6
S034_2022-03-03T19:44:00,34,2022-03-03 19:44:00,24,M,25.80197702,185.0,71.0,4.6,80,19,Snack,890.0,97.0,32.0,43.0,7.0,300.0,82.6,54.4,CGMacros_dateshifted365/CGMacros/CGMacros-034/CGMacros-034.csv,dexcom,137.0,122.0,39.4
S034_2022-03-04T06:43:00,34,2022-03-04 06:43:00,24,M,25.80197702,185.0,71.0,4.6,80,6,Breakfast,608.0,66.0,66.0,10.5,0.0,100.0,109.4,12.6,CGMacros_dateshifted365/CGMacros/CGMacros-034/CGMacros-034.csv,dexcom,122.0,95.2,-14.2
S034_2022-03-04T10:07:00,34,2022-03-04 10:07:00,24,M,25.80197702,185.0,71.0,4.6,80,10,Snack,235.0,11.0,16.0,15.0,2.0,100.0,103.8,5.2,CGMacros_dateshifted365/CGMacros/CGMacros-034/CGMacros-034.csv,dexcom,109.0,105.6,1.8
S034_2022-03-04T12:26:00,34,2022-03-04 12:26:00,24,M,25.80197702,185.0,71.0,4.6,80,12,Lunch,435.0,16.0,66.0,14.0,4.0,100.0,105.0,7.0,CGMacros_dateshifted365/CGMacros/CGMacros-034/CGMacros-034.csv,dexcom,112.0,104.0,-1.0
S034_2022-03-04T17:14:00,34,2022-03-04 17:14:00,24,M,25.80197702,185.0,71.0,4.6,80,17,Snack,140.0,5.0,25.0,2.0,1.0,100.0,76.6,29.0,CGMacros_dateshifted365/CGMacros/CGMacros-034/CGMacros-034.csv,dexcom,105.6,105.6,29.0
S034_2022-03-04T18:52:00,34,2022-03-04 18:52:00,24,M,25.80197702,185.0,71.0,4.6,80,18,Dinner,150.0,35.0,4.0,2.0,19.0,300.0,100.4,34.6,CGMacros_dateshifted365/CGMacros/CGMacros-034/CGMacros-034.csv,dexcom,135.0,117.0,16.6
S034_2022-03-04T18:54:00,34,2022-03-04 18:54:00,24,M,25.80197702,185.0,71.0,4.6,80,18,Dinner,650.0,86.0,52.0,13.0,13.0,300.0,101.2,33.8,CGMacros_dateshifted365/CGMacros/CGMacros-034/CGMacros-034.csv,dexcom,135.0,117.0,15.8
S034_2022-03-05T08:22:00,34,2022-03-05 08:22:00,24,M,25.80197702,185.0,71.0,4.6,80,8,Breakfast,712.0,66.0,22.0,42.0,0.0,100.0,98.2,33.8,CGMacros_dateshifted365/CGMacros/CGMacros-034/CGMacros-034.csv,dexcom,132.0,126.2,28.0
S034_2022-03-05T12:35:00,34,2022-03-05 12:35:00,24,M,25.80197702,185.0,71.0,4.6,80,12,Lunch,555.0,94.0,12.0,13.0,5.0,100.0,96.6,58.4,CGMacros_dateshifted365/CGMacros/CGMacros-034/CGMacros-034.csv,dexcom,155.0,113.2,16.6
S034_2022-03-05T15:26:00,34,2022-03-05 15:26:00,24,M,25.80197702,185.0,71.0,4.6,80,15,Dinner,280.0,4.0,9.0,26.0,1.0,100.0,135.0,-0.8,CGMacros_dateshifted365/CGMacros/CGMacros-034/CGMacros-034.csv,dexcom,134.2,111.0,-24.0
S034_2022-03-05T16:19:00,34,2022-03-05 16:19:00,24,M,25.80197702,185.0,71.0,4.6,80,16,Dinner,665.0,54.0,62.0,22.0,6.0,400.0,123.0,0.0,CGMacros_dateshifted365/CGMacros/CGMacros-034/CGMacros-034.csv,dexcom,123.0,106.2,-16.8
S034_2022-03-05T19:52:00,34,2022-03-05 19:52:00,24,M,25.80197702,185.0,71.0,4.6,80,19,Dinner,310.0,31.0,9.0,16.0,0.0,100.0,78.8,63.2,CGMacros_dateshifted365/CGMacros/CGMacros-034/CGMacros-034.csv,dexcom,142.0,129.0,50.2
S034_2022-03-05T21:41:00,34,2022-03-05 21:41:00,24,M,25.80197702,185.0,71.0,4.6,80,21,Dinner,290.0,28.0,4.0,13.0,0.0,100.0,137.0,22.0,CGMacros_dateshifted365/CGMacros/CGMacros-034/CGMacros-034.csv,dexcom,159.0,138.0,1.0
S034_2022-03-06T09:56:00,34,2022-03-06 09:56:00,24,M,25.80197702,185.0,71.0,4.6,80,9,Breakfast,902.0,73.0,66.0,42.0,7.0,100.0,96.0,13.0,CGMacros_dateshifted365/CGMacros/CGMacros-034/CGMacros-034.csv,dexcom,109.0,101.0,5.0
S034_2022-03-06T12:59:00,34,2022-03-06 12:59:00,24,M,25.80197702,185.0,71.0,4.6,80,12,Lunch,355.0,19.0,32.0,15.0,5.0,100.0,79.4,21.6,CGMacros_dateshifted365/CGMacros/CGMacros-034/CGMacros-034.csv,dexcom,101.0,97.2,17.8
S034_2022-03-06T17:11:00,34,2022-03-06 17:11:00,24,M,25.80197702,185.0,71.0,4.6,80,17,Dinner,240.0,15.0,5.0,18.0,1.0,100.0,102.0,60.0,CGMacros_dateshifted365/CGMacros/CGMacros-034/CGMacros-034.csv,dexcom,162.0,107.0,5.0
S034_2022-03-06T18:59:00,34,2022-03-06 18:59:00,24,M,25.80197702,185.0,71.0,4.6,80,18,Dinner,175.0,16.0,19.0,5.0,4.0,100.0,104.8,24.2,CGMacros_dateshifted365/CGMacros/CGMacros-034/CGMacros-034.csv,dexcom,129.0,105.8,1.0
S034_2022-03-06T22:05:00,34,2022-03-06 22:05:00,24,M,25.80197702,185.0,71.0,4.6,80,22,Dinner,290.0,38.0,4.0,13.0,0.0,100.0,83.2,41.8,CGMacros_dateshifted365/CGMacros/CGMacros-034/CGMacros-034.csv,dexcom,125.0,111.6,28.4
S034_2022-03-07T06:46:00,34,2022-03-07 06:46:00,24,M,25.80197702,185.0,71.0,4.6,80,6,Breakfast,268.0,24.0,22.0,10.5,0.0,100.0,94.0,27.0,CGMacros_dateshifted365/CGMacros/CGMacros-034/CGMacros-034.csv,dexcom,121.0,109.0,15.0
S034_2022-03-07T11:53:00,34,2022-03-07 11:53:00,24,M,25.80197702,185.0,71.0,4.6,80,11,Lunch,1110.0,93.0,84.0,44.0,4.0,100.0,99.6,34.4,CGMacros_dateshifted365/CGMacros/CGMacros-034/CGMacros-034.csv,dexcom,134.0,106.8,7.2
S034_2022-03-07T16:41:00,34,2022-03-07 16:41:00,24,M,25.80197702,185.0,71.0,4.6,80,16,Dinner,663.0,96.0,39.0,13.0,4.0,400.0,100.0,7.0,CGMacros_dateshifted365/CGMacros/CGMacros-034/CGMacros-034.csv,dexcom,107.0,103.0,3.0
S034_2022-03-07T20:32:00,34,2022-03-07 20:32:00,24,M,25.80197702,185.0,71.0,4.6,80,20,Dinner,98.0,14.0,5.0,3.0,4.0,400.0,110.0,23.0,CGMacros_dateshifted365/CGMacros/CGMacros-034/CGMacros-034.csv,dexcom,133.0,110.6,0.6
S034_2022-03-08T06:16:00,34,2022-03-08 06:16:00,24,M,25.80197702,185.0,71.0,4.6,80,6,Breakfast,448.0,66.0,22.0,10.5,0.0,100.0,100.0,18.0,CGMacros_dateshifted365/CGMacros/CGMacros-034/CGMacros-034.csv,dexcom,118.0,99.0,-1.0
S034_2022-03-08T09:42:00,34,2022-03-08 09:42:00,24,M,25.80197702,185.0,71.0,4.6,80,9,Snack,312.0,19.0,17.0,20.0,5.0,300.0,104.0,4.0,CGMacros_dateshifted365/CGMacros/CGMacros-034/CGMacros-034.csv,dexcom,108.0,106.2,2.2
S034_2022-03-08T11:58:00,34,2022-03-08 11:58:00,24,M,25.80197702,185.0,71.0,4.6,80,11,Snack,140.0,0.0,0.0,0.0,0.0,100.0,106.8,32.2,CGMacros_dateshifted365/CGMacros/CGMacros-034/CGMacros-034.csv,dexcom,139.0,125.8,19.0
S034_2022-03-08T12:32:00,34,2022-03-08 12:32:00,24,M,25.80197702,185.0,71.0,4.6,80,12,Lunch,575.0,76.0,22.0,18.5,11.0,75.0,133.8,5.2,CGMacros_dateshifted365/CGMacros/CGMacros-034/CGMacros-034.csv,dexcom,139.0,122.2,-11.6
S034_2022-03-08T17:59:00,34,2022-03-08 17:59:00,24,M,25.80197702,185.0,71.0,4.6,80,17,Dinner,140.0,5.0,25.0,2.0,1.0,100.0,108.4,25.4,CGMacros_dateshifted365/CGMacros/CGMacros-034/CGMacros-034.csv,dexcom,133.8,133.8,25.4
S034_2022-03-08T19:32:00,34,2022-03-08 19:32:00,24,M,25.80197702,185.0,71.0,4.6,80,19,Dinner,631.0,59.0,56.0,17.0,9.0,400.0,105.6,39.4,CGMacros_dateshifted365/CGMacros/CGMacros-034/CGMacros-034.csv,dexcom,145.0,125.2,19.6
S034_2022-03-09T07:18:00,34,2022-03-09 07:18:00,24,M,25.80197702,185.0,71.0,4.6,80,7,Breakfast,608.0,66.0,66.0,10.5,0.0,100.0,97.6,24.4,CGMacros_dateshifted365/CGMacros/CGMacros-034/CGMacros-034.csv,dexcom,122.0,107.8,10.2
S034_2022-03-09T13:15:00,34,2022-03-09 13:15:00,24,M,25.80197702,185.0,71.0,4.6,80,13,Lunch,585.0,40.0,76.0,17.0,13.0,100.0,105.0,38.0,CGMacros_dateshifted365/CGMacros/CGMacros-034/CGMacros-034.csv,dexcom,143.0,115.8,10.8
S034_2022-03-09T19:05:00,34,2022-03-09 19:05:00,24,M,25.80197702,185.0,71.0,4.6,80,19,Dinner,584.0,24.0,71.0,22.0,5.0,600.0,88.2,29.8,CGMacros_dateshifted365/CGMacros/CGMacros-034/CGMacros-034.csv,dexcom,118.0,100.2,12.0
S034_2022-03-10T07:12:00,34,2022-03-10 07:12:00,24,M,25.80197702,185.0,71.0,4.6,80,7,Breakfast,712.0,66.0,22.0,42.0,0.0,100.0,91.8,19.2,CGMacros_dateshifted365/CGMacros/CGMacros-034/CGMacros-034.csv,dexcom,111.0,95.8,4.0
S034_2022-03-10T13:37:00,34,2022-03-10 13:37:00,24,M,25.80197702,185.0,71.0,4.6,80,13,Lunch,445.0,43.0,20.0,20.0,13.0,100.0,117.4,13.6,CGMacros_dateshifted365/CGMacros/CGMacros-034/CGMacros-034.csv,dexcom,131.0,121.2,3.8
S034_2022-03-10T17:45:00,34,2022-03-10 17:45:00,24,M,25.80197702,185.0,71.0,4.6,80,17,Snack,140.0,5.0,25.0,2.0,1.0,100.0,106.6,13.4,CGMacros_dateshifted365/CGMacros/CGMacros-034/CGMacros-034.csv,dexcom,120.0,119.2,12.6
S034_2022-03-10T19:12:00,34,2022-03-10 19:12:00,24,M,25.80197702,185.0,71.0,4.6,80,19,Dinner,440.0,12.0,42.0,26.0,0.0,100.0,94.6,46.4,CGMacros_dateshifted365/CGMacros/CGMacros-034/CGMacros-034.csv,dexcom,141.0,114.8,20.2
S034_2022-03-10T20:27:00,34,2022-03-10 20:27:00,24,M,25.80197702,185.0,71.0,4.6,80,20,Dinner,427.0,54.0,17.0,14.0,8.0,600.0,124.2,-0.8,CGMacros_dateshifted365/CGMacros/CGMacros-034/CGMacros-034.csv,dexcom,123.4,117.2,-7.0
S034_2022-03-11T07:24:00,34,2022-03-11 07:24:00,24,M,25.80197702,185.0,71.0,4.6,80,7,Breakfast,268.0,24.0,22.0,10.5,0.0,100.0,96.8,11.2,CGMacros_dateshifted365/CGMacros/CGMacros-034/CGMacros-034.csv,dexcom,108.0,95.4,-1.4
S034_2022-03-11T10:45:00,34,2022-03-11 10:45:00,24,M,25.80197702,185.0,71.0,4.6,80,10,Snack,792.0,150.0,18.0,22.0,4.0,300.0,98.0,20.0,CGMacros_dateshifted365/CGMacros/CGMacros-034/CGMacros-034.csv,dexcom,118.0,111.2,13.2
S034_2022-03-11T12:10:00,34,2022-03-11 12:10:00,24,M,25.80197702,185.0,71.0,4.6,80,12,Lunch,725.0,94.0,44.0,20.0,4.0,100.0,108.6,16.6,CGMacros_dateshifted365/CGMacros/CGMacros-034/CGMacros-034.csv,dexcom,125.2,125.2,16.6
S034_2022-03-11T18:13:00,34,2022-03-11 18:13:00,24,M,25.80197702,185.0,71.0,4.6,80,18,Dinner,287.0,32.0,11.0,12.0,1.0,200.0,111.0,38.0,CGMacros_dateshifted365/CGMacros/CGMacros-034/CGMacros-034.csv,dexcom,149.0,101.0,-10.0
S035_2024-12-12T12:42:00,35,2024-12-12 12:42:00,45,F,28.73382608,167.4,64.0,8.5,218,12,Lunch,1180.0,81.0,88.0,54.5,18.0,100.0,240.4,25.6,CGMacros_dateshifted365/CGMacros/CGMacros-035/CGMacros-035.csv,dexcom,266.0,253.0,12.6
S035_2024-12-13T08:02:00,35,2024-12-13 08:02:00,45,F,28.73382608,167.4,64.0,8.5,218,8,Breakfast,448.0,66.0,22.0,10.5,0.0,100.0,257.8,142.2,CGMacros_dateshifted365/CGMacros/CGMacros-035/CGMacros-035.csv,dexcom,400.0,343.2,85.4
S035_2024-12-13T12:15:00,35,2024-12-13 12:15:00,45,F,28.73382608,167.4,64.0,8.5,218,12,Lunch,830.0,92.0,17.0,42.0,10.0,100.0,175.6,46.4,CGMacros_dateshifted365/CGMacros/CGMacros-035/CGMacros-035.csv,dexcom,222.0,204.4,28.8
S035_2024-12-13T20:56:00,35,2024-12-13 20:56:00,45,F,28.73382608,167.4,64.0,8.5,218,20,Dinner,0.0,0.0,0.0,0.0,0.0,100.0,233.0,14.0,CGMacros_dateshifted365/CGMacros/CGMacros-035/CGMacros-035.csv,dexcom,247.0,233.0,0.0
S035_2024-12-14T07:10:00,35,2024-12-14 07:10:00,45,F,28.73382608,167.4,64.0,8.5,218,7,Breakfast,608.0,66.0,66.0,10.5,0.0,100.0,204.0,149.0,CGMacros_dateshifted365/CGMacros/CGMacros-035/CGMacros-035.csv,dexcom,353.0,308.6,104.6
S035_2024-12-14T12:04:00,35,2024-12-14 12:04:00,45,F,28.73382608,167.4,64.0,8.5,218,12,Lunch,435.0,16.0,66.0,14.0,4.0,100.0,164.0,2.0,CGMacros_dateshifted365/CGMacros/CGMacros-035/CGMacros-035.csv,dexcom,166.0,140.0,-24.0
S035_2024-12-14T20:57:00,35,2024-12-14 20:57:00,45,F,28.73382608,167.4,64.0,8.5,218,20,Dinner,0.0,0.0,0.0,0.0,0.0,100.0,157.4,132.6,CGMacros_dateshifted365/CGMacros/CGMacros-035/CGMacros-035.csv,dexcom,290.0,238.8,81.4
S035_2024-12-15T06:20:00,35,2024-12-15 06:20:00,45,F,28.73382608,167.4,64.0,8.5,218,6,Breakfast,712.0,66.0,22.0,42.0,0.0,100.0,158.4,215.6,CGMacros_dateshifted365/CGMacros/CGMacros-035/CGMacros-035.csv,dexcom,374.0,352.0,193.6
S035_2024-12-15T14:02:00,35,2024-12-15 14:02:00,45,F,28.73382608,167.4,64.0,8.5,218,14,Lunch,555.0,94.0,12.0,13.0,5.0,100.0,287.0,21.0,CGMacros_dateshifted365/CGMacros/CGMacros-035/CGMacros-035.csv,dexcom,308.0,219.6,-67.4
S035_2024-12-15T20:26:00,35,2024-12-15 20:26:00,45,F,28.73382608,167.4,64.0,8.5,218,20,Dinner,0.0,0.0,0.0,0.0,0.0,0.0,180.0,13.0,CGMacros_dateshifted365/CGMacros/CGMacros-035/CGMacros-035.csv,dexcom,193.0,193.0,13.0
S035_2024-12-16T08:32:00,35,2024-12-16 08:32:00,45,F,28.73382608,167.4,64.0,8.5,218,8,Breakfast,902.0,73.0,66.0,42.0,7.0,100.0,187.2,151.8,CGMacros_dateshifted365/CGMacros/CGMacros-035/CGMacros-035.csv,dexcom,339.0,311.0,123.8
S035_2024-12-16T13:13:00,35,2024-12-16 13:13:00,45,F,28.73382608,167.4,64.0,8.5,218,13,Lunch,355.0,19.0,32.0,15.0,5.0,100.0,177.6,-0.2,CGMacros_dateshifted365/CGMacros/CGMacros-035/CGMacros-035.csv,dexcom,177.4,173.2,-4.4
S035_2024-12-16T18:50:00,35,2024-12-16 18:50:00,45,F,28.73382608,167.4,64.0,8.5,218,18,Dinner,0.0,0.0,0.0,0.0,0.0,300.0,165.4,113.6,CGMacros_dateshifted365/CGMacros/CGMacros-035/CGMacros-035.csv,dexcom,279.0,267.0,101.6
S035_2024-12-17T06:29:00,35,2024-12-17 06:29:00,45,F,28.73382608,167.4,64.0,8.5,218,6,Breakfast,268.0,24.0,22.0,10.5,0.0,100.0,176.8,79.2,CGMacros_dateshifted365/CGMacros/CGMacros-035/CGMacros-035.csv,dexcom,256.0,205.0,28.2
S035_2024-12-17T12:19:00,35,2024-12-17 12:19:00,45,F,28.73382608,167.4,64.0,8.5,218,12,Lunch,1110.0,93.0,84.0,44.0,4.0,100.0,188.8,111.2,CGMacros_dateshifted365/CGMacros/CGMacros-035/CGMacros-035.csv,dexcom,300.0,287.4,98.6
S035_2024-12-17T19:05:00,35,2024-12-17 19:05:00,45,F,28.73382608,167.4,64.0,8.5,218,19,Dinner,371.0,3.0,49.0,10.0,2.0,400.0,250.8,7.2,CGMacros_dateshifted365/CGMacros/CGMacros-035/CGMacros-035.csv,dexcom,258.0,198.0,-52.8
S035_2024-12-18T07:10:00,35,2024-12-18 07:10:00,45,F,28.73382608,167.4,64.0,8.5,218,7,Breakfast,448.0,66.0,22.0,10.5,0.0,100.0,180.4,203.6,CGMacros_dateshifted365/CGMacros/CGMacros-035/CGMacros-035.csv,dexcom,384.0,315.0,134.6
S035_2024-12-18T13:02:00,35,2024-12-18 13:02:00,45,F,28.73382608,167.4,64.0,8.5,218,13,Lunch,575.0,76.0,22.0,18.5,11.0,100.0,158.6,115.4,CGMacros_dateshifted365/CGMacros/CGMacros-035/CGMacros-035.csv,dexcom,274.0,273.6,115.0
S035_2024-12-18T20:09:00,35,2024-12-18 20:09:00,45,F,28.73382608,167.4,64.0,8.5,218,20,Dinner,1090.0,23.0,62.0,82.0,11.0,600.0,203.4,41.6,CGMacros_dateshifted365/CGMacros/CGMacros-035/CGMacros-035.csv,dexcom,245.0,234.8,31.4
S035_2024-12-19T06:25:00,35,2024-12-19 06:25:00,45,F,28.73382608,167.4,64.0,8.5,218,6,Breakfast,608.0,66.0,66.0,10.5,0.0,100.0,180.6,143.4,CGMacros_dateshifted365/CGMacros/CGMacros-035/CGMacros-035.csv,dexcom,324.0,261.8,81.2
S035_2024-12-19T12:09:00,35,2024-12-19 12:09:00,45,F,28.73382608,167.4,64.0,8.5,218,12,Lunch,585.0,40.0,76.0,17.0,13.0,100.0,173.2,58.8,CGMacros_dateshifted365/CGMacros/CGMacros-035/CGMacros-035.csv,dexcom,232.0,232.0,58.8
S035_2024-12-19T18:42:00,35,2024-12-19 18:42:00,45,F,28.73382608,167.4,64.0,8.5,218,18,Dinner,544.0,54.0,44.0,18.0,5.0,400.0,173.2,85.8,CGMacros_dateshifted365/CGMacros/CGMacros-035/CGMacros-035.csv,dexcom,259.0,229.0,55.8
S035_2024-12-20T06:39:00,35,2024-12-20 06:39:00,45,F,28.73382608,167.4,64.0,8.5,218,6,Breakfast,712.0,66.0,22.0,42.0,0.0,100.0,195.8,117.2,CGMacros_dateshifted365/CGMacros/CGMacros-035/CGMacros-035.csv,dexcom,313.0,290.6,94.8
S035_2024-12-20T12:45:00,35,2024-12-20 12:45:00,45,F,28.73382608,167.4,64.0,8.5,218,12,Lunch,445.0,43.0,20.0,20.0,13.0,100.0,166.6,122.4,CGMacros_dateshifted365/CGMacros/CGMacros-035/CGMacros-035.csv,dexcom,289.0,166.4,-0.2
S035_2024-12-20T18:58:00,35,2024-12-20 18:58:00,45,F,28.73382608,167.4,64.0,8.5,218,18,Dinner,551.0,26.0,47.0,33.0,10.0,300.0,223.8,36.2,CGMacros_dateshifted365/CGMacros/CGMacros-035/CGMacros-035.csv,dexcom,260.0,242.6,18.8
S035_2024-12-21T06:53:00,35,2024-12-21 06:53:00,45,F,28.73382608,167.4,64.0,8.5,218,6,Breakfast,268.0,24.0,22.0,10.5,0.0,100.0,194.6,187.4,CGMacros_dateshifted365/CGMacros/CGMacros-035/CGMacros-035.csv,dexcom,382.0,319.0,124.4
S035_2024-12-21T12:58:00,35,2024-12-21 12:58:00,45,F,28.73382608,167.4,64.0,8.5,218,12,Lunch,725.0,94.0,44.0,20.0,4.0,100.0,298.8,39.2,CGMacros_dateshifted365/CGMacros/CGMacros-035/CGMacros-035.csv,dexcom,338.0,275.4,-23.4
S036_2022-03-29T11:46:00,36,2022-03-29 11:46:00,61,M,24.98509691,154.8,66.0,6.9,101,11,Lunch,1180.0,81.0,88.0,54.5,18.0,100.0,109.6,5.4,CGMacros_dateshifted365/CGMacros/CGMacros-036/CGMacros-036.csv,dexcom,115.0,105.6,-4.0
S036_2022-03-29T17:38:00,36,2022-03-29 17:38:00,61,M,24.98509691,154.8,66.0,6.9,101,17,Dinner,10.0,0.0,0.0,0.0,1.0,100.0,87.0,52.0,CGMacros_dateshifted365/CGMacros/CGMacros-036/CGMacros-036.csv,dexcom,139.0,139.0,52.0
S036_2022-03-30T08:09:00,36,2022-03-30 08:09:00,61,M,24.98509691,154.8,66.0,6.9,101,8,Breakfast,448.0,66.0,22.0,10.5,0.0,100.0,128.4,145.6,CGMacros_dateshifted365/CGMacros/CGMacros-036/CGMacros-036.csv,dexcom,274.0,190.2,61.8
S036_2022-03-30T12:07:00,36,2022-03-30 12:07:00,61,M,24.98509691,154.8,66.0,6.9,101,12,Lunch,830.0,92.0,17.0,42.0,10.0,100.0,139.2,77.8,CGMacros_dateshifted365/CGMacros/CGMacros-036/CGMacros-036.csv,dexcom,217.0,205.4,66.2
S036_2022-03-30T17:21:00,36,2022-03-30 17:21:00,61,M,24.98509691,154.8,66.0,6.9,101,17,Dinner,189.0,0.0,41.0,2.0,0.0,100.0,76.0,93.0,CGMacros_dateshifted365/CGMacros/CGMacros-036/CGMacros-036.csv,dexcom,169.0,169.0,93.0
S036_2022-03-31T07:58:00,36,2022-03-31 07:58:00,61,M,24.98509691,154.8,66.0,6.9,101,7,Breakfast,608.0,66.0,66.0,10.5,0.0,100.0,168.0,96.0,CGMacros_dateshifted365/CGMacros/CGMacros-036/CGMacros-036.csv,dexcom,264.0,258.0,90.0
S036_2022-03-31T11:39:00,36,2022-03-31 11:39:00,61,M,24.98509691,154.8,66.0,6.9,101,11,Lunch,435.0,16.0,66.0,14.0,4.0,100.0,163.6,6.4,CGMacros_dateshifted365/CGMacros/CGMacros-036/CGMacros-036.csv,dexcom,170.0,133.4,-30.2
S036_2022-03-31T16:36:00,36,2022-03-31 16:36:00,61,M,24.98509691,154.8,66.0,6.9,101,16,Dinner,1030.0,761.0,62.0,53.0,12.0,300.0,93.6,66.4,CGMacros_dateshifted365/CGMacros/CGMacros-036/CGMacros-036.csv,dexcom,160.0,160.0,66.4
S036_2022-04-01T07:35:00,36,2022-04-01 07:35:00,61,M,24.98509691,154.8,66.0,6.9,101,7,Breakfast,712.0,66.0,22.0,42.0,0.0,100.0,135.8,135.2,CGMacros_dateshifted365/CGMacros/CGMacros-036/CGMacros-036.csv,dexcom,271.0,246.8,111.0
S036_2022-04-01T11:44:00,36,2022-04-01 11:44:00,61,M,24.98509691,154.8,66.0,6.9,101,11,Lunch,555.0,94.0,12.0,13.0,5.0,100.0,159.0,48.0,CGMacros_dateshifted365/CGMacros/CGMacros-036/CGMacros-036.csv,dexcom,207.0,207.0,48.0
S036_2022-04-01T16:28:00,36,2022-04-01 16:28:00,61,M,24.98509691,154.8,66.0,6.9,101,16,Dinner,764.0,109.0,43.0,8.0,9.0,200.0,206.0,-0.8,CGMacros_dateshifted365/CGMacros/CGMacros-036/CGMacros-036.csv,dexcom,205.2,169.0,-37.0
S036_2022-04-02T07:37:00,36,2022-04-02 07:37:00,61,M,24.98509691,154.8,66.0,6.9,101,7,Breakfast,902.0,73.0,66.0,42.0,7.0,100.0,156.8,121.2,CGMacros_dateshifted365/CGMacros/CGMacros-036/CGMacros-036.csv,dexcom,278.0,203.0,46.2
S036_2022-04-02T11:40:00,36,2022-04-02 11:40:00,61,M,24.98509691,154.8,66.0,6.9,101,11,Lunch,355.0,19.0,32.0,15.0,5.0,100.0,186.6,-2.2,CGMacros_dateshifted365/CGMacros/CGMacros-036/CGMacros-036.csv,dexcom,184.4,133.4,-53.2
S036_2022-04-02T17:54:00,36,2022-04-02 17:54:00,61,M,24.98509691,154.8,66.0,6.9,101,17,Dinner,440.0,58.0,28.0,12.0,8.0,300.0,104.8,71.2,CGMacros_dateshifted365/CGMacros/CGMacros-036/CGMacros-036.csv,dexcom,176.0,176.0,71.2
S036_2022-04-03T07:37:00,36,2022-04-03 07:37:00,61,M,24.98509691,154.8,66.0,6.9,101,7,Breakfast,268.0,24.0,22.0,10.5,0.0,100.0,149.8,108.2,CGMacros_dateshifted365/CGMacros/CGMacros-036/CGMacros-036.csv,dexcom,258.0,161.8,12.0
S036_2022-04-03T11:45:00,36,2022-04-03 11:45:00,61,M,24.98509691,154.8,66.0,6.9,101,11,Lunch,1110.0,93.0,84.0,44.0,4.0,100.0,107.2,123.0,CGMacros_dateshifted365/CGMacros/CGMacros-036/CGMacros-036.csv,dexcom,230.2,230.2,123.0
S036_2022-04-03T17:53:00,36,2022-04-03 17:53:00,61,M,24.98509691,154.8,66.0,6.9,101,17,Dinner,631.0,82.0,34.0,21.0,14.0,300.0,127.0,43.0,CGMacros_dateshifted365/CGMacros/CGMacros-036/CGMacros-036.csv,dexcom,170.0,170.0,43.0
S036_2022-04-04T08:18:00,36,2022-04-04 08:18:00,61,M,24.98509691,154.8,66.0,6.9,101,8,Breakfast,448.0,66.0,22.0,10.5,0.0,100.0,135.0,216.0,CGMacros_dateshifted365/CGMacros/CGMacros-036/CGMacros-036.csv,dexcom,351.0,338.0,203.0
S036_2022-04-04T11:58:00,36,2022-04-04 11:58:00,61,M,24.98509691,154.8,66.0,6.9,101,11,Lunch,575.0,76.0,22.0,18.5,11.0,100.0,184.0,3.0,CGMacros_dateshifted365/CGMacros/CGMacros-036/CGMacros-036.csv,dexcom,187.0,98.0,-86.0
S036_2022-04-04T17:24:00,36,2022-04-04 17:24:00,61,M,24.98509691,154.8,66.0,6.9,101,17,Dinner,520.0,52.0,42.0,18.0,7.0,400.0,112.2,60.8,CGMacros_dateshifted365/CGMacros/CGMacros-036/CGMacros-036.csv,dexcom,173.0,150.2,38.0
S036_2022-04-05T08:14:00,36,2022-04-05 08:14:00,61,M,24.98509691,154.8,66.0,6.9,101,8,Breakfast,608.0,66.0,66.0,10.5,0.0,100.0,123.4,144.6,CGMacros_dateshifted365/CGMacros/CGMacros-036/CGMacros-036.csv,dexcom,268.0,191.0,67.6
S036_2022-04-05T11:59:00,36,2022-04-05 11:59:00,61,M,24.98509691,154.8,66.0,6.9,101,11,Lunch,585.0,40.0,76.0,17.0,13.0,100.0,191.8,-1.2,CGMacros_dateshifted365/CGMacros/CGMacros-036/CGMacros-036.csv,dexcom,190.6,141.4,-50.4
S036_2022-04-05T17:05:00,36,2022-04-05 17:05:00,61,M,24.98509691,154.8,66.0,6.9,101,17,Dinner,279.0,1.0,33.0,16.0,0.0,200.0,96.4,45.4,CGMacros_dateshifted365/CGMacros/CGMacros-036/CGMacros-036.csv,dexcom,141.8,141.8,45.4
S036_2022-04-06T08:01:00,36,2022-04-06 08:01:00,61,M,24.98509691,154.8,66.0,6.9,101,8,Breakfast,712.0,66.0,22.0,42.0,0.0,100.0,139.2,125.8,CGMacros_dateshifted365/CGMacros/CGMacros-036/CGMacros-036.csv,dexcom,265.0,249.0,109.8
S036_2022-04-06T11:57:00,36,2022-04-06 11:57:00,61,M,24.98509691,154.8,66.0,6.9,101,11,Lunch,445.0,43.0,20.0,20.0,13.0,100.0,151.6,22.4,CGMacros_dateshifted365/CGMacros/CGMacros-036/CGMacros-036.csv,dexcom,174.0,159.4,7.8
S036_2022-04-06T16:53:00,36,2022-04-06 16:53:00,61,M,24.98509691,154.8,66.0,6.9,101,16,Dinner,659.0,62.0,76.0,37.0,4.0,400.0,100.0,59.0,CGMacros_dateshifted365/CGMacros/CGMacros-036/CGMacros-036.csv,dexcom,159.0,159.0,59.0
S036_2022-04-07T07:54:00,36,2022-04-07 07:54:00,61,M,24.98509691,154.8,66.0,6.9,101,7,Breakfast,268.0,24.0,22.0,10.5,0.0,100.0,126.2,119.8,CGMacros_dateshifted365/CGMacros/CGMacros-036/CGMacros-036.csv,dexcom,246.0,182.2,56.0
S036_2022-04-07T12:36:00,36,2022-04-07 12:36:00,61,M,24.98509691,154.8,66.0,6.9,101,12,Lunch,725.0,94.0,44.0,20.0,4.0,100.0,106.6,83.4,CGMacros_dateshifted365/CGMacros/CGMacros-036/CGMacros-036.csv,dexcom,190.0,154.8,48.2
S036_2022-04-07T17:32:00,36,2022-04-07 17:32:00,61,M,24.98509691,154.8,66.0,6.9,101,17,Dinner,140.0,4.0,12.0,8.0,0.0,100.0,170.6,-0.6,CGMacros_dateshifted365/CGMacros/CGMacros-036/CGMacros-036.csv,dexcom,170.0,114.4,-56.2
S036_2022-04-08T08:00:00,36,2022-04-08 08:00:00,61,M,24.98509691,154.8,66.0,6.9,101,8,Breakfast,902.0,73.0,22.0,42.0,7.0,100.0,82.2,113.3333,CGMacros_dateshifted365/CGMacros/CGMacros-036/CGMacros-036.csv,libre,195.5333,195.5333,113.3333
S038_2022-01-25T11:50:00,38,2022-01-25 11:50:00,52,M,34.45714309,202.0,64.2,7.2,151,11,Lunch,1180.0,81.0,88.0,54.5,18.0,100.0,129.0,30.8,CGMacros_dateshifted365/CGMacros/CGMacros-038/CGMacros-038.csv,dexcom,159.8,159.8,30.8
S038_2022-01-25T19:30:00,38,2022-01-25 19:30:00,52,M,34.45714309,202.0,64.2,7.2,151,19,Dinner,362.0,54.0,16.0,11.0,16.0,500.0,122.8,27.2,CGMacros_dateshifted365/CGMacros/CGMacros-038/CGMacros-038.csv,dexcom,150.0,147.8,25.0
S038_2022-01-26T08:00:00,38,2022-01-26 08:00:00,52,M,34.45714309,202.0,64.2,7.2,151,8,Breakfast,448.0,66.0,22.0,10.5,0.0,100.0,154.4,115.6,CGMacros_dateshifted365/CGMacros/CGMacros-038/CGMacros-038.csv,dexcom,270.0,219.4,65.0
S038_2022-01-26T11:48:00,38,2022-01-26 11:48:00,52,M,34.45714309,202.0,64.2,7.2,151,11,Lunch,830.0,92.0,17.0,42.0,10.0,100.0,107.2,42.8,CGMacros_dateshifted365/CGMacros/CGMacros-038/CGMacros-038.csv,dexcom,150.0,146.8,39.6
S038_2022-01-26T16:18:00,38,2022-01-26 16:18:00,52,M,34.45714309,202.0,64.2,7.2,151,16,Snack,142.0,36.0,2.0,1.0,6.0,100.0,118.2,27.6,CGMacros_dateshifted365/CGMacros/CGMacros-038/CGMacros-038.csv,dexcom,145.8,145.8,27.6
S038_2022-01-26T16:31:00,38,2022-01-26 16:31:00,52,M,34.45714309,202.0,64.2,7.2,151,16,Snack,38.0,9.0,1.0,0.0,5.0,100.0,116.8,51.2,CGMacros_dateshifted365/CGMacros/CGMacros-038/CGMacros-038.csv,dexcom,168.0,167.2,50.4
S038_2022-01-27T06:27:00,38,2022-01-27 06:27:00,52,M,34.45714309,202.0,64.2,7.2,151,6,Breakfast,608.0,66.0,66.0,10.5,0.0,100.0,167.2,66.8,CGMacros_dateshifted365/CGMacros/CGMacros-038/CGMacros-038.csv,dexcom,234.0,205.4,38.2
S038_2022-01-27T11:22:00,38,2022-01-27 11:22:00,52,M,34.45714309,202.0,64.2,7.2,151,11,Lunch,435.0,16.0,66.0,14.0,4.0,100.0,116.6,24.4,CGMacros_dateshifted365/CGMacros/CGMacros-038/CGMacros-038.csv,dexcom,141.0,132.4,15.8
S038_2022-01-27T11:46:00,38,2022-01-27 11:46:00,52,M,34.45714309,202.0,64.2,7.2,151,11,Snack,0.0,0.0,0.0,0.0,0.0,0.0,111.8,29.2,CGMacros_dateshifted365/CGMacros/CGMacros-038/CGMacros-038.csv,dexcom,141.0,125.4,13.6
S038_2022-01-27T15:59:00,38,2022-01-27 15:59:00,52,M,34.45714309,202.0,64.2,7.2,151,15,Snack,0.0,0.0,0.0,0.0,0.0,0.0,113.0,21.0,CGMacros_dateshifted365/CGMacros/CGMacros-038/CGMacros-038.csv,dexcom,134.0,134.0,21.0
S038_2022-01-27T17:46:00,38,2022-01-27 17:46:00,52,M,34.45714309,202.0,64.2,7.2,151,17,Snack,38.0,9.0,1.0,0.0,5.0,100.0,128.4,50.6,CGMacros_dateshifted365/CGMacros/CGMacros-038/CGMacros-038.csv,dexcom,179.0,174.4,46.0
S038_2022-01-28T06:16:00,38,2022-01-28 06:16:00,52,M,34.45714309,202.0,64.2,7.2,151,6,Breakfast,712.0,66.0,22.0,42.0,0.0,100.0,138.2,134.8,CGMacros_dateshifted365/CGMacros/CGMacros-038/CGMacros-038.csv,dexcom,273.0,269.8,131.6
S038_2022-01-28T11:24:00,38,2022-01-28 11:24:00,52,M,34.45714309,202.0,64.2,7.2,151,11,Lunch,555.0,94.0,12.0,13.0,5.0,100.0,111.0,193.0,CGMacros_dateshifted365/CGMacros/CGMacros-038/CGMacros-038.csv,dexcom,304.0,304.0,193.0
S038_2022-01-28T15:47:00,38,2022-01-28 15:47:00,52,M,34.45714309,202.0,64.2,7.2,151,15,Snack,38.0,9.0,1.0,0.0,5.0,100.0,182.0,-4.0,CGMacros_dateshifted365/CGMacros/CGMacros-038/CGMacros-038.csv,dexcom,178.0,117.4,-64.6
S038_2022-01-28T17:00:00,38,2022-01-28 17:00:00,52,M,34.45714309,202.0,64.2,7.2,151,17,Snack,0.0,0.0,0.0,0.0,0.0,0.0,144.6,8.0,CGMacros_dateshifted365/CGMacros/CGMacros-038/CGMacros-038.csv,dexcom,152.6,152.6,8.0
S038_2022-01-29T06:38:00,38,2022-01-29 06:38:00,52,M,34.45714309,202.0,64.2,7.2,151,6,Breakfast,902.0,73.0,66.0,42.0,7.0,100.0,152.8,53.2,CGMacros_dateshifted365/CGMacros/CGMacros-038/CGMacros-038.csv,dexcom,206.0,173.2,20.4
S038_2022-01-29T11:29:00,38,2022-01-29 11:29:00,52,M,34.45714309,202.0,64.2,7.2,151,11,Lunch,355.0,19.0,32.0,15.0,5.0,100.0,117.0,6.0,CGMacros_dateshifted365/CGMacros/CGMacros-038/CGMacros-038.csv,dexcom,123.0,118.0,1.0
S038_2022-01-29T16:23:00,38,2022-01-29 16:23:00,52,M,34.45714309,202.0,64.2,7.2,151,16,Snack,314.0,77.0,5.0,1.0,8.0,300.0,117.4,74.6,CGMacros_dateshifted365/CGMacros/CGMacros-038/CGMacros-038.csv,dexcom,192.0,192.0,74.6
S038_2022-01-29T16:25:00,38,2022-01-29 16:25:00,52,M,34.45714309,202.0,64.2,7.2,151,16,Snack,38.0,9.0,1.0,0.0,5.0,100.0,117.8,78.4,CGMacros_dateshifted365/CGMacros/CGMacros-038/CGMacros-038.csv,dexcom,196.2,196.2,78.4
S038_2022-01-30T06:48:00,38,2022-01-30 06:48:00,52,M,34.45714309,202.0,64.2,7.2,151,6,Breakfast,268.0,24.0,22.0,10.5,0.0,100.0,152.4,61.6,CGMacros_dateshifted365/CGMacros/CGMacros-038/CGMacros-038.csv,dexcom,214.0,182.0,29.6
S038_2022-01-30T11:23:00,38,2022-01-30 11:23:00,52,M,34.45714309,202.0,64.2,7.2,151,11,Lunch,1110.0,93.0,84.0,44.0,4.0,100.0,109.6,75.4,CGMacros_dateshifted365/CGMacros/CGMacros-038/CGMacros-038.csv,dexcom,185.0,162.2,52.6
S038_2022-01-30T14:59:00,38,2022-01-30 14:59:00,52,M,34.45714309,202.0,64.2,7.2,151,14,Dinner,0.0,0.0,0.0,0.0,0.0,0.0,154.0,-0.8,CGMacros_dateshifted365/CGMacros/CGMacros-038/CGMacros-038.csv,dexcom,153.2,135.0,-19.0
S038_2022-01-30T18:20:00,38,2022-01-30 18:20:00,52,M,34.45714309,202.0,64.2,7.2,151,18,Dinner,0.0,0.0,0.0,0.0,0.0,0.0,121.4,89.6,CGMacros_dateshifted365/CGMacros/CGMacros-038/CGMacros-038.csv,dexcom,211.0,211.0,89.6
S038_2022-01-31T07:03:00,38,2022-01-31 07:03:00,52,M,34.45714309,202.0,64.2,7.2,151,7,Breakfast,448.0,66.0,22.0,10.5,0.0,100.0,155.8,110.2,CGMacros_dateshifted365/CGMacros/CGMacros-038/CGMacros-038.csv,dexcom,266.0,200.6,44.8
S038_2022-01-31T11:30:00,38,2022-01-31 11:30:00,52,M,34.45714309,202.0,64.2,7.2,151,11,Lunch,575.0,76.0,22.0,18.5,11.0,100.0,107.6,27.4,CGMacros_dateshifted365/CGMacros/CGMacros-038/CGMacros-038.csv,dexcom,135.0,130.8,23.2
S038_2022-01-31T14:38:00,38,2022-01-31 14:38:00,52,M,34.45714309,202.0,64.2,7.2,151,14,Snack,52.0,14.0,1.0,0.0,1.0,100.0,120.8,69.2,CGMacros_dateshifted365/CGMacros/CGMacros-038/CGMacros-038.csv,dexcom,190.0,127.2,6.4
S038_2022-01-31T17:09:00,38,2022-01-31 17:09:00,52,M,34.45714309,202.0,64.2,7.2,151,17,Snack,277.0,55.0,11.0,1.0,2.0,100.0,152.0,43.0,CGMacros_dateshifted365/CGMacros/CGMacros-038/CGMacros-038.csv,dexcom,195.0,160.0,8.0
S038_2022-02-01T07:18:00,38,2022-02-01 07:18:00,52,M,34.45714309,202.0,64.2,7.2,151,7,Breakfast,608.0,66.0,66.0,10.5,0.0,100.0,162.8,67.2,CGMacros_dateshifted365/CGMacros/CGMacros-038/CGMacros-038.csv,dexcom,230.0,154.4,-8.4
S038_2022-02-01T11:13:00,38,2022-02-01 11:13:00,52,M,34.45714309,202.0,64.2,7.2,151,11,Lunch,585.0,40.0,76.0,17.0,13.0,100.0,111.6,20.8,CGMacros_dateshifted365/CGMacros/CGMacros-038/CGMacros-038.csv,dexcom,132.4,132.4,20.8
S038_2022-02-01T15:22:00,38,2022-02-01 15:22:00,52,M,34.45714309,202.0,64.2,7.2,151,15,Dinner,52.0,12.0,1.0,0.0,0.0,100.0,114.4,69.6,CGMacros_dateshifted365/CGMacros/CGMacros-038/CGMacros-038.csv,dexcom,184.0,175.6,61.2
S038_2022-02-01T17:12:00,38,2022-02-01 17:12:00,52,M,34.45714309,202.0,64.2,7.2,151,17,Dinner,446.0,58.0,40.0,7.0,10.0,200.0,170.0,10.0,CGMacros_dateshifted365/CGMacros/CGMacros-038/CGMacros-038.csv,dexcom,180.0,150.2,-19.8
S038_2022-02-02T07:02:00,38,2022-02-02 07:02:00,52,M,34.45714309,202.0,64.2,7.2,151,7,Breakfast,712.0,66.0,22.0,42.0,0.0,100.0,156.0,65.0,CGMacros_dateshifted365/CGMacros/CGMacros-038/CGMacros-038.csv,dexcom,221.0,143.8,-12.2
S038_2022-02-02T11:34:00,38,2022-02-02 11:34:00,52,M,34.45714309,202.0,64.2,7.2,151,11,Lunch,445.0,43.0,20.0,20.0,13.0,100.0,119.0,4.0,CGMacros_dateshifted365/CGMacros/CGMacros-038/CGMacros-038.csv,dexcom,123.0,116.0,-3.0
S038_2022-02-02T15:14:00,38,2022-02-02 15:14:00,52,M,34.45714309,202.0,64.2,7.2,151,15,Snack,0.0,0.0,0.0,0.0,0.0,0.0,112.0,50.0,CGMacros_dateshifted365/CGMacros/CGMacros-038/CGMacros-038.csv,dexcom,162.0,156.0,44.0
S038_2022-02-02T16:04:00,38,2022-02-02 16:04:00,52,M,34.45714309,202.0,64.2,7.2,151,16,Snack,0.0,0.0,0.0,0.0,0.0,0.0,123.0,51.0,CGMacros_dateshifted365/CGMacros/CGMacros-038/CGMacros-038.csv,dexcom,174.0,174.0,51.0
S038_2022-02-03T07:17:00,38,2022-02-03 07:17:00,52,M,34.45714309,202.0,64.2,7.2,151,7,Breakfast,268.0,24.0,22.0,10.5,0.0,100.0,156.2,63.8,CGMacros_dateshifted365/CGMacros/CGMacros-038/CGMacros-038.csv,dexcom,220.0,137.0,-19.2
S038_2022-02-03T11:03:00,38,2022-02-03 11:03:00,52,M,34.45714309,202.0,64.2,7.2,151,11,Lunch,725.0,94.0,44.0,20.0,4.0,100.0,104.2,46.8,CGMacros_dateshifted365/CGMacros/CGMacros-038/CGMacros-038.csv,dexcom,151.0,133.0,28.8
S038_2022-02-03T13:41:00,38,2022-02-03 13:41:00,52,M,34.45714309,202.0,64.2,7.2,151,13,Dinner,0.0,0.0,0.0,0.0,0.0,0.0,143.8,27.2,CGMacros_dateshifted365/CGMacros/CGMacros-038/CGMacros-038.csv,dexcom,171.0,153.0,9.2
S038_2022-02-03T16:39:00,38,2022-02-03 16:39:00,52,M,34.45714309,202.0,64.2,7.2,151,16,Dinner,277.0,55.0,11.0,1.0,2.0,100.0,141.0,50.0,CGMacros_dateshifted365/CGMacros/CGMacros-038/CGMacros-038.csv,dexcom,191.0,191.0,50.0
S038_2022-02-04T06:02:00,38,2022-02-04 06:02:00,52,M,34.45714309,202.0,64.2,7.2,151,6,Breakfast,902.0,73.0,22.0,42.0,7.0,100.0,133.2,134.8,CGMacros_dateshifted365/CGMacros/CGMacros-038/CGMacros-038.csv,dexcom,268.0,204.0,70.8
S039_2025-02-07T11:19:00,39,2025-02-07 11:19:00,45,F,26.92293385,147.2,62.0,8.3,158,11,Lunch,1180.0,81.0,88.0,54.5,18.0,100.0,170.0,30.0,CGMacros_dateshifted365/CGMacros/CGMacros-039/CGMacros-039.csv,dexcom,200.0,152.0,-18.0
S039_2025-02-07T14:32:00,39,2025-02-07 14:32:00,45,F,26.92293385,147.2,62.0,8.3,158,14,Snack,215.0,49.0,1.0,0.0,11.0,900.0,174.0,-1.0,CGMacros_dateshifted365/CGMacros/CGMacros-039/CGMacros-039.csv,dexcom,173.0,129.4,-44.6
S039_2025-02-07T17:54:00,39,2025-02-07 17:54:00,45,F,26.92293385,147.2,62.0,8.3,158,17,Dinner,1331.0,87.0,96.0,66.0,12.0,600.0,143.0,105.0,CGMacros_dateshifted365/CGMacros/CGMacros-039/CGMacros-039.csv,dexcom,248.0,216.0,73.0
S039_2025-02-08T08:57:00,39,2025-02-08 08:57:00,45,F,26.92293385,147.2,62.0,8.3,158,8,Breakfast,448.0,66.0,22.0,10.5,0.0,100.0,176.8,223.2,CGMacros_dateshifted365/CGMacros/CGMacros-039/CGMacros-039.csv,dexcom,400.0,359.4,182.6
S039_2025-02-08T12:07:00,39,2025-02-08 12:07:00,45,F,26.92293385,147.2,62.0,8.3,158,12,Lunch,830.0,92.0,17.0,42.0,10.0,100.0,235.2,46.8,CGMacros_dateshifted365/CGMacros/CGMacros-039/CGMacros-039.csv,dexcom,282.0,194.4,-40.8
S039_2025-02-08T15:21:00,39,2025-02-08 15:21:00,45,F,26.92293385,147.2,62.0,8.3,158,15,Snack,93.0,18.0,1.0,0.0,7.0,500.0,151.2,62.4,CGMacros_dateshifted365/CGMacros/CGMacros-039/CGMacros-039.csv,dexcom,213.6,213.6,62.4
S039_2025-02-08T16:12:00,39,2025-02-08 16:12:00,45,F,26.92293385,147.2,62.0,8.3,158,16,Dinner,190.0,50.0,0.0,0.0,8.0,200.0,157.6,122.4,CGMacros_dateshifted365/CGMacros/CGMacros-039/CGMacros-039.csv,dexcom,280.0,274.6,117.0
S039_2025-02-09T08:06:00,39,2025-02-09 08:06:00,45,F,26.92293385,147.2,62.0,8.3,158,8,Breakfast,608.0,66.0,66.0,10.5,0.0,100.0,196.2,185.8,CGMacros_dateshifted365/CGMacros/CGMacros-039/CGMacros-039.csv,dexcom,382.0,366.2,170.0
S039_2025-02-09T12:18:00,39,2025-02-09 12:18:00,45,F,26.92293385,147.2,62.0,8.3,158,12,Lunch,435.0,16.0,66.0,14.0,4.0,100.0,218.6,0.4,CGMacros_dateshifted365/CGMacros/CGMacros-039/CGMacros-039.csv,dexcom,219.0,163.4,-55.2
S039_2025-02-09T15:29:00,39,2025-02-09 15:29:00,45,F,26.92293385,147.2,62.0,8.3,158,15,Dinner,428.0,73.0,27.0,5.0,9.0,400.0,132.0,65.0,CGMacros_dateshifted365/CGMacros/CGMacros-039/CGMacros-039.csv,dexcom,197.0,197.0,65.0
S039_2025-02-09T16:50:00,39,2025-02-09 16:50:00,45,F,26.92293385,147.2,62.0,8.3,158,16,Snack,239.0,58.0,1.0,0.0,14.0,500.0,165.8,52.2,CGMacros_dateshifted365/CGMacros/CGMacros-039/CGMacros-039.csv,dexcom,218.0,167.2,1.4
S039_2025-02-10T08:54:00,39,2025-02-10 08:54:00,45,F,26.92293385,147.2,62.0,8.3,158,8,Breakfast,712.0,66.0,22.0,42.0,0.0,100.0,168.0,232.0,CGMacros_dateshifted365/CGMacros/CGMacros-039/CGMacros-039.csv,dexcom,400.0,366.0,198.0
S039_2025-02-10T11:54:00,39,2025-02-10 11:54:00,45,F,26.92293385,147.2,62.0,8.3,158,11,Lunch,555.0,94.0,12.0,13.0,5.0,100.0,266.0,52.0,CGMacros_dateshifted365/CGMacros/CGMacros-039/CGMacros-039.csv,dexcom,318.0,264.0,-2.0
S039_2025-02-10T15:05:00,39,2025-02-10 15:05:00,45,F,26.92293385,147.2,62.0,8.3,158,15,Snack,62.0,15.0,1.0,0.0,7.0,300.0,175.0,21.0,CGMacros_dateshifted365/CGMacros/CGMacros-039/CGMacros-039.csv,dexcom,196.0,191.2,16.2
S039_2025-02-10T18:04:00,39,2025-02-10 18:04:00,45,F,26.92293385,147.2,62.0,8.3,158,18,Dinner,0.0,0.0,0.0,0.0,0.0,0.0,204.0,85.0,CGMacros_dateshifted365/CGMacros/CGMacros-039/CGMacros-039.csv,dexcom,289.0,289.0,85.0
S039_2025-02-11T08:30:00,39,2025-02-11 08:30:00,45,F,26.92293385,147.2,62.0,8.3,158,8,Breakfast,902.0,73.0,66.0,42.0,7.0,100.0,178.8,132.2,CGMacros_dateshifted365/CGMacros/CGMacros-039/CGMacros-039.csv,dexcom,311.0,310.8,132.0
S039_2025-02-11T11:38:00,39,2025-02-11 11:38:00,45,F,26.92293385,147.2,62.0,8.3,158,11,Lunch,355.0,19.0,32.0,15.0,5.0,100.0,275.6,-2.6,CGMacros_dateshifted365/CGMacros/CGMacros-039/CGMacros-039.csv,dexcom,273.0,170.4,-105.2
S039_2025-02-11T16:44:00,39,2025-02-11 16:44:00,45,F,26.92293385,147.2,62.0,8.3,158,16,Snack,387.0,40.0,3.0,18.0,4.0,0.0,138.0,174.0,CGMacros_dateshifted365/CGMacros/CGMacros-039/CGMacros-039.csv,dexcom,312.0,298.0,160.0
S039_2025-02-12T09:11:00,39,2025-02-12 09:11:00,45,F,26.92293385,147.2,62.0,8.3,158,9,Breakfast,268.0,24.0,22.0,10.5,0.0,100.0,183.8,112.2,CGMacros_dateshifted365/CGMacros/CGMacros-039/CGMacros-039.csv,dexcom,296.0,238.2,54.4
S039_2025-02-12T12:21:00,39,2025-02-12 12:21:00,45,F,26.92293385,147.2,62.0,8.3,158,12,Lunch,1110.0,93.0,84.0,44.0,4.0,100.0,187.8,75.2,CGMacros_dateshifted365/CGMacros/CGMacros-039/CGMacros-039.csv,dexcom,263.0,245.6,57.8
S039_2025-02-12T15:36:00,39,2025-02-12 15:36:00,45,F,26.92293385,147.2,62.0,8.3,158,15,Snack,279.0,52.0,6.0,3.0,7.0,0.0,224.0,31.0,CGMacros_dateshifted365/CGMacros/CGMacros-039/CGMacros-039.csv,dexcom,255.0,245.6,21.6
S039_2025-02-13T08:04:00,39,2025-02-13 08:04:00,45,F,26.92293385,147.2,62.0,8.3,158,8,Breakfast,448.0,66.0,22.0,10.5,0.0,100.0,200.0,200.0,CGMacros_dateshifted365/CGMacros/CGMacros-039/CGMacros-039.csv,dexcom,400.0,335.0,135.0
S039_2025-02-13T11:45:00,39,2025-02-13 11:45:00,45,F,26.92293385,147.2,62.0,8.3,158,11,Lunch,575.0,76.0,22.0,18.5,11.0,100.0,214.6,13.4,CGMacros_dateshifted365/CGMacros/CGMacros-039/CGMacros-039.csv,dexcom,228.0,198.0,-16.6
S039_2025-02-13T15:01:00,39,2025-02-13 15:01:00,45,F,26.92293385,147.2,62.0,8.3,158,15,Snack,295.0,31.0,7.0,16.0,6.0,0.0,183.0,74.0,CGMacros_dateshifted365/CGMacros/CGMacros-039/CGMacros-039.csv,dexcom,257.0,248.0,65.0
S039_2025-02-14T06:51:00,39,2025-02-14 06:51:00,45,F,26.92293385,147.2,62.0,8.3,158,6,Breakfast,608.0,66.0,66.0,10.5,0.0,100.0,186.0,188.0,CGMacros_dateshifted365/CGMacros/CGMacros-039/CGMacros-039.csv,dexcom,374.0,368.8,182.8
S039_2025-02-14T11:39:00,39,2025-02-14 11:39:00,45,F,26.92293385,147.2,62.0,8.3,158,11,Lunch,585.0,40.0,76.0,17.0,13.0,100.0,203.0,5.0,CGMacros_dateshifted365/CGMacros/CGMacros-039/CGMacros-039.csv,dexcom,208.0,190.0,-13.0
S039_2025-02-14T15:29:00,39,2025-02-14 15:29:00,45,F,26.92293385,147.2,62.0,8.3,158,15,Dinner,498.0,70.0,41.0,7.0,10.0,300.0,136.0,48.0,CGMacros_dateshifted365/CGMacros/CGMacros-039/CGMacros-039.csv,dexcom,184.0,179.0,43.0
S039_2025-02-15T08:28:00,39,2025-02-15 08:28:00,45,F,26.92293385,147.2,62.0,8.3,158,8,Breakfast,712.0,66.0,22.0,42.0,0.0,100.0,180.8,219.2,CGMacros_dateshifted365/CGMacros/CGMacros-039/CGMacros-039.csv,dexcom,400.0,400.0,219.2
S039_2025-02-15T11:25:00,39,2025-02-15 11:25:00,45,F,26.92293385,147.2,62.0,8.3,158,11,Lunch,445.0,43.0,20.0,20.0,13.0,100.0,312.0,-2.0,CGMacros_dateshifted365/CGMacros/CGMacros-039/CGMacros-039.csv,dexcom,310.0,218.8,-93.2
S039_2025-02-15T18:22:00,39,2025-02-15 18:22:00,45,F,26.92293385,147.2,62.0,8.3,158,18,Dinner,0.0,0.0,0.0,0.0,0.0,0.0,143.8,208.2,CGMacros_dateshifted365/CGMacros/CGMacros-039/CGMacros-039.csv,dexcom,352.0,352.0,208.2
S039_2025-02-16T07:13:00,39,2025-02-16 07:13:00,45,F,26.92293385,147.2,62.0,8.3,158,7,Breakfast,268.0,24.0,22.0,10.5,0.0,100.0,208.0,88.0,CGMacros_dateshifted365/CGMacros/CGMacros-039/CGMacros-039.csv,dexcom,296.0,245.4,37.4
S039_2025-02-16T12:05:00,39,2025-02-16 12:05:00,45,F,26.92293385,147.2,62.0,8.3,158,12,Lunch,725.0,94.0,44.0,20.0,4.0,100.0,152.4,133.6,CGMacros_dateshifted365/CGMacros/CGMacros-039/CGMacros-039.csv,dexcom,286.0,274.8,122.4
S039_2025-02-16T17:52:00,39,2025-02-16 17:52:00,45,F,26.92293385,147.2,62.0,8.3,158,17,Dinner,0.0,0.0,0.0,0.0,0.0,0.0,146.0,88.0,CGMacros_dateshifted365/CGMacros/CGMacros-039/CGMacros-039.csv,dexcom,234.0,221.6,75.6
S039_2025-02-17T09:17:00,39,2025-02-17 09:17:00,45,F,26.92293385,147.2,62.0,8.3,158,9,Breakfast,902.0,73.0,22.0,42.0,7.0,100.0,113.4667,131.8667,CGMacros_dateshifted365/CGMacros/CGMacros-039/CGMacros-039.csv,libre,245.3333,245.3333,131.8667
S041_2022-04-26T11:14:00,41,2022-04-26 11:14:00,58,F,27.85067764,147.4,61.0,6.3,138,11,Lunch,1180.0,81.0,88.0,54.5,18.0,75.0,155.6,58.4,CGMacros_dateshifted365/CGMacros/CGMacros-041/CGMacros-041.csv,dexcom,214.0,211.8,56.2
S041_2022-04-26T14:17:00,41,2022-04-26 14:17:00,58,F,27.85067764,147.4,61.0,6.3,138,14,Snack,0.0,0.0,0.0,0.0,0.0,0.0,203.6,-1.6,CGMacros_dateshifted365/CGMacros/CGMacros-041/CGMacros-041.csv,dexcom,202.0,174.6,-29.0
S041_2022-04-26T17:04:00,41,2022-04-26 17:04:00,58,F,27.85067764,147.4,61.0,6.3,138,17,Snack,0.0,0.0,0.0,0.0,0.0,0.0,212.0,58.0,CGMacros_dateshifted365/CGMacros/CGMacros-041/CGMacros-041.csv,dexcom,270.0,173.6,-38.4
S041_2022-04-26T20:22:00,41,2022-04-26 20:22:00,58,F,27.85067764,147.4,61.0,6.3,138,20,Dinner,0.0,0.0,0.0,0.0,0.0,0.0,168.0,94.0,CGMacros_dateshifted365/CGMacros/CGMacros-041/CGMacros-041.csv,dexcom,262.0,214.0,46.0
S041_2022-04-27T08:45:00,41,2022-04-27 08:45:00,58,F,27.85067764,147.4,61.0,6.3,138,8,Breakfast,448.0,66.0,22.0,10.5,0.0,100.0,161.0,216.0,CGMacros_dateshifted365/CGMacros/CGMacros-041/CGMacros-041.csv,dexcom,377.0,371.2,210.2
S041_2022-04-27T12:02:00,41,2022-04-27 12:02:00,58,F,27.85067764,147.4,61.0,6.3,138,12,Lunch,830.0,92.0,17.0,42.0,10.0,100.0,200.2,15.8,CGMacros_dateshifted365/CGMacros/CGMacros-041/CGMacros-041.csv,dexcom,216.0,148.0,-52.2
S041_2022-04-27T15:28:00,41,2022-04-27 15:28:00,58,F,27.85067764,147.4,61.0,6.3,138,15,Snack,341.0,77.0,3.0,2.0,1.0,100.0,116.0,132.0,CGMacros_dateshifted365/CGMacros/CGMacros-041/CGMacros-041.csv,dexcom,248.0,248.0,132.0
S041_2022-04-27T16:12:00,41,2022-04-27 16:12:00,58,F,27.85067764,147.4,61.0,6.3,138,16,Dinner,387.0,58.0,21.0,8.0,14.0,100.0,218.8,29.2,CGMacros_dateshifted365/CGMacros/CGMacros-041/CGMacros-041.csv,dexcom,248.0,213.6,-5.2
S041_2022-04-27T20:41:00,41,2022-04-27 20:41:00,58,F,27.85067764,147.4,61.0,6.3,138,20,Snack,220.0,30.0,5.0,10.0,1.0,100.0,162.2,79.8,CGMacros_dateshifted365/CGMacros/CGMacros-041/CGMacros-041.csv,dexcom,242.0,174.8,12.6
S041_2022-04-28T07:41:00,41,2022-04-28 07:41:00,58,F,27.85067764,147.4,61.0,6.3,138,7,Breakfast,608.0,66.0,66.0,10.5,0.0,100.0,170.4,128.2,CGMacros_dateshifted365/CGMacros/CGMacros-041/CGMacros-041.csv,dexcom,298.6,298.6,128.2
S041_2022-04-28T12:26:00,41,2022-04-28 12:26:00,58,F,27.85067764,147.4,61.0,6.3,138,12,Lunch,435.0,16.0,66.0,14.0,4.0,100.0,114.2,30.8,CGMacros_dateshifted365/CGMacros/CGMacros-041/CGMacros-041.csv,dexcom,145.0,144.2,30.0
S041_2022-04-28T15:19:00,41,2022-04-28 15:19:00,58,F,27.85067764,147.4,61.0,6.3,138,15,Dinner,136.0,9.0,4.0,8.0,3.0,100.0,152.2,26.8,CGMacros_dateshifted365/CGMacros/CGMacros-041/CGMacros-041.csv,dexcom,179.0,176.2,24.0
S041_2022-04-28T16:40:00,41,2022-04-28 16:40:00,58,F,27.85067764,147.4,61.0,6.3,138,16,Dinner,396.0,32.0,31.0,19.0,3.0,100.0,177.4,11.6,CGMacros_dateshifted365/CGMacros/CGMacros-041/CGMacros-041.csv,dexcom,189.0,175.4,-2.0
S041_2022-04-28T19:48:00,41,2022-04-28 19:48:00,58,F,27.85067764,147.4,61.0,6.3,138,19,Dinner,416.0,28.0,22.0,24.0,2.0,100.0,175.0,58.0,CGMacros_dateshifted365/CGMacros/CGMacros-041/CGMacros-041.csv,dexcom,233.0,229.0,54.0
S041_2022-04-29T08:15:00,41,2022-04-29 08:15:00,58,F,27.85067764,147.4,61.0,6.3,138,8,Breakfast,712.0,66.0,22.0,42.0,0.0,100.0,159.0,97.0,CGMacros_dateshifted365/CGMacros/CGMacros-041/CGMacros-041.csv,dexcom,256.0,253.0,94.0
S041_2022-04-29T11:17:00,41,2022-04-29 11:17:00,58,F,27.85067764,147.4,61.0,6.3,138,11,Lunch,555.0,94.0,12.0,13.0,5.0,75.0,268.0,11.0,CGMacros_dateshifted365/CGMacros/CGMacros-041/CGMacros-041.csv,dexcom,279.0,231.4,-36.6
S041_2022-04-29T15:01:00,41,2022-04-29 15:01:00,58,F,27.85067764,147.4,61.0,6.3,138,15,Snack,305.0,40.0,15.0,8.0,5.0,100.0,134.2,75.8,CGMacros_dateshifted365/CGMacros/CGMacros-041/CGMacros-041.csv,dexcom,210.0,183.0,48.8
S041_2022-04-29T16:35:00,41,2022-04-29 16:35:00,58,F,27.85067764,147.4,61.0,6.3,138,16,Dinner,815.0,39.0,67.0,16.0,6.0,100.0,180.8,39.2,CGMacros_dateshifted365/CGMacros/CGMacros-041/CGMacros-041.csv,dexcom,220.0,207.0,26.2
S041_2022-04-29T20:59:00,41,2022-04-29 20:59:00,58,F,27.85067764,147.4,61.0,6.3,138,20,Snack,120.0,18.0,5.0,3.0,5.0,100.0,127.2,32.8,CGMacros_dateshifted365/CGMacros/CGMacros-041/CGMacros-041.csv,dexcom,160.0,129.8,2.6
S041_2022-04-30T09:03:00,41,2022-04-30 09:03:00,58,F,27.85067764,147.4,61.0,6.3,138,9,Breakfast,902.0,73.0,66.0,42.0,7.0,100.0,144.0,88.0,CGMacros_dateshifted365/CGMacros/CGMacros-041/CGMacros-041.csv,dexcom,232.0,232.0,88.0
S041_2022-04-30T12:13:00,41,2022-04-30 12:13:00,58,F,27.85067764,147.4,61.0,6.3,138,12,Lunch,355.0,19.0,32.0,15.0,5.0,100.0,232.0,10.0,CGMacros_dateshifted365/CGMacros/CGMacros-041/CGMacros-041.csv,dexcom,242.0,125.0,-107.0
S041_2022-04-30T16:05:00,41,2022-04-30 16:05:00,58,F,27.85067764,147.4,61.0,6.3,138,16,Snack,660.0,36.0,24.0,51.0,5.0,500.0,126.8,48.8,CGMacros_dateshifted365/CGMacros/CGMacros-041/CGMacros-041.csv,dexcom,175.6,175.6,48.8
S041_2022-04-30T17:46:00,41,2022-04-30 17:46:00,58,F,27.85067764,147.4,61.0,6.3,138,17,Dinner,294.0,49.0,2.0,1.0,2.0,300.0,158.0,83.0,CGMacros_dateshifted365/CGMacros/CGMacros-041/CGMacros-041.csv,dexcom,241.0,215.8,57.8
S041_2022-04-30T22:22:00,41,2022-04-30 22:22:00,58,F,27.85067764,147.4,61.0,6.3,138,22,Snack,475.0,44.0,13.0,25.0,6.0,400.0,139.0,71.0,CGMacros_dateshifted365/CGMacros/CGMacros-041/CGMacros-041.csv,dexcom,210.0,166.2,27.2
S041_2022-05-01T07:44:00,41,2022-05-01 07:44:00,58,F,27.85067764,147.4,61.0,6.3,138,7,Breakfast,268.0,24.0,22.0,10.5,0.0,100.0,131.2,76.8,CGMacros_dateshifted365/CGMacros/CGMacros-041/CGMacros-041.csv,dexcom,208.0,183.0,51.8
S041_2022-05-01T11:54:00,41,2022-05-01 11:54:00,58,F,27.85067764,147.4,61.0,6.3,138,11,Lunch,1110.0,93.0,84.0,44.0,4.0,100.0,113.2,191.4,CGMacros_dateshifted365/CGMacros/CGMacros-041/CGMacros-041.csv,dexcom,304.6,304.6,191.4
S041_2022-05-01T16:00:00,41,2022-05-01 16:00:00,58,F,27.85067764,147.4,61.0,6.3,138,16,Snack,70.0,19.0,1.0,0.0,4.0,100.0,180.4,82.6,CGMacros_dateshifted365/CGMacros/CGMacros-041/CGMacros-041.csv,dexcom,263.0,252.0,71.6
S041_2022-05-01T16:01:00,41,2022-05-01 16:01:00,58,F,27.85067764,147.4,61.0,6.3,138,16,Snack,580.0,38.0,15.0,44.0,2.0,500.0,181.6,81.4,CGMacros_dateshifted365/CGMacros/CGMacros-041/CGMacros-041.csv,dexcom,263.0,251.0,69.4
S041_2022-05-01T20:34:00,41,2022-05-01 20:34:00,58,F,27.85067764,147.4,61.0,6.3,138,20,Dinner,346.0,64.0,7.0,6.0,1.0,300.0,141.6,89.4,CGMacros_dateshifted365/CGMacros/CGMacros-041/CGMacros-041.csv,dexcom,231.0,175.0,33.4
S041_2022-05-02T08:19:00,41,2022-05-02 08:19:00,58,F,27.85067764,147.4,61.0,6.3,138,8,Breakfast,448.0,66.0,22.0,10.5,0.0,100.0,143.2,118.8,CGMacros_dateshifted365/CGMacros/CGMacros-041/CGMacros-041.csv,dexcom,262.0,251.4,108.2
S041_2022-05-02T11:25:00,41,2022-05-02 11:25:00,58,F,27.85067764,147.4,61.0,6.3,138,11,Lunch,575.0,76.0,22.0,18.5,11.0,75.0,155.8,43.0,CGMacros_dateshifted365/CGMacros/CGMacros-041/CGMacros-041.csv,dexcom,198.8,198.8,43.0
S041_2022-05-02T14:47:00,41,2022-05-02 14:47:00,58,F,27.85067764,147.4,61.0,6.3,138,14,Snack,374.0,51.0,14.0,12.0,2.0,100.0,155.8,16.2,CGMacros_dateshifted365/CGMacros/CGMacros-041/CGMacros-041.csv,dexcom,172.0,158.2,2.4
S041_2022-05-02T18:57:00,41,2022-05-02 18:57:00,58,F,27.85067764,147.4,61.0,6.3,138,18,Dinner,625.0,48.0,50.0,27.0,9.0,100.0,146.8,55.2,CGMacros_dateshifted365/CGMacros/CGMacros-041/CGMacros-041.csv,dexcom,202.0,186.0,39.2
S041_2022-05-02T22:30:00,41,2022-05-02 22:30:00,58,F,27.85067764,147.4,61.0,6.3,138,22,Snack,82.0,12.0,3.0,3.0,1.0,100.0,156.4,76.6,CGMacros_dateshifted365/CGMacros/CGMacros-041/CGMacros-041.csv,dexcom,233.0,176.6,20.2
S041_2022-05-03T07:44:00,41,2022-05-03 07:44:00,58,F,27.85067764,147.4,61.0,6.3,138,7,Breakfast,608.0,66.0,66.0,10.5,0.0,100.0,138.4,105.6,CGMacros_dateshifted365/CGMacros/CGMacros-041/CGMacros-041.csv,dexcom,244.0,206.8,68.4
S041_2022-05-03T11:07:00,41,2022-05-03 11:07:00,58,F,27.85067764,147.4,61.0,6.3,138,11,Lunch,585.0,40.0,76.0,17.0,13.0,100.0,160.0,-1.0,CGMacros_dateshifted365/CGMacros/CGMacros-041/CGMacros-041.csv,dexcom,159.0,148.8,-11.2
S041_2022-05-03T15:22:00,41,2022-05-03 15:22:00,58,F,27.85067764,147.4,61.0,6.3,138,15,Snack,240.0,18.0,9.0,14.0,2.0,100.0,143.8,102.2,CGMacros_dateshifted365/CGMacros/CGMacros-041/CGMacros-041.csv,dexcom,246.0,226.0,82.2
S041_2022-05-03T17:08:00,41,2022-05-03 17:08:00,58,F,27.85067764,147.4,61.0,6.3,138,17,Dinner,326.0,47.0,18.0,5.0,11.0,100.0,243.0,-1.2,CGMacros_dateshifted365/CGMacros/CGMacros-041/CGMacros-041.csv,dexcom,241.8,201.0,-42.0
S041_2022-05-03T20:25:00,41,2022-05-03 20:25:00,58,F,27.85067764,147.4,61.0,6.3,138,20,Snack,93.0,15.0,3.0,2.0,1.0,100.0,155.8,69.2,CGMacros_dateshifted365/CGMacros/CGMacros-041/CGMacros-041.csv,dexcom,225.0,167.2,11.4
S041_2022-05-04T07:58:00,41,2022-05-04 07:58:00,58,F,27.85067764,147.4,61.0,6.3,138,7,Breakfast,712.0,66.0,22.0,42.0,0.0,100.0,145.0,122.0,CGMacros_dateshifted365/CGMacros/CGMacros-041/CGMacros-041.csv,dexcom,267.0,257.0,112.0
S041_2022-05-04T11:28:00,41,2022-05-04 11:28:00,58,F,27.85067764,147.4,61.0,6.3,138,11,Lunch,445.0,43.0,20.0,20.0,13.0,100.0,184.0,1.0,CGMacros_dateshifted365/CGMacros/CGMacros-041/CGMacros-041.csv,dexcom,185.0,154.0,-30.0
S041_2022-05-04T15:11:00,41,2022-05-04 15:11:00,58,F,27.85067764,147.4,61.0,6.3,138,15,Snack,37.0,5.0,1.0,2.0,1.0,100.0,136.6,98.4,CGMacros_dateshifted365/CGMacros/CGMacros-041/CGMacros-041.csv,dexcom,235.0,182.0,45.4
S041_2022-05-04T18:56:00,41,2022-05-04 18:56:00,58,F,27.85067764,147.4,61.0,6.3,138,18,Dinner,919.0,67.0,89.0,32.0,5.0,100.0,121.4,95.6,CGMacros_dateshifted365/CGMacros/CGMacros-041/CGMacros-041.csv,dexcom,217.0,198.2,76.8
S041_2022-05-05T07:59:00,41,2022-05-05 07:59:00,58,F,27.85067764,147.4,61.0,6.3,138,7,Breakfast,268.0,24.0,22.0,10.5,0.0,100.0,131.2,44.8,CGMacros_dateshifted365/CGMacros/CGMacros-041/CGMacros-041.csv,dexcom,176.0,158.8,27.6
S041_2022-05-05T11:15:00,41,2022-05-05 11:15:00,58,F,27.85067764,147.4,61.0,6.3,138,11,Lunch,725.0,94.0,44.0,20.0,4.0,100.0,117.6,62.4,CGMacros_dateshifted365/CGMacros/CGMacros-041/CGMacros-041.csv,dexcom,180.0,149.8,32.2
S041_2022-05-05T14:30:00,41,2022-05-05 14:30:00,58,F,27.85067764,147.4,61.0,6.3,138,14,Snack,285.0,35.0,14.0,10.0,1.0,100.0,126.0,86.0,CGMacros_dateshifted365/CGMacros/CGMacros-041/CGMacros-041.csv,dexcom,212.0,164.6,38.6
S041_2022-05-05T16:50:00,41,2022-05-05 16:50:00,58,F,27.85067764,147.4,61.0,6.3,138,16,Dinner,842.0,42.0,16.0,3.0,15.0,100.0,142.0,68.0,CGMacros_dateshifted365/CGMacros/CGMacros-041/CGMacros-041.csv,dexcom,210.0,198.2,56.2
S041_2022-05-05T17:01:00,41,2022-05-05 17:01:00,58,F,27.85067764,147.4,61.0,6.3,138,17,Snack,577.0,98.0,16.0,12.0,1.0,100.0,144.2,65.8,CGMacros_dateshifted365/CGMacros/CGMacros-041/CGMacros-041.csv,dexcom,210.0,201.8,57.6
S042_2025-07-25T12:53:00,42,2025-07-25 12:53:00,51,F,43.26869186,229.0,61.0,7.1,142,12,Lunch,1180.0,81.0,88.0,54.5,18.0,100.0,124.8,116.2,CGMacros_dateshifted365/CGMacros/CGMacros-042/CGMacros-042.csv,dexcom,241.0,190.4,65.6
S042_2025-07-25T17:20:00,42,2025-07-25 17:20:00,51,F,43.26869186,229.0,61.0,7.1,142,17,Dinner,0.0,0.0,0.0,0.0,0.0,0.0,168.0,44.0,CGMacros_dateshifted365/CGMacros/CGMacros-042/CGMacros-042.csv,dexcom,212.0,212.0,44.0
S042_2025-07-25T18:00:00,42,2025-07-25 18:00:00,51,F,43.26869186,229.0,61.0,7.1,142,18,Snack,105.0,27.0,1.0,0.0,0.0,100.0,148.0,75.0,CGMacros_dateshifted365/CGMacros/CGMacros-042/CGMacros-042.csv,dexcom,223.0,188.0,40.0
S042_2025-07-26T08:24:00,42,2025-07-26 08:24:00,51,F,43.26869186,229.0,61.0,7.1,142,8,Breakfast,448.0,66.0,22.0,10.5,0.0,100.0,134.8,126.2,CGMacros_dateshifted365/CGMacros/CGMacros-042/CGMacros-042.csv,dexcom,261.0,227.4,92.6
S042_2025-07-26T11:27:00,42,2025-07-26 11:27:00,51,F,43.26869186,229.0,61.0,7.1,142,11,Lunch,830.0,92.0,17.0,42.0,10.0,100.0,86.8,42.4,CGMacros_dateshifted365/CGMacros/CGMacros-042/CGMacros-042.csv,dexcom,129.2,129.2,42.4
S042_2025-07-26T18:47:00,42,2025-07-26 18:47:00,51,F,43.26869186,229.0,61.0,7.1,142,18,Snack,0.0,0.0,0.0,0.0,0.0,0.0,143.4,58.6,CGMacros_dateshifted365/CGMacros/CGMacros-042/CGMacros-042.csv,dexcom,202.0,191.4,48.0
S042_2025-07-27T08:22:00,42,2025-07-27 08:22:00,51,F,43.26869186,229.0,61.0,7.1,142,8,Breakfast,608.0,66.0,66.0,10.5,0.0,100.0,178.4,0.6,CGMacros_dateshifted365/CGMacros/CGMacros-042/CGMacros-042.csv,dexcom,179.0,138.0,-40.4
S042_2025-07-27T11:40:00,42,2025-07-27 11:40:00,51,F,43.26869186,229.0,61.0,7.1,142,11,Lunch,435.0,16.0,66.0,14.0,4.0,75.0,121.0,9.0,CGMacros_dateshifted365/CGMacros/CGMacros-042/CGMacros-042.csv,dexcom,130.0,120.0,-1.0
S042_2025-07-27T18:30:00,42,2025-07-27 18:30:00,51,F,43.26869186,229.0,61.0,7.1,142,18,Dinner,507.0,76.0,12.0,12.0,1.0,100.0,146.0,92.0,CGMacros_dateshifted365/CGMacros/CGMacros-042/CGMacros-042.csv,dexcom,238.0,178.0,32.0
S042_2025-07-28T08:26:00,42,2025-07-28 08:26:00,51,F,43.26869186,229.0,61.0,7.1,142,8,Breakfast,712.0,66.0,22.0,42.0,0.0,100.0,134.8,88.2,CGMacros_dateshifted365/CGMacros/CGMacros-042/CGMacros-042.csv,dexcom,223.0,148.8,14.0
S042_2025-07-29T09:35:00,42,2025-07-29 09:35:00,51,F,43.26869186,229.0,61.0,7.1,142,9,Breakfast,902.0,73.0,66.0,42.0,7.0,100.0,145.0,106.0,CGMacros_dateshifted365/CGMacros/CGMacros-042/CGMacros-042.csv,dexcom,251.0,195.0,50.0
S042_2025-07-29T12:29:00,42,2025-07-29 12:29:00,51,F,43.26869186,229.0,61.0,7.1,142,12,Lunch,355.0,19.0,32.0,15.0,5.0,50.0,204.6,46.4,CGMacros_dateshifted365/CGMacros/CGMacros-042/CGMacros-042.csv,dexcom,251.0,204.6,0.0
S042_2025-07-30T08:38:00,42,2025-07-30 08:38:00,51,F,43.26869186,229.0,61.0,7.1,142,8,Breakfast,268.0,24.0,22.0,10.5,0.0,100.0,129.6,64.4,CGMacros_dateshifted365/CGMacros/CGMacros-042/CGMacros-042.csv,dexcom,194.0,133.2,3.6
S042_2025-07-30T16:25:00,42,2025-07-30 16:25:00,51,F,43.26869186,229.0,61.0,7.1,142,16,Lunch,1110.0,93.0,84.0,44.0,4.0,75.0,136.0,91.0,CGMacros_dateshifted365/CGMacros/CGMacros-042/CGMacros-042.csv,dexcom,227.0,148.0,12.0
S042_2025-07-31T08:40:00,42,2025-07-31 08:40:00,51,F,43.26869186,229.0,61.0,7.1,142,8,Breakfast,448.0,66.0,22.0,10.5,0.0,100.0,160.0,-0.2,CGMacros_dateshifted365/CGMacros/CGMacros-042/CGMacros-042.csv,dexcom,159.8,155.0,-5.0
S042_2025-07-31T16:37:00,42,2025-07-31 16:37:00,51,F,43.26869186,229.0,61.0,7.1,142,16,Lunch,575.0,76.0,22.0,18.5,11.0,75.0,138.2,-1.4,CGMacros_dateshifted365/CGMacros/CGMacros-042/CGMacros-042.csv,dexcom,136.8,115.2,-23.0
S042_2025-08-01T07:50:00,42,2025-08-01 07:50:00,51,F,43.26869186,229.0,61.0,7.1,142,7,Breakfast,608.0,66.0,66.0,10.5,0.0,100.0,159.0,61.0,CGMacros_dateshifted365/CGMacros/CGMacros-042/CGMacros-042.csv,dexcom,220.0,220.0,61.0
S042_2025-08-01T15:09:00,42,2025-08-01 15:09:00,51,F,43.26869186,229.0,61.0,7.1,142,15,Lunch,585.0,40.0,76.0,17.0,13.0,50.0,171.4,4.6,CGMacros_dateshifted365/CGMacros/CGMacros-042/CGMacros-042.csv,dexcom,176.0,176.0,4.6
S042_2025-08-02T08:15:00,42,2025-08-02 08:15:00,51,F,43.26869186,229.0,61.0,7.1,142,8,Breakfast,712.0,66.0,22.0,42.0,0.0,100.0,136.0,51.0,CGMacros_dateshifted365/CGMacros/CGMacros-042/CGMacros-042.csv,dexcom,187.0,157.0,21.0
S042_2025-08-02T12:52:00,42,2025-08-02 12:52:00,51,F,43.26869186,229.0,61.0,7.1,142,12,Lunch,445.0,43.0,20.0,20.0,13.0,90.0,138.2,-1.4,CGMacros_dateshifted365/CGMacros/CGMacros-042/CGMacros-042.csv,dexcom,136.8,126.0,-12.2
S042_2025-08-03T10:28:00,42,2025-08-03 10:28:00,51,F,43.26869186,229.0,61.0,7.1,142,10,Breakfast,268.0,24.0,22.0,10.5,0.0,100.0,117.0,54.0,CGMacros_dateshifted365/CGMacros/CGMacros-042/CGMacros-042.csv,dexcom,171.0,128.2,11.2
S042_2025-08-03T17:42:00,42,2025-08-03 17:42:00,51,F,43.26869186,229.0,61.0,7.1,142,17,Lunch,725.0,94.0,44.0,20.0,4.0,75.0,145.4,10.0,CGMacros_dateshifted365/CGMacros/CGMacros-042/CGMacros-042.csv,dexcom,155.4,155.4,10.0
S043_2025-10-14T13:04:00,43,2025-10-14 13:04:00,45,F,49.08823644,259.8,61.0,6.0,96,13,Lunch,1180.0,81.0,88.0,54.5,18.0,100.0,110.0,38.0,CGMacros_dateshifted365/CGMacros/CGMacros-043/CGMacros-043.csv,dexcom,148.0,124.2,14.2
S043_2025-10-14T17:09:00,43,2025-10-14 17:09:00,45,F,49.08823644,259.8,61.0,6.0,96,17,Snack,300.0,17.0,22.0,18.0,0.0,400.0,100.0,60.0,CGMacros_dateshifted365/CGMacros/CGMacros-043/CGMacros-043.csv,dexcom,160.0,156.6,56.6
S043_2025-10-14T22:12:00,43,2025-10-14 22:12:00,45,F,49.08823644,259.8,61.0,6.0,96,22,Dinner,539.0,60.0,32.0,21.0,7.0,600.0,110.6,39.4,CGMacros_dateshifted365/CGMacros/CGMacros-043/CGMacros-043.csv,dexcom,150.0,146.0,35.4
S043_2025-10-14T22:27:00,43,2025-10-14 22:27:00,45,F,49.08823644,259.8,61.0,6.0,96,22,Snack,180.0,27.0,2.0,7.0,1.0,100.0,109.4,46.6,CGMacros_dateshifted365/CGMacros/CGMacros-043/CGMacros-043.csv,dexcom,156.0,156.0,46.6
S043_2025-10-15T08:03:00,43,2025-10-15 08:03:00,45,F,49.08823644,259.8,61.0,6.0,96,8,Breakfast,448.0,66.0,22.0,10.5,0.0,100.0,100.4,80.6,CGMacros_dateshifted365/CGMacros/CGMacros-043/CGMacros-043.csv,dexcom,181.0,117.4,17.0
S043_2025-10-15T12:52:00,43,2025-10-15 12:52:00,45,F,49.08823644,259.8,61.0,6.0,96,12,Lunch,830.0,92.0,17.0,42.0,10.0,100.0,97.4,34.6,CGMacros_dateshifted365/CGMacros/CGMacros-043/CGMacros-043.csv,dexcom,132.0,126.0,28.6
S043_2025-10-15T17:20:00,43,2025-10-15 17:20:00,45,F,49.08823644,259.8,61.0,6.0,96,17,Dinner,696.0,8.0,24.0,16.0,1.0,600.0,102.0,80.0,CGMacros_dateshifted365/CGMacros/CGMacros-043/CGMacros-043.csv,dexcom,182.0,179.4,77.4
S043_2025-10-15T17:48:00,43,2025-10-15 17:48:00,45,F,49.08823644,259.8,61.0,6.0,96,17,Dinner,80.0,11.0,0.0,4.0,0.0,100.0,117.6,64.4,CGMacros_dateshifted365/CGMacros/CGMacros-043/CGMacros-043.csv,dexcom,182.0,164.0,46.4
S043_2025-10-15T18:10:00,43,2025-10-15 18:10:00,45,F,49.08823644,259.8,61.0,6.0,96,18,Dinner,100.0,24.0,1.0,0.0,0.0,100.0,162.0,20.0,CGMacros_dateshifted365/CGMacros/CGMacros-043/CGMacros-043.csv,dexcom,182.0,165.8,3.8
S043_2025-10-15T21:05:00,43,2025-10-15 21:05:00,45,F,49.08823644,259.8,61.0,6.0,96,21,Snack,701.0,67.0,28.0,39.0,11.0,400.0,134.6,32.4,CGMacros_dateshifted365/CGMacros/CGMacros-043/CGMacros-043.csv,dexcom,167.0,163.8,29.2
S043_2025-10-15T21:20:00,43,2025-10-15 21:20:00,45,F,49.08823644,259.8,61.0,6.0,96,21,Snack,62.0,15.0,1.0,0.0,3.0,100.0,143.2,25.8,CGMacros_dateshifted365/CGMacros/CGMacros-043/CGMacros-043.csv,dexcom,169.0,169.0,25.8
S043_2025-10-16T07:48:00,43,2025-10-16 07:48:00,45,F,49.08823644,259.8,61.0,6.0,96,7,Breakfast,608.0,66.0,66.0,10.5,0.0,100.0,127.6,43.4,CGMacros_dateshifted365/CGMacros/CGMacros-043/CGMacros-043.csv,dexcom,171.0,125.6,-2.0
S043_2025-10-16T12:51:00,43,2025-10-16 12:51:00,45,F,49.08823644,259.8,61.0,6.0,96,12,Lunch,435.0,16.0,66.0,14.0,4.0,100.0,102.0,8.0,CGMacros_dateshifted365/CGMacros/CGMacros-043/CGMacros-043.csv,dexcom,110.0,104.0,2.0
S043_2025-10-16T17:23:00,43,2025-10-16 17:23:00,45,F,49.08823644,259.8,61.0,6.0,96,17,Dinner,514.0,41.0,10.0,25.0,5.0,200.0,102.0,39.0,CGMacros_dateshifted365/CGMacros/CGMacros-043/CGMacros-043.csv,dexcom,141.0,113.8,11.8
S043_2025-10-16T17:43:00,43,2025-10-16 17:43:00,45,F,49.08823644,259.8,61.0,6.0,96,17,Dinner,740.0,60.0,20.0,2.0,3.0,300.0,102.8,38.2,CGMacros_dateshifted365/CGMacros/CGMacros-043/CGMacros-043.csv,dexcom,141.0,123.2,20.4
S043_2025-10-16T22:16:00,43,2025-10-16 22:16:00,45,F,49.08823644,259.8,61.0,6.0,96,22,Snack,350.0,70.0,4.0,8.0,3.0,300.0,109.0,96.0,CGMacros_dateshifted365/CGMacros/CGMacros-043/CGMacros-043.csv,dexcom,205.0,194.0,85.0
S043_2025-10-17T08:01:00,43,2025-10-17 08:01:00,45,F,49.08823644,259.8,61.0,6.0,96,8,Breakfast,712.0,66.0,22.0,42.0,0.0,100.0,120.0,71.0,CGMacros_dateshifted365/CGMacros/CGMacros-043/CGMacros-043.csv,dexcom,191.0,165.0,45.0
S043_2025-10-17T12:48:00,43,2025-10-17 12:48:00,45,F,49.08823644,259.8,61.0,6.0,96,12,Lunch,555.0,94.0,12.0,13.0,5.0,100.0,116.2,105.8,CGMacros_dateshifted365/CGMacros/CGMacros-043/CGMacros-043.csv,dexcom,222.0,186.6,70.4
S043_2025-10-17T16:13:00,43,2025-10-17 16:13:00,45,F,49.08823644,259.8,61.0,6.0,96,16,Snack,300.0,39.0,4.0,14.0,2.0,100.0,112.2,42.8,CGMacros_dateshifted365/CGMacros/CGMacros-043/CGMacros-043.csv,dexcom,155.0,103.6,-8.6
S043_2025-10-17T18:37:00,43,2025-10-17 18:37:00,45,F,49.08823644,259.8,61.0,6.0,96,18,Dinner,972.0,129.0,41.0,33.0,17.0,300.0,104.2,71.8,CGMacros_dateshifted365/CGMacros/CGMacros-043/CGMacros-043.csv,dexcom,176.0,164.2,60.0
S043_2025-10-17T19:22:00,43,2025-10-17 19:22:00,45,F,49.08823644,259.8,61.0,6.0,96,19,Dinner,223.0,35.0,7.0,6.0,0.0,100.0,136.6,59.0,CGMacros_dateshifted365/CGMacros/CGMacros-043/CGMacros-043.csv,dexcom,195.6,195.6,59.0
S043_2025-10-17T22:58:00,43,2025-10-17 22:58:00,45,F,49.08823644,259.8,61.0,6.0,96,22,Dinner,80.0,11.0,0.0,4.0,0.0,100.0,163.0,21.0,CGMacros_dateshifted365/CGMacros/CGMacros-043/CGMacros-043.csv,dexcom,184.0,178.6,15.6
S043_2025-10-18T08:51:00,43,2025-10-18 08:51:00,45,F,49.08823644,259.8,61.0,6.0,96,8,Breakfast,902.0,73.0,66.0,42.0,7.0,100.0,125.0,35.0,CGMacros_dateshifted365/CGMacros/CGMacros-043/CGMacros-043.csv,dexcom,160.0,137.0,12.0
S043_2025-10-18T12:34:00,43,2025-10-18 12:34:00,45,F,49.08823644,259.8,61.0,6.0,96,12,Lunch,355.0,19.0,32.0,15.0,5.0,100.0,108.6,-0.6,CGMacros_dateshifted365/CGMacros/CGMacros-043/CGMacros-043.csv,dexcom,108.0,103.4,-5.2
S043_2025-10-18T16:00:00,43,2025-10-18 16:00:00,45,F,49.08823644,259.8,61.0,6.0,96,16,Dinner,618.0,60.0,48.0,26.0,4.0,500.0,101.0,48.4,CGMacros_dateshifted365/CGMacros/CGMacros-043/CGMacros-043.csv,dexcom,149.4,149.4,48.4
S043_2025-10-18T19:15:00,43,2025-10-18 19:15:00,45,F,49.08823644,259.8,61.0,6.0,96,19,Dinner,415.0,70.0,3.0,14.0,0.0,100.0,112.0,32.0,CGMacros_dateshifted365/CGMacros/CGMacros-043/CGMacros-043.csv,dexcom,144.0,127.4,15.4
S043_2025-10-18T21:34:00,43,2025-10-18 21:34:00,45,F,49.08823644,259.8,61.0,6.0,96,21,Dinner,55.0,14.0,1.0,0.0,3.0,100.0,103.0,70.0,CGMacros_dateshifted365/CGMacros/CGMacros-043/CGMacros-043.csv,dexcom,173.0,129.0,26.0
S043_2025-10-18T21:50:00,43,2025-10-18 21:50:00,45,F,49.08823644,259.8,61.0,6.0,96,21,Dinner,521.0,34.0,25.0,30.0,1.0,300.0,112.4,60.6,CGMacros_dateshifted365/CGMacros/CGMacros-043/CGMacros-043.csv,dexcom,173.0,140.4,28.0
S043_2025-10-18T22:03:00,43,2025-10-18 22:03:00,45,F,49.08823644,259.8,61.0,6.0,96,22,Dinner,155.0,31.0,5.0,1.0,1.0,100.0,145.4,27.6,CGMacros_dateshifted365/CGMacros/CGMacros-043/CGMacros-043.csv,dexcom,173.0,145.8,0.4
S043_2025-10-19T09:02:00,43,2025-10-19 09:02:00,45,F,49.08823644,259.8,61.0,6.0,96,9,Breakfast,268.0,24.0,22.0,10.5,0.0,100.0,108.8,38.2,CGMacros_dateshifted365/CGMacros/CGMacros-043/CGMacros-043.csv,dexcom,147.0,93.8,-15.0
S043_2025-10-19T12:38:00,43,2025-10-19 12:38:00,45,F,49.08823644,259.8,61.0,6.0,96,12,Lunch,1110.0,93.0,84.0,44.0,4.0,100.0,100.8,27.2,CGMacros_dateshifted365/CGMacros/CGMacros-043/CGMacros-043.csv,dexcom,128.0,108.6,7.8
S043_2025-10-19T17:07:00,43,2025-10-19 17:07:00,45,F,49.08823644,259.8,61.0,6.0,96,17,Snack,529.0,46.0,20.0,30.0,5.0,200.0,103.8,31.2,CGMacros_dateshifted365/CGMacros/CGMacros-043/CGMacros-043.csv,dexcom,135.0,115.8,12.0
S043_2025-10-19T19:53:00,43,2025-10-19 19:53:00,45,F,49.08823644,259.8,61.0,6.0,96,19,Snack,120.0,15.0,2.0,5.0,0.0,100.0,114.2,81.8,CGMacros_dateshifted365/CGMacros/CGMacros-043/CGMacros-043.csv,dexcom,196.0,181.8,67.6
S043_2025-10-19T21:24:00,43,2025-10-19 21:24:00,45,F,49.08823644,259.8,61.0,6.0,96,21,Dinner,1473.0,201.0,40.0,62.0,7.0,300.0,179.2,20.8,CGMacros_dateshifted365/CGMacros/CGMacros-043/CGMacros-043.csv,dexcom,200.0,132.8,-46.4
S043_2025-10-19T23:06:00,43,2025-10-19 23:06:00,45,F,49.08823644,259.8,61.0,6.0,96,23,Dinner,155.0,31.0,5.0,1.0,1.0,100.0,154.0,23.0,CGMacros_dateshifted365/CGMacros/CGMacros-043/CGMacros-043.csv,dexcom,177.0,163.0,9.0
S043_2025-10-20T08:00:00,43,2025-10-20 08:00:00,45,F,49.08823644,259.8,61.0,6.0,96,8,Breakfast,448.0,66.0,22.0,10.5,0.0,100.0,99.4,48.6,CGMacros_dateshifted365/CGMacros/CGMacros-043/CGMacros-043.csv,dexcom,148.0,126.2,26.8
S043_2025-10-20T12:44:00,43,2025-10-20 12:44:00,45,F,49.08823644,259.8,61.0,6.0,96,12,Lunch,575.0,76.0,22.0,18.5,11.0,100.0,105.0,63.0,CGMacros_dateshifted365/CGMacros/CGMacros-043/CGMacros-043.csv,dexcom,168.0,131.2,26.2
S043_2025-10-20T16:41:00,43,2025-10-20 16:41:00,45,F,49.08823644,259.8,61.0,6.0,96,16,Dinner,666.0,37.0,34.0,42.0,1.0,400.0,98.0,51.0,CGMacros_dateshifted365/CGMacros/CGMacros-043/CGMacros-043.csv,dexcom,149.0,149.0,51.0
S043_2025-10-20T16:59:00,43,2025-10-20 16:59:00,45,F,49.08823644,259.8,61.0,6.0,96,16,Dinner,160.0,25.0,2.0,7.0,1.0,100.0,103.2,58.8,CGMacros_dateshifted365/CGMacros/CGMacros-043/CGMacros-043.csv,dexcom,162.0,152.6,49.4
S043_2025-10-20T22:17:00,43,2025-10-20 22:17:00,45,F,49.08823644,259.8,61.0,6.0,96,22,Dinner,678.0,66.0,32.0,29.0,4.0,600.0,107.6,95.0,CGMacros_dateshifted365/CGMacros/CGMacros-043/CGMacros-043.csv,dexcom,202.6,202.6,95.0
S043_2025-10-20T22:34:00,43,2025-10-20 22:34:00,45,F,49.08823644,259.8,61.0,6.0,96,22,Dinner,78.0,16.0,3.0,1.0,1.0,100.0,117.2,95.0,CGMacros_dateshifted365/CGMacros/CGMacros-043/CGMacros-043.csv,dexcom,212.2,212.2,95.0
S043_2025-10-21T07:51:00,43,2025-10-21 07:51:00,45,F,49.08823644,259.8,61.0,6.0,96,7,Breakfast,608.0,66.0,66.0,10.5,0.0,100.0,113.0,8.0,CGMacros_dateshifted365/CGMacros/CGMacros-043/CGMacros-043.csv,dexcom,121.0,117.0,4.0
S043_2025-10-21T12:50:00,43,2025-10-21 12:50:00,45,F,49.08823644,259.8,61.0,6.0,96,12,Lunch,585.0,40.0,76.0,17.0,13.0,100.0,96.2,31.8,CGMacros_dateshifted365/CGMacros/CGMacros-043/CGMacros-043.csv,dexcom,128.0,109.0,12.8
S043_2025-10-21T16:56:00,43,2025-10-21 16:56:00,45,F,49.08823644,259.8,61.0,6.0,96,16,Dinner,170.0,9.0,5.0,13.0,1.0,100.0,91.0,27.0,CGMacros_dateshifted365/CGMacros/CGMacros-043/CGMacros-043.csv,dexcom,118.0,113.0,22.0
S043_2025-10-21T17:12:00,43,2025-10-21 17:12:00,45,F,49.08823644,259.8,61.0,6.0,96,17,Dinner,1226.0,109.0,52.0,68.0,3.0,600.0,90.6,27.4,CGMacros_dateshifted365/CGMacros/CGMacros-043/CGMacros-043.csv,dexcom,118.0,107.6,17.0
S043_2025-10-21T18:04:00,43,2025-10-21 18:04:00,45,F,49.08823644,259.8,61.0,6.0,96,18,Dinner,135.0,16.0,2.0,7.0,1.0,100.0,117.2,13.8,CGMacros_dateshifted365/CGMacros/CGMacros-043/CGMacros-043.csv,dexcom,131.0,122.8,5.6
S043_2025-10-21T21:15:00,43,2025-10-21 21:15:00,45,F,49.08823644,259.8,61.0,6.0,96,21,Dinner,110.0,19.0,4.0,3.0,2.0,100.0,108.6,43.4,CGMacros_dateshifted365/CGMacros/CGMacros-043/CGMacros-043.csv,dexcom,152.0,138.4,29.8
S043_2025-10-21T22:46:00,43,2025-10-21 22:46:00,45,F,49.08823644,259.8,61.0,6.0,96,22,Dinner,55.0,14.0,1.0,0.0,3.0,100.0,113.0,44.0,CGMacros_dateshifted365/CGMacros/CGMacros-043/CGMacros-043.csv,dexcom,157.0,143.0,30.0
S043_2025-10-21T22:47:00,43,2025-10-21 22:47:00,45,F,49.08823644,259.8,61.0,6.0,96,22,Dinner,109.0,3.0,12.0,5.0,0.0,400.0,113.6,43.4,CGMacros_dateshifted365/CGMacros/CGMacros-043/CGMacros-043.csv,dexcom,157.0,143.2,29.6
S043_2025-10-21T23:00:00,43,2025-10-21 23:00:00,45,F,49.08823644,259.8,61.0,6.0,96,23,Dinner,250.0,32.0,5.0,9.0,1.0,100.0,130.8,26.2,CGMacros_dateshifted365/CGMacros/CGMacros-043/CGMacros-043.csv,dexcom,157.0,144.8,14.0
S043_2025-10-22T02:17:00,43,2025-10-22 02:17:00,45,F,49.08823644,259.8,61.0,6.0,96,2,Lunch,445.0,43.0,20.0,20.0,13.0,100.0,138.8,0.2,CGMacros_dateshifted365/CGMacros/CGMacros-043/CGMacros-043.csv,dexcom,139.0,128.0,-10.8
S043_2025-10-22T08:03:00,43,2025-10-22 08:03:00,45,F,49.08823644,259.8,61.0,6.0,96,8,Breakfast,712.0,66.0,22.0,42.0,0.0,100.0,112.4,15.6,CGMacros_dateshifted365/CGMacros/CGMacros-043/CGMacros-043.csv,dexcom,128.0,117.6,5.2
S043_2025-10-22T17:48:00,43,2025-10-22 17:48:00,45,F,49.08823644,259.8,61.0,6.0,96,17,Dinner,503.0,27.0,24.0,26.0,3.0,300.0,97.8,59.0,CGMacros_dateshifted365/CGMacros/CGMacros-043/CGMacros-043.csv,dexcom,156.8,156.8,59.0
S043_2025-10-22T19:30:00,43,2025-10-22 19:30:00,45,F,49.08823644,259.8,61.0,6.0,96,19,Snack,40.0,10.0,0.0,0.0,9.0,100.0,133.0,27.8,CGMacros_dateshifted365/CGMacros/CGMacros-043/CGMacros-043.csv,dexcom,160.8,160.8,27.8
S043_2025-10-22T21:01:00,43,2025-10-22 21:01:00,45,F,49.08823644,259.8,61.0,6.0,96,21,Dinner,861.0,89.0,27.0,42.0,11.0,200.0,132.0,33.0,CGMacros_dateshifted365/CGMacros/CGMacros-043/CGMacros-043.csv,dexcom,165.0,149.0,17.0
S043_2025-10-22T21:34:00,43,2025-10-22 21:34:00,45,F,49.08823644,259.8,61.0,6.0,96,21,Dinner,160.0,28.0,1.0,6.0,0.0,100.0,163.2,34.6,CGMacros_dateshifted365/CGMacros/CGMacros-043/CGMacros-043.csv,dexcom,197.8,197.8,34.6
S043_2025-10-23T08:08:00,43,2025-10-23 08:08:00,45,F,49.08823644,259.8,61.0,6.0,96,8,Breakfast,268.0,24.0,22.0,10.5,0.0,100.0,107.0,31.0,CGMacros_dateshifted365/CGMacros/CGMacros-043/CGMacros-043.csv,dexcom,138.0,99.2,-7.8
S043_2025-10-23T12:52:00,43,2025-10-23 12:52:00,45,F,49.08823644,259.8,61.0,6.0,96,12,Lunch,725.0,94.0,44.0,20.0,4.0,100.0,105.8,54.2,CGMacros_dateshifted365/CGMacros/CGMacros-043/CGMacros-043.csv,dexcom,160.0,112.4,6.6
S043_2025-10-23T17:17:00,43,2025-10-23 17:17:00,45,F,49.08823644,259.8,61.0,6.0,96,17,Dinner,325.0,35.0,18.0,16.0,9.0,100.0,103.2,52.8,CGMacros_dateshifted365/CGMacros/CGMacros-043/CGMacros-043.csv,dexcom,156.0,131.0,27.8
S043_2025-10-23T17:47:00,43,2025-10-23 17:47:00,45,F,49.08823644,259.8,61.0,6.0,96,17,Dinner,220.0,34.0,2.0,9.0,1.0,100.0,137.6,18.4,CGMacros_dateshifted365/CGMacros/CGMacros-043/CGMacros-043.csv,dexcom,156.0,111.8,-25.8
S043_2025-10-23T21:56:00,43,2025-10-23 21:56:00,45,F,49.08823644,259.8,61.0,6.0,96,21,Dinner,810.0,84.0,21.0,45.0,8.0,200.0,104.0,71.0,CGMacros_dateshifted365/CGMacros/CGMacros-043/CGMacros-043.csv,dexcom,175.0,175.0,71.0
S043_2025-10-23T22:14:00,43,2025-10-23 22:14:00,45,F,49.08823644,259.8,61.0,6.0,96,22,Dinner,220.0,34.0,2.0,9.0,1.0,100.0,125.6,51.4,CGMacros_dateshifted365/CGMacros/CGMacros-043/CGMacros-043.csv,dexcom,177.0,177.0,51.4
S043_2025-10-23T22:34:00,43,2025-10-23 22:34:00,45,F,49.08823644,259.8,61.0,6.0,96,22,Dinner,160.0,18.0,4.0,10.0,2.0,100.0,167.2,9.8,CGMacros_dateshifted365/CGMacros/CGMacros-043/CGMacros-043.csv,dexcom,177.0,173.6,6.4
S043_2025-10-24T08:12:00,43,2025-10-24 08:12:00,45,F,49.08823644,259.8,61.0,6.0,96,8,Breakfast,902.0,73.0,22.0,42.0,7.0,100.0,92.2,16.8,CGMacros_dateshifted365/CGMacros/CGMacros-043/CGMacros-043.csv,libre,109.0,98.0,5.8
S044_2022-10-17T12:15:00,44,2022-10-17 12:15:00,60,F,35.91846122,206.0,63.5,6.0,119,12,Lunch,1180.0,81.0,88.0,54.5,18.0,75.0,134.2,40.8,CGMacros_dateshifted365/CGMacros/CGMacros-044/CGMacros-044.csv,dexcom,175.0,154.2,20.0
S044_2022-10-17T19:59:00,44,2022-10-17 19:59:00,60,F,35.91846122,206.0,63.5,6.0,119,19,Dinner,381.0,65.0,19.0,4.0,2.0,400.0,138.0,42.0,CGMacros_dateshifted365/CGMacros/CGMacros-044/CGMacros-044.csv,dexcom,180.0,149.0,11.0
S044_2022-10-18T09:59:00,44,2022-10-18 09:59:00,60,F,35.91846122,206.0,63.5,6.0,119,9,Breakfast,448.0,66.0,22.0,10.5,0.0,100.0,121.0,76.0,CGMacros_dateshifted365/CGMacros/CGMacros-044/CGMacros-044.csv,dexcom,197.0,173.0,52.0
S044_2022-10-18T13:53:00,44,2022-10-18 13:53:00,60,F,35.91846122,206.0,63.5,6.0,119,13,Lunch,830.0,92.0,17.0,42.0,10.0,100.0,93.8,10.2,CGMacros_dateshifted365/CGMacros/CGMacros-044/CGMacros-044.csv,dexcom,104.0,81.0,-12.8
S044_2022-10-18T16:19:00,44,2022-10-18 16:19:00,60,F,35.91846122,206.0,63.5,6.0,119,16,Snack,155.0,24.0,2.0,6.0,2.0,200.0,88.0,60.0,CGMacros_dateshifted365/CGMacros/CGMacros-044/CGMacros-044.csv,dexcom,148.0,146.0,58.0
S044_2022-10-18T17:54:00,44,2022-10-18 17:54:00,60,F,35.91846122,206.0,63.5,6.0,119,17,Dinner,446.0,66.0,19.0,11.0,2.0,500.0,143.0,75.0,CGMacros_dateshifted365/CGMacros/CGMacros-044/CGMacros-044.csv,dexcom,218.0,198.0,55.0
S044_2022-10-19T08:56:00,44,2022-10-19 08:56:00,60,F,35.91846122,206.0,63.5,6.0,119,8,Breakfast,608.0,66.0,66.0,10.5,0.0,100.0,110.8,68.2,CGMacros_dateshifted365/CGMacros/CGMacros-044/CGMacros-044.csv,dexcom,179.0,167.2,56.4
S044_2022-10-19T12:19:00,44,2022-10-19 12:19:00,60,F,35.91846122,206.0,63.5,6.0,119,12,Lunch,435.0,16.0,66.0,14.0,4.0,100.0,111.0,7.0,CGMacros_dateshifted365/CGMacros/CGMacros-044/CGMacros-044.csv,dexcom,118.0,109.0,-2.0
S044_2022-10-19T16:51:00,44,2022-10-19 16:51:00,60,F,35.91846122,206.0,63.5,6.0,119,16,Dinner,3.0,1.0,0.0,0.0,0.0,100.0,117.6,39.4,CGMacros_dateshifted365/CGMacros/CGMacros-044/CGMacros-044.csv,dexcom,157.0,122.8,5.2
S044_2022-10-19T16:55:00,44,2022-10-19 16:55:00,60,F,35.91846122,206.0,63.5,6.0,119,16,Dinner,155.0,24.0,2.0,6.0,2.0,200.0,121.6,35.4,CGMacros_dateshifted365/CGMacros/CGMacros-044/CGMacros-044.csv,dexcom,157.0,128.8,7.2
S044_2022-10-19T18:44:00,44,2022-10-19 18:44:00,60,F,35.91846122,206.0,63.5,6.0,119,18,Dinner,253.0,33.0,11.0,7.0,1.0,400.0,124.0,32.0,CGMacros_dateshifted365/CGMacros/CGMacros-044/CGMacros-044.csv,dexcom,156.0,132.0,8.0
S044_2022-10-20T09:05:00,44,2022-10-20 09:05:00,60,F,35.91846122,206.0,63.5,6.0,119,9,Breakfast,712.0,66.0,22.0,42.0,0.0,100.0,114.8,75.2,CGMacros_dateshifted365/CGMacros/CGMacros-044/CGMacros-044.csv,dexcom,190.0,189.2,74.4
S044_2022-10-20T12:31:00,44,2022-10-20 12:31:00,60,F,35.91846122,206.0,63.5,6.0,119,12,Lunch,555.0,94.0,12.0,13.0,5.0,75.0,124.0,77.0,CGMacros_dateshifted365/CGMacros/CGMacros-044/CGMacros-044.csv,dexcom,201.0,187.8,63.8
S044_2022-10-20T17:48:00,44,2022-10-20 17:48:00,60,F,35.91846122,206.0,63.5,6.0,119,17,Dinner,57.0,13.0,3.0,0.0,5.0,200.0,126.4,42.6,CGMacros_dateshifted365/CGMacros/CGMacros-044/CGMacros-044.csv,dexcom,169.0,121.4,-5.0
S044_2022-10-20T18:08:00,44,2022-10-20 18:08:00,60,F,35.91846122,206.0,63.5,6.0,119,18,Dinner,433.0,15.0,14.0,36.0,0.0,200.0,122.2,46.8,CGMacros_dateshifted365/CGMacros/CGMacros-044/CGMacros-044.csv,dexcom,169.0,110.2,-12.0
S044_2022-10-20T21:48:00,44,2022-10-20 21:48:00,60,F,35.91846122,206.0,63.5,6.0,119,21,Snack,94.0,12.0,2.0,4.0,1.0,100.0,118.2,48.8,CGMacros_dateshifted365/CGMacros/CGMacros-044/CGMacros-044.csv,dexcom,167.0,163.8,45.6
S044_2022-10-21T08:11:00,44,2022-10-21 08:11:00,60,F,35.91846122,206.0,63.5,6.0,119,8,Breakfast,902.0,73.0,66.0,42.0,7.0,100.0,103.4,47.6,CGMacros_dateshifted365/CGMacros/CGMacros-044/CGMacros-044.csv,dexcom,151.0,141.0,37.6
S044_2022-10-21T11:29:00,44,2022-10-21 11:29:00,60,F,35.91846122,206.0,63.5,6.0,119,11,Lunch,355.0,19.0,32.0,15.0,5.0,100.0,116.0,2.0,CGMacros_dateshifted365/CGMacros/CGMacros-044/CGMacros-044.csv,dexcom,118.0,96.0,-20.0
S044_2022-10-21T11:56:00,44,2022-10-21 11:56:00,60,F,35.91846122,206.0,63.5,6.0,119,11,Dinner,40.0,2.0,0.0,0.0,0.0,100.0,112.0,6.0,CGMacros_dateshifted365/CGMacros/CGMacros-044/CGMacros-044.csv,dexcom,118.0,94.0,-18.0
S044_2022-10-21T17:27:00,44,2022-10-21 17:27:00,60,F,35.91846122,206.0,63.5,6.0,119,17,Dinner,270.0,59.0,6.0,0.0,5.0,200.0,104.0,121.0,CGMacros_dateshifted365/CGMacros/CGMacros-044/CGMacros-044.csv,dexcom,225.0,213.0,109.0
S044_2022-10-21T19:36:00,44,2022-10-21 19:36:00,60,F,35.91846122,206.0,63.5,6.0,119,19,Snack,241.0,20.0,5.0,14.0,2.0,200.0,205.6,-0.2,CGMacros_dateshifted365/CGMacros/CGMacros-044/CGMacros-044.csv,dexcom,205.4,118.0,-87.6
S044_2022-10-22T08:08:00,44,2022-10-22 08:08:00,60,F,35.91846122,206.0,63.5,6.0,119,8,Breakfast,268.0,24.0,22.0,10.5,0.0,100.0,105.0,73.0,CGMacros_dateshifted365/CGMacros/CGMacros-044/CGMacros-044.csv,dexcom,178.0,126.0,21.0
S044_2022-10-22T11:24:00,44,2022-10-22 11:24:00,60,F,35.91846122,206.0,63.5,6.0,119,11,Lunch,1110.0,93.0,84.0,44.0,4.0,100.0,100.0,65.0,CGMacros_dateshifted365/CGMacros/CGMacros-044/CGMacros-044.csv,dexcom,165.0,135.0,35.0
S044_2022-10-22T16:30:00,44,2022-10-22 16:30:00,60,F,35.91846122,206.0,63.5,6.0,119,16,Dinner,855.0,65.0,50.0,45.0,2.0,0.0,122.2,58.8,CGMacros_dateshifted365/CGMacros/CGMacros-044/CGMacros-044.csv,dexcom,181.0,134.8,12.6
S044_2022-10-22T23:22:00,44,2022-10-22 23:22:00,60,F,35.91846122,206.0,63.5,6.0,119,23,Snack,80.0,13.0,1.0,3.0,0.0,100.0,109.4,61.4,CGMacros_dateshifted365/CGMacros/CGMacros-044/CGMacros-044.csv,dexcom,170.8,170.8,61.4
S044_2022-10-23T06:24:00,44,2022-10-23 06:24:00,60,F,35.91846122,206.0,63.5,6.0,119,6,Breakfast,448.0,66.0,22.0,10.5,0.0,100.0,111.0,118.0,CGMacros_dateshifted365/CGMacros/CGMacros-044/CGMacros-044.csv,dexcom,229.0,196.0,85.0
S044_2022-10-23T10:53:00,44,2022-10-23 10:53:00,60,F,35.91846122,206.0,63.5,6.0,119,10,Lunch,575.0,76.0,22.0,18.5,11.0,75.0,82.0,62.0,CGMacros_dateshifted365/CGMacros/CGMacros-044/CGMacros-044.csv,dexcom,144.0,125.2,43.2
S044_2022-10-23T16:13:00,44,2022-10-23 16:13:00,60,F,35.91846122,206.0,63.5,6.0,119,16,Dinner,682.0,73.0,22.0,20.0,12.0,600.0,104.8,78.2,CGMacros_dateshifted365/CGMacros/CGMacros-044/CGMacros-044.csv,dexcom,183.0,176.8,72.0
S044_2022-10-23T20:38:00,44,2022-10-23 20:38:00,60,F,35.91846122,206.0,63.5,6.0,119,20,Snack,200.0,23.0,3.0,12.0,3.0,100.0,120.4,57.6,CGMacros_dateshifted365/CGMacros/CGMacros-044/CGMacros-044.csv,dexcom,178.0,146.2,25.8
S044_2022-10-24T07:49:00,44,2022-10-24 07:49:00,60,F,35.91846122,206.0,63.5,6.0,119,7,Breakfast,608.0,66.0,66.0,10.5,0.0,100.0,112.0,75.0,CGMacros_dateshifted365/CGMacros/CGMacros-044/CGMacros-044.csv,dexcom,187.0,132.0,20.0
S044_2022-10-24T12:06:00,44,2022-10-24 12:06:00,60,F,35.91846122,206.0,63.5,6.0,119,12,Lunch,585.0,40.0,76.0,17.0,13.0,100.0,84.0,51.0,CGMacros_dateshifted365/CGMacros/CGMacros-044/CGMacros-044.csv,dexcom,135.0,111.2,27.2
S044_2022-10-24T15:25:00,44,2022-10-24 15:25:00,60,F,35.91846122,206.0,63.5,6.0,119,15,Snack,68.0,10.0,2.0,3.0,0.0,100.0,114.2,45.8,CGMacros_dateshifted365/CGMacros/CGMacros-044/CGMacros-044.csv,dexcom,160.0,134.8,20.6
S044_2022-10-24T16:22:00,44,2022-10-24 16:22:00,60,F,35.91846122,206.0,63.5,6.0,119,16,Dinner,243.0,12.0,3.0,7.0,0.0,400.0,142.8,24.8,CGMacros_dateshifted365/CGMacros/CGMacros-044/CGMacros-044.csv,dexcom,167.6,167.6,24.8
S044_2022-10-25T07:45:00,44,2022-10-25 07:45:00,60,F,35.91846122,206.0,63.5,6.0,119,7,Breakfast,712.0,66.0,22.0,42.0,0.0,100.0,108.8,41.2,CGMacros_dateshifted365/CGMacros/CGMacros-044/CGMacros-044.csv,dexcom,150.0,123.2,14.4
S044_2022-10-25T11:04:00,44,2022-10-25 11:04:00,60,F,35.91846122,206.0,63.5,6.0,119,11,Lunch,445.0,43.0,20.0,20.0,13.0,100.0,93.0,44.0,CGMacros_dateshifted365/CGMacros/CGMacros-044/CGMacros-044.csv,dexcom,137.0,126.0,33.0
S044_2022-10-25T16:42:00,44,2022-10-25 16:42:00,60,F,35.91846122,206.0,63.5,6.0,119,16,Dinner,361.0,49.0,10.0,12.0,5.0,600.0,122.6,119.2,CGMacros_dateshifted365/CGMacros/CGMacros-044/CGMacros-044.csv,dexcom,241.8,241.8,119.2
S044_2022-10-25T20:36:00,44,2022-10-25 20:36:00,60,F,35.91846122,206.0,63.5,6.0,119,20,Dinner,316.0,50.0,3.0,7.0,1.0,300.0,137.0,4.0,CGMacros_dateshifted365/CGMacros/CGMacros-044/CGMacros-044.csv,dexcom,141.0,138.6,1.6
S044_2022-10-25T21:51:00,44,2022-10-25 21:51:00,60,F,35.91846122,206.0,63.5,6.0,119,21,Dinner,117.0,17.0,6.0,3.0,0.0,100.0,135.8,26.2,CGMacros_dateshifted365/CGMacros/CGMacros-044/CGMacros-044.csv,dexcom,162.0,155.2,19.4
S044_2022-10-26T07:45:00,44,2022-10-26 07:45:00,60,F,35.91846122,206.0,63.5,6.0,119,7,Breakfast,268.0,24.0,22.0,10.5,0.0,100.0,116.8,80.2,CGMacros_dateshifted365/CGMacros/CGMacros-044/CGMacros-044.csv,dexcom,197.0,129.6,12.8
S044_2022-10-26T12:24:00,44,2022-10-26 12:24:00,60,F,35.91846122,206.0,63.5,6.0,119,12,Lunch,725.0,94.0,44.0,20.0,4.0,100.0,107.0,73.0,CGMacros_dateshifted365/CGMacros/CGMacros-044/CGMacros-044.csv,dexcom,180.0,164.0,57.0
S044_2022-10-26T16:22:00,44,2022-10-26 16:22:00,60,F,35.91846122,206.0,63.5,6.0,119,16,Snack,185.0,19.0,13.0,6.0,1.0,100.0,110.4,41.6,CGMacros_dateshifted365/CGMacros/CGMacros-044/CGMacros-044.csv,dexcom,152.0,151.4,41.0
S044_2022-10-26T17:05:00,44,2022-10-26 17:05:00,60,F,35.91846122,206.0,63.5,6.0,119,17,Dinner,430.0,78.0,15.0,7.0,8.0,600.0,123.0,29.0,CGMacros_dateshifted365/CGMacros/CGMacros-044/CGMacros-044.csv,dexcom,152.0,135.0,12.0
S044_2022-10-27T08:58:00,44,2022-10-27 08:58:00,60,F,35.91846122,206.0,63.5,6.0,119,8,Breakfast,902.0,73.0,22.0,42.0,7.0,100.0,106.8,52.2,CGMacros_dateshifted365/CGMacros/CGMacros-044/CGMacros-044.csv,libre,159.0,140.6667,33.8667
S045_2025-03-25T20:15:00,45,2025-03-25 20:15:00,46,F,32.88125085,162.8,59.0,6.1,148,20,Snack,120.0,23.0,7.0,1.0,11.0,1.0,122.0,22.0,CGMacros_dateshifted365/CGMacros/CGMacros-045/CGMacros-045.csv,dexcom,144.0,117.2,-4.8
S045_2025-03-26T08:41:00,45,2025-03-26 08:41:00,46,F,32.88125085,162.8,59.0,6.1,148,8,Breakfast,448.0,66.0,22.0,10.5,0.0,100.0,127.2,97.8,CGMacros_dateshifted365/CGMacros/CGMacros-045/CGMacros-045.csv,dexcom,225.0,216.0,88.8
S045_2025-03-26T11:47:00,45,2025-03-26 11:47:00,46,F,32.88125085,162.8,59.0,6.1,148,11,Lunch,830.0,92.0,17.0,42.0,10.0,100.0,172.6,-1.6,CGMacros_dateshifted365/CGMacros/CGMacros-045/CGMacros-045.csv,dexcom,171.0,114.4,-58.2
S045_2025-03-26T18:31:00,45,2025-03-26 18:31:00,46,F,32.88125085,162.8,59.0,6.1,148,18,Snack,34.0,6.0,2.0,0.0,2.0,100.0,117.0,23.4,CGMacros_dateshifted365/CGMacros/CGMacros-045/CGMacros-045.csv,dexcom,140.4,140.4,23.4
S045_2025-03-27T08:55:00,45,2025-03-27 08:55:00,46,F,32.88125085,162.8,59.0,6.1,148,8,Breakfast,608.0,66.0,66.0,10.5,0.0,100.0,133.4,147.6,CGMacros_dateshifted365/CGMacros/CGMacros-045/CGMacros-045.csv,dexcom,281.0,179.8,46.4
S045_2025-03-27T12:04:00,45,2025-03-27 12:04:00,46,F,32.88125085,162.8,59.0,6.1,148,12,Lunch,435.0,16.0,66.0,14.0,4.0,100.0,88.6,37.4,CGMacros_dateshifted365/CGMacros/CGMacros-045/CGMacros-045.csv,dexcom,126.0,121.2,32.6
S045_2025-03-28T08:50:00,45,2025-03-28 08:50:00,46,F,32.88125085,162.8,59.0,6.1,148,8,Breakfast,712.0,66.0,22.0,42.0,0.0,100.0,155.8,142.2,CGMacros_dateshifted365/CGMacros/CGMacros-045/CGMacros-045.csv,dexcom,298.0,191.8,36.0
S045_2025-03-28T13:43:00,45,2025-03-28 13:43:00,46,F,32.88125085,162.8,59.0,6.1,148,13,Lunch,555.0,94.0,12.0,13.0,5.0,75.0,108.0,163.0,CGMacros_dateshifted365/CGMacros/CGMacros-045/CGMacros-045.csv,dexcom,271.0,271.0,163.0
S045_2025-03-28T17:12:00,45,2025-03-28 17:12:00,46,F,32.88125085,162.8,59.0,6.1,148,17,Snack,46.0,11.0,1.0,0.0,6.0,0.0,178.6,45.4,CGMacros_dateshifted365/CGMacros/CGMacros-045/CGMacros-045.csv,dexcom,224.0,136.4,-42.2
S045_2025-03-29T08:43:00,45,2025-03-29 08:43:00,46,F,32.88125085,162.8,59.0,6.1,148,8,Breakfast,902.0,73.0,66.0,42.0,7.0,100.0,164.0,95.0,CGMacros_dateshifted365/CGMacros/CGMacros-045/CGMacros-045.csv,dexcom,259.0,259.0,95.0
S045_2025-03-29T12:34:00,45,2025-03-29 12:34:00,46,F,32.88125085,162.8,59.0,6.1,148,12,Lunch,355.0,19.0,32.0,15.0,5.0,100.0,205.0,-2.0,CGMacros_dateshifted365/CGMacros/CGMacros-045/CGMacros-045.csv,dexcom,203.0,123.0,-82.0
S045_2025-03-29T14:14:00,45,2025-03-29 14:14:00,46,F,32.88125085,162.8,59.0,6.1,148,14,Snack,170.0,20.0,2.0,10.0,1.0,100.0,95.0,71.0,CGMacros_dateshifted365/CGMacros/CGMacros-045/CGMacros-045.csv,dexcom,166.0,107.6,12.6
S045_2025-03-29T21:29:00,45,2025-03-29 21:29:00,46,F,32.88125085,162.8,59.0,6.1,148,21,Snack,594.0,41.0,38.0,30.0,3.0,600.0,224.4,36.6,CGMacros_dateshifted365/CGMacros/CGMacros-045/CGMacros-045.csv,dexcom,261.0,206.6,-17.8
S045_2025-03-30T08:50:00,45,2025-03-30 08:50:00,46,F,32.88125085,162.8,59.0,6.1,148,8,Breakfast,268.0,24.0,22.0,10.5,0.0,100.0,134.0,73.0,CGMacros_dateshifted365/CGMacros/CGMacros-045/CGMacros-045.csv,dexcom,207.0,140.6,6.6
S045_2025-03-30T12:18:00,45,2025-03-30 12:18:00,46,F,32.88125085,162.8,59.0,6.1,148,12,Lunch,1110.0,93.0,84.0,44.0,4.0,100.0,118.0,44.0,CGMacros_dateshifted365/CGMacros/CGMacros-045/CGMacros-045.csv,dexcom,162.0,157.0,39.0
S045_2025-03-30T20:16:00,45,2025-03-30 20:16:00,46,F,32.88125085,162.8,59.0,6.1,148,20,Dinner,180.0,22.0,2.0,10.0,8.0,300.0,119.0,121.0,CGMacros_dateshifted365/CGMacros/CGMacros-045/CGMacros-045.csv,dexcom,240.0,240.0,121.0
S045_2025-03-31T08:56:00,45,2025-03-31 08:56:00,46,F,32.88125085,162.8,59.0,6.1,148,8,Breakfast,448.0,66.0,22.0,10.5,0.0,100.0,139.6,89.4,CGMacros_dateshifted365/CGMacros/CGMacros-045/CGMacros-045.csv,dexcom,229.0,194.6,55.0
S045_2025-03-31T12:33:00,45,2025-03-31 12:33:00,46,F,32.88125085,162.8,59.0,6.1,148,12,Lunch,575.0,76.0,22.0,18.5,11.0,75.0,116.0,39.0,CGMacros_dateshifted365/CGMacros/CGMacros-045/CGMacros-045.csv,dexcom,155.0,149.0,33.0
S045_2025-03-31T16:00:00,45,2025-03-31 16:00:00,46,F,32.88125085,162.8,59.0,6.1,148,16,Snack,170.0,20.0,2.0,10.0,1.0,100.0,221.0,35.0,CGMacros_dateshifted365/CGMacros/CGMacros-045/CGMacros-045.csv,dexcom,256.0,198.2,-22.8
S045_2025-03-31T20:00:00,45,2025-03-31 20:00:00,46,F,32.88125085,162.8,59.0,6.1,148,20,Dinner,800.0,93.0,33.0,33.0,5.0,100.0,151.4,3.6,CGMacros_dateshifted365/CGMacros/CGMacros-045/CGMacros-045.csv,dexcom,155.0,153.8,2.4
S045_2025-04-01T09:05:00,45,2025-04-01 09:05:00,46,F,32.88125085,162.8,59.0,6.1,148,9,Breakfast,608.0,66.0,66.0,10.5,0.0,100.0,152.2,183.8,CGMacros_dateshifted365/CGMacros/CGMacros-045/CGMacros-045.csv,dexcom,336.0,259.8,107.6
S045_2025-04-01T12:43:00,45,2025-04-01 12:43:00,46,F,32.88125085,162.8,59.0,6.1,148,12,Lunch,585.0,40.0,76.0,17.0,13.0,100.0,131.0,-2.6,CGMacros_dateshifted365/CGMacros/CGMacros-045/CGMacros-045.csv,dexcom,128.4,111.0,-20.0
S045_2025-04-01T20:39:00,45,2025-04-01 20:39:00,46,F,32.88125085,162.8,59.0,6.1,148,20,Dinner,328.0,7.0,23.0,20.0,1.0,200.0,136.6,38.4,CGMacros_dateshifted365/CGMacros/CGMacros-045/CGMacros-045.csv,dexcom,175.0,155.6,19.0
S045_2025-04-01T20:58:00,45,2025-04-01 20:58:00,46,F,32.88125085,162.8,59.0,6.1,148,20,Dinner,451.0,51.0,33.0,10.0,2.0,300.0,143.0,32.0,CGMacros_dateshifted365/CGMacros/CGMacros-045/CGMacros-045.csv,dexcom,175.0,160.0,17.0
S045_2025-04-02T09:40:00,45,2025-04-02 09:40:00,46,F,32.88125085,162.8,59.0,6.1,148,9,Breakfast,712.0,66.0,22.0,42.0,0.0,100.0,151.4,248.6,CGMacros_dateshifted365/CGMacros/CGMacros-045/CGMacros-045.csv,dexcom,400.0,226.2,74.8
S045_2025-04-02T17:30:00,45,2025-04-02 17:30:00,46,F,32.88125085,162.8,59.0,6.1,148,17,Lunch,445.0,43.0,20.0,20.0,13.0,100.0,129.2,42.8,CGMacros_dateshifted365/CGMacros/CGMacros-045/CGMacros-045.csv,dexcom,172.0,172.0,42.8
S045_2025-04-02T20:00:00,45,2025-04-02 20:00:00,46,F,32.88125085,162.8,59.0,6.1,148,20,Dinner,995.0,134.0,40.0,39.0,10.0,300.0,154.8,76.2,CGMacros_dateshifted365/CGMacros/CGMacros-045/CGMacros-045.csv,dexcom,231.0,130.0,-24.8
S045_2025-04-03T08:46:00,45,2025-04-03 08:46:00,46,F,32.88125085,162.8,59.0,6.1,148,8,Breakfast,268.0,24.0,22.0,10.5,0.0,100.0,150.2,58.8,CGMacros_dateshifted365/CGMacros/CGMacros-045/CGMacros-045.csv,dexcom,209.0,164.8,14.6
S045_2025-04-03T12:16:00,45,2025-04-03 12:16:00,46,F,32.88125085,162.8,59.0,6.1,148,12,Lunch,725.0,94.0,44.0,20.0,4.0,100.0,162.6,53.4,CGMacros_dateshifted365/CGMacros/CGMacros-045/CGMacros-045.csv,dexcom,216.0,211.2,48.6
S045_2025-04-03T16:18:00,45,2025-04-03 16:18:00,46,F,32.88125085,162.8,59.0,6.1,148,16,Snack,180.0,12.0,4.0,14.0,2.0,0.0,129.0,126.0,CGMacros_dateshifted365/CGMacros/CGMacros-045/CGMacros-045.csv,dexcom,255.0,197.0,68.0
S045_2025-04-03T21:15:00,45,2025-04-03 21:15:00,46,F,32.88125085,162.8,59.0,6.1,148,21,Snack,170.0,20.0,2.0,10.0,1.0,0.0,138.6,116.4,CGMacros_dateshifted365/CGMacros/CGMacros-045/CGMacros-045.csv,dexcom,255.0,230.4,91.8
S045_2025-04-04T10:24:00,45,2025-04-04 10:24:00,46,F,32.88125085,162.8,59.0,6.1,148,10,Breakfast,902.0,73.0,22.0,42.0,7.0,100.0,152.3333,147.6667,CGMacros_dateshifted365/CGMacros/CGMacros-045/CGMacros-045.csv,libre,300.0,250.6667,98.3333
S046_2025-05-01T11:58:00,46,2025-05-01 11:58:00,51,M,28.16034914,179.8,67.0,7.4,154,11,Lunch,1180.0,81.0,88.0,54.5,18.0,75.0,155.0,10.0,CGMacros_dateshifted365/CGMacros/CGMacros-046/CGMacros-046.csv,dexcom,165.0,112.0,-43.0
S046_2025-05-02T08:00:00,46,2025-05-02 08:00:00,51,M,28.16034914,179.8,67.0,7.4,154,8,Breakfast,448.0,66.0,22.0,10.5,0.0,100.0,117.6,148.4,CGMacros_dateshifted365/CGMacros/CGMacros-046/CGMacros-046.csv,dexcom,266.0,166.0,48.4
S046_2025-05-02T11:39:00,46,2025-05-02 11:39:00,51,M,28.16034914,179.8,67.0,7.4,154,11,Lunch,830.0,92.0,17.0,42.0,10.0,100.0,67.2,54.8,CGMacros_dateshifted365/CGMacros/CGMacros-046/CGMacros-046.csv,dexcom,122.0,122.0,54.8
S046_2025-05-03T08:00:00,46,2025-05-03 08:00:00,51,M,28.16034914,179.8,67.0,7.4,154,8,Breakfast,608.0,66.0,66.0,10.5,0.0,100.0,129.6,138.4,CGMacros_dateshifted365/CGMacros/CGMacros-046/CGMacros-046.csv,dexcom,268.0,108.0,-21.6
S046_2025-05-03T11:47:00,46,2025-05-03 11:47:00,51,M,28.16034914,179.8,67.0,7.4,154,11,Lunch,435.0,16.0,66.0,14.0,4.0,100.0,109.2,36.8,CGMacros_dateshifted365/CGMacros/CGMacros-046/CGMacros-046.csv,dexcom,146.0,136.4,27.2
S046_2025-05-04T08:06:00,46,2025-05-04 08:06:00,51,M,28.16034914,179.8,67.0,7.4,154,8,Breakfast,712.0,66.0,22.0,42.0,0.0,100.0,130.8,119.2,CGMacros_dateshifted365/CGMacros/CGMacros-046/CGMacros-046.csv,dexcom,250.0,98.2,-32.6
S046_2025-05-04T11:17:00,46,2025-05-04 11:17:00,51,M,28.16034914,179.8,67.0,7.4,154,11,Lunch,555.0,94.0,12.0,13.0,5.0,75.0,122.4,33.2,CGMacros_dateshifted365/CGMacros/CGMacros-046/CGMacros-046.csv,dexcom,155.6,155.6,33.2
S046_2025-05-04T14:49:00,46,2025-05-04 14:49:00,51,M,28.16034914,179.8,67.0,7.4,154,14,Dinner,456.0,44.0,34.0,16.0,0.0,100.0,184.0,63.0,CGMacros_dateshifted365/CGMacros/CGMacros-046/CGMacros-046.csv,dexcom,247.0,228.8,44.8
S046_2025-05-05T08:00:00,46,2025-05-05 08:00:00,51,M,28.16034914,179.8,67.0,7.4,154,8,Breakfast,902.0,73.0,66.0,42.0,7.0,100.0,126.8,169.2,CGMacros_dateshifted365/CGMacros/CGMacros-046/CGMacros-046.csv,dexcom,296.0,234.0,107.2
S046_2025-05-05T11:01:00,46,2025-05-05 11:01:00,51,M,28.16034914,179.8,67.0,7.4,154,11,Lunch,355.0,19.0,32.0,15.0,5.0,100.0,249.2,38.8,CGMacros_dateshifted365/CGMacros/CGMacros-046/CGMacros-046.csv,dexcom,288.0,177.0,-72.2
S046_2025-05-05T18:57:00,46,2025-05-05 18:57:00,51,M,28.16034914,179.8,67.0,7.4,154,18,Dinner,265.0,43.0,3.0,10.0,4.0,200.0,128.4,174.2,CGMacros_dateshifted365/CGMacros/CGMacros-046/CGMacros-046.csv,dexcom,302.6,302.6,174.2
S046_2025-05-05T19:30:00,46,2025-05-05 19:30:00,51,M,28.16034914,179.8,67.0,7.4,154,19,Dinner,456.0,44.0,34.0,16.0,0.0,100.0,145.6,193.2,CGMacros_dateshifted365/CGMacros/CGMacros-046/CGMacros-046.csv,dexcom,338.8,338.8,193.2
S046_2025-05-06T07:52:00,46,2025-05-06 07:52:00,51,M,28.16034914,179.8,67.0,7.4,154,7,Breakfast,268.0,24.0,22.0,10.5,0.0,100.0,153.8,108.2,CGMacros_dateshifted365/CGMacros/CGMacros-046/CGMacros-046.csv,dexcom,262.0,224.0,70.2
S046_2025-05-06T12:00:00,46,2025-05-06 12:00:00,51,M,28.16034914,179.8,67.0,7.4,154,12,Lunch,1110.0,93.0,84.0,44.0,4.0,100.0,140.2,150.8,CGMacros_dateshifted365/CGMacros/CGMacros-046/CGMacros-046.csv,dexcom,291.0,259.6,119.4
S046_2025-05-06T16:23:00,46,2025-05-06 16:23:00,51,M,28.16034914,179.8,67.0,7.4,154,16,Dinner,290.0,22.0,2.0,0.0,0.0,200.0,220.0,-1.8,CGMacros_dateshifted365/CGMacros/CGMacros-046/CGMacros-046.csv,dexcom,218.2,199.0,-21.0
S046_2025-05-06T16:31:00,46,2025-05-06 16:31:00,51,M,28.16034914,179.8,67.0,7.4,154,16,Dinner,514.0,64.0,20.0,20.0,0.0,100.0,204.4,-2.2,CGMacros_dateshifted365/CGMacros/CGMacros-046/CGMacros-046.csv,dexcom,202.2,189.2,-15.2
S046_2025-05-07T07:55:00,46,2025-05-07 07:55:00,51,M,28.16034914,179.8,67.0,7.4,154,7,Breakfast,448.0,66.0,22.0,10.5,0.0,100.0,160.4,171.6,CGMacros_dateshifted365/CGMacros/CGMacros-046/CGMacros-046.csv,dexcom,332.0,258.6,98.2
S046_2025-05-07T11:29:00,46,2025-05-07 11:29:00,51,M,28.16034914,179.8,67.0,7.4,154,11,Lunch,575.0,76.0,22.0,18.5,11.0,75.0,172.4,77.6,CGMacros_dateshifted365/CGMacros/CGMacros-046/CGMacros-046.csv,dexcom,250.0,248.8,76.4
S046_2025-05-07T17:32:00,46,2025-05-07 17:32:00,51,M,28.16034914,179.8,67.0,7.4,154,17,Dinner,120.0,22.0,4.0,2.0,1.0,100.0,253.8,14.2,CGMacros_dateshifted365/CGMacros/CGMacros-046/CGMacros-046.csv,dexcom,268.0,209.2,-44.6
S046_2025-05-07T18:33:00,46,2025-05-07 18:33:00,51,M,28.16034914,179.8,67.0,7.4,154,18,Dinner,642.0,80.0,8.0,33.0,3.0,200.0,268.0,-0.6,CGMacros_dateshifted365/CGMacros/CGMacros-046/CGMacros-046.csv,dexcom,267.4,246.0,-22.0
S046_2025-05-08T07:59:00,46,2025-05-08 07:59:00,51,M,28.16034914,179.8,67.0,7.4,154,7,Breakfast,608.0,66.0,66.0,10.5,0.0,100.0,190.4,84.6,CGMacros_dateshifted365/CGMacros/CGMacros-046/CGMacros-046.csv,dexcom,275.0,229.0,38.6
S046_2025-05-08T11:43:00,46,2025-05-08 11:43:00,51,M,28.16034914,179.8,67.0,7.4,154,11,Lunch,585.0,40.0,76.0,17.0,13.0,100.0,139.0,2.0,CGMacros_dateshifted365/CGMacros/CGMacros-046/CGMacros-046.csv,dexcom,141.0,105.0,-34.0
S046_2025-05-08T16:10:00,46,2025-05-08 16:10:00,51,M,28.16034914,179.8,67.0,7.4,154,16,Dinner,360.0,35.0,37.0,8.0,2.0,300.0,152.2,69.8,CGMacros_dateshifted365/CGMacros/CGMacros-046/CGMacros-046.csv,dexcom,222.0,216.2,64.0
S046_2025-05-09T07:59:00,46,2025-05-09 07:59:00,51,M,28.16034914,179.8,67.0,7.4,154,7,Breakfast,712.0,66.0,22.0,42.0,0.0,100.0,166.2,130.8,CGMacros_dateshifted365/CGMacros/CGMacros-046/CGMacros-046.csv,dexcom,297.0,174.0,7.8
S046_2025-05-09T12:23:00,46,2025-05-09 12:23:00,51,M,28.16034914,179.8,67.0,7.4,154,12,Lunch,445.0,43.0,20.0,20.0,13.0,100.0,141.0,-0.4,CGMacros_dateshifted365/CGMacros/CGMacros-046/CGMacros-046.csv,dexcom,140.6,113.0,-28.0
S046_2025-05-09T15:04:00,46,2025-05-09 15:04:00,51,M,28.16034914,179.8,67.0,7.4,154,15,Dinner,170.0,17.0,5.0,8.0,0.0,75.0,136.2,94.4,CGMacros_dateshifted365/CGMacros/CGMacros-046/CGMacros-046.csv,dexcom,230.6,230.6,94.4
S046_2025-05-10T08:17:00,46,2025-05-10 08:17:00,51,M,28.16034914,179.8,67.0,7.4,154,8,Breakfast,268.0,24.0,22.0,10.5,0.0,100.0,167.6,59.4,CGMacros_dateshifted365/CGMacros/CGMacros-046/CGMacros-046.csv,dexcom,227.0,171.4,3.8
S046_2025-05-10T11:46:00,46,2025-05-10 11:46:00,51,M,28.16034914,179.8,67.0,7.4,154,11,Lunch,725.0,94.0,44.0,20.0,4.0,100.0,111.2,58.8,CGMacros_dateshifted365/CGMacros/CGMacros-046/CGMacros-046.csv,dexcom,170.0,157.0,45.8
S046_2025-05-10T14:28:00,46,2025-05-10 14:28:00,51,M,28.16034914,179.8,67.0,7.4,154,14,Dinner,633.0,47.0,55.0,25.0,3.0,200.0,151.0,43.0,CGMacros_dateshifted365/CGMacros/CGMacros-046/CGMacros-046.csv,dexcom,194.0,194.0,43.0
S047_2025-10-30T12:04:00,47,2025-10-30 12:04:00,62,M,31.37720076,182.8,64.0,6.9,150,12,Lunch,1180.0,81.0,88.0,54.5,18.0,75.0,161.2,97.8,CGMacros_dateshifted365/CGMacros/CGMacros-047/CGMacros-047.csv,dexcom,259.0,195.4,34.2
S047_2025-10-30T17:10:00,47,2025-10-30 17:10:00,62,M,31.37720076,182.8,64.0,6.9,150,17,Dinner,451.0,40.0,10.0,28.0,1.0,300.0,124.4,19.8,CGMacros_dateshifted365/CGMacros/CGMacros-047/CGMacros-047.csv,dexcom,144.2,144.2,19.8
S047_2025-10-31T07:41:00,47,2025-10-31 07:41:00,62,M,31.37720076,182.8,64.0,6.9,150,7,Breakfast,448.0,66.0,22.0,10.5,0.0,100.0,193.0,169.0,CGMacros_dateshifted365/CGMacros/CGMacros-047/CGMacros-047.csv,dexcom,362.0,338.0,145.0
S047_2025-10-31T11:44:00,47,2025-10-31 11:44:00,62,M,31.37720076,182.8,64.0,6.9,150,11,Lunch,830.0,92.0,17.0,42.0,10.0,100.0,149.2,55.8,CGMacros_dateshifted365/CGMacros/CGMacros-047/CGMacros-047.csv,dexcom,205.0,181.2,32.0
S047_2025-10-31T16:29:00,47,2025-10-31 16:29:00,62,M,31.37720076,182.8,64.0,6.9,150,16,Dinner,420.0,33.0,41.0,15.0,4.0,300.0,134.8,114.2,CGMacros_dateshifted365/CGMacros/CGMacros-047/CGMacros-047.csv,dexcom,249.0,225.4,90.6
S047_2025-11-01T07:57:00,47,2025-11-01 07:57:00,62,M,31.37720076,182.8,64.0,6.9,150,7,Breakfast,608.0,66.0,66.0,10.5,0.0,100.0,194.4,154.6,CGMacros_dateshifted365/CGMacros/CGMacros-047/CGMacros-047.csv,dexcom,349.0,291.6,97.2
S047_2025-11-01T12:19:00,47,2025-11-01 12:19:00,62,M,31.37720076,182.8,64.0,6.9,150,12,Lunch,435.0,16.0,66.0,14.0,4.0,100.0,198.4,-0.2,CGMacros_dateshifted365/CGMacros/CGMacros-047/CGMacros-047.csv,dexcom,198.2,134.6,-63.8
S047_2025-11-01T16:42:00,47,2025-11-01 16:42:00,62,M,31.37720076,182.8,64.0,6.9,150,16,Dinner,236.0,4.0,38.0,7.0,2.0,200.0,154.4,150.6,CGMacros_dateshifted365/CGMacros/CGMacros-047/CGMacros-047.csv,dexcom,305.0,277.2,122.8
S047_2025-11-02T07:39:00,47,2025-11-02 07:39:00,62,M,31.37720076,182.8,64.0,6.9,150,7,Breakfast,712.0,66.0,22.0,42.0,0.0,100.0,198.4,142.6,CGMacros_dateshifted365/CGMacros/CGMacros-047/CGMacros-047.csv,dexcom,341.0,328.2,129.8
S047_2025-11-02T11:57:00,47,2025-11-02 11:57:00,62,M,31.37720076,182.8,64.0,6.9,150,11,Lunch,555.0,94.0,12.0,13.0,5.0,75.0,190.4,68.6,CGMacros_dateshifted365/CGMacros/CGMacros-047/CGMacros-047.csv,dexcom,259.0,250.6,60.2
S047_2025-11-02T17:20:00,47,2025-11-02 17:20:00,62,M,31.37720076,182.8,64.0,6.9,150,17,Dinner,241.0,8.0,25.0,12.0,2.0,100.0,184.6,31.4,CGMacros_dateshifted365/CGMacros/CGMacros-047/CGMacros-047.csv,dexcom,216.0,161.8,-22.8
S047_2025-11-03T07:40:00,47,2025-11-03 07:40:00,62,M,31.37720076,182.8,64.0,6.9,150,7,Breakfast,902.0,73.0,66.0,42.0,7.0,100.0,192.8,95.0,CGMacros_dateshifted365/CGMacros/CGMacros-047/CGMacros-047.csv,dexcom,287.8,287.8,95.0
S047_2025-11-03T11:47:00,47,2025-11-03 11:47:00,62,M,31.37720076,182.8,64.0,6.9,150,11,Lunch,355.0,19.0,32.0,15.0,5.0,100.0,193.0,-1.0,CGMacros_dateshifted365/CGMacros/CGMacros-047/CGMacros-047.csv,dexcom,192.0,144.4,-48.6
S047_2025-11-03T16:56:00,47,2025-11-03 16:56:00,62,M,31.37720076,182.8,64.0,6.9,150,16,Dinner,442.0,33.0,28.0,22.0,2.0,100.0,170.0,42.0,CGMacros_dateshifted365/CGMacros/CGMacros-047/CGMacros-047.csv,dexcom,212.0,212.0,42.0
S047_2025-11-04T08:49:00,47,2025-11-04 08:49:00,62,M,31.37720076,182.8,64.0,6.9,150,8,Breakfast,268.0,24.0,22.0,10.5,0.0,100.0,188.0,102.0,CGMacros_dateshifted365/CGMacros/CGMacros-047/CGMacros-047.csv,dexcom,290.0,222.2,34.2
S047_2025-11-04T11:22:00,47,2025-11-04 11:22:00,62,M,31.37720076,182.8,64.0,6.9,150,11,Lunch,1110.0,93.0,84.0,44.0,4.0,100.0,189.0,37.0,CGMacros_dateshifted365/CGMacros/CGMacros-047/CGMacros-047.csv,dexcom,226.0,170.0,-19.0
S047_2025-11-04T17:23:00,47,2025-11-04 17:23:00,62,M,31.37720076,182.8,64.0,6.9,150,17,Dinner,644.0,67.0,34.0,29.0,11.0,200.0,138.6,127.4,CGMacros_dateshifted365/CGMacros/CGMacros-047/CGMacros-047.csv,dexcom,266.0,255.6,117.0
S047_2025-11-05T08:47:00,47,2025-11-05 08:47:00,62,M,31.37720076,182.8,64.0,6.9,150,8,Breakfast,448.0,66.0,22.0,10.5,0.0,100.0,194.8,136.2,CGMacros_dateshifted365/CGMacros/CGMacros-047/CGMacros-047.csv,dexcom,331.0,330.6,135.8
S047_2025-11-05T12:10:00,47,2025-11-05 12:10:00,62,M,31.37720076,182.8,64.0,6.9,150,12,Lunch,575.0,76.0,22.0,18.5,11.0,75.0,252.4,-0.4,CGMacros_dateshifted365/CGMacros/CGMacros-047/CGMacros-047.csv,dexcom,252.0,179.8,-72.6
S047_2025-11-05T17:23:00,47,2025-11-05 17:23:00,62,M,31.37720076,182.8,64.0,6.9,150,17,Dinner,820.0,52.0,48.0,50.0,8.0,100.0,163.0,111.0,CGMacros_dateshifted365/CGMacros/CGMacros-047/CGMacros-047.csv,dexcom,274.0,235.4,72.4
S047_2025-11-06T08:13:00,47,2025-11-06 08:13:00,62,M,31.37720076,182.8,64.0,6.9,150,8,Breakfast,608.0,66.0,66.0,10.5,0.0,100.0,186.2,67.8,CGMacros_dateshifted365/CGMacros/CGMacros-047/CGMacros-047.csv,dexcom,254.0,188.6,2.4
S047_2025-11-06T11:47:00,47,2025-11-06 11:47:00,62,M,31.37720076,182.8,64.0,6.9,150,11,Lunch,585.0,40.0,76.0,17.0,13.0,100.0,167.4,31.6,CGMacros_dateshifted365/CGMacros/CGMacros-047/CGMacros-047.csv,dexcom,199.0,190.6,23.2
S047_2025-11-06T16:06:00,47,2025-11-06 16:06:00,62,M,31.37720076,182.8,64.0,6.9,150,16,Dinner,1205.0,95.0,84.0,60.0,8.0,200.0,125.0,66.0,CGMacros_dateshifted365/CGMacros/CGMacros-047/CGMacros-047.csv,dexcom,191.0,174.0,49.0
S047_2025-11-07T07:54:00,47,2025-11-07 07:54:00,62,M,31.37720076,182.8,64.0,6.9,150,7,Breakfast,712.0,66.0,22.0,42.0,0.0,100.0,158.3333,93.6667,CGMacros_dateshifted365/CGMacros/CGMacros-047/CGMacros-047.csv,libre,252.0,216.6667,58.3333
S047_2025-11-07T11:07:00,47,2025-11-07 11:07:00,62,M,31.37720076,182.8,64.0,6.9,150,11,Lunch,445.0,43.0,20.0,20.0,13.0,100.0,180.4,30.6,CGMacros_dateshifted365/CGMacros/CGMacros-047/CGMacros-047.csv,dexcom,211.0,183.0,2.6
S047_2025-11-07T15:50:00,47,2025-11-07 15:50:00,62,M,31.37720076,182.8,64.0,6.9,150,15,Dinner,670.0,61.0,42.0,28.0,4.0,300.0,148.8,79.2,CGMacros_dateshifted365/CGMacros/CGMacros-047/CGMacros-047.csv,dexcom,228.0,183.4,34.6
S047_2025-11-08T09:59:00,47,2025-11-08 09:59:00,62,M,31.37720076,182.8,64.0,6.9,150,9,Breakfast,268.0,24.0,22.0,10.5,0.0,100.0,242.8,-0.4,CGMacros_dateshifted365/CGMacros/CGMacros-047/CGMacros-047.csv,dexcom,242.4,192.6,-50.2
S047_2025-11-08T11:28:00,47,2025-11-08 11:28:00,62,M,31.37720076,182.8,64.0,6.9,150,11,Lunch,725.0,94.0,44.0,20.0,4.0,100.0,171.4,44.6,CGMacros_dateshifted365/CGMacros/CGMacros-047/CGMacros-047.csv,dexcom,216.0,140.4,-31.0
S047_2025-11-08T16:23:00,47,2025-11-08 16:23:00,62,M,31.37720076,182.8,64.0,6.9,150,16,Dinner,596.0,43.0,47.0,26.0,3.0,300.0,168.2,32.8,CGMacros_dateshifted365/CGMacros/CGMacros-047/CGMacros-047.csv,dexcom,201.0,165.0,-3.2
S048_2022-11-14T13:02:00,48,2022-11-14 13:02:00,22,F,21.1336719,127.0,65.0,4.8,79,13,Lunch,1180.0,81.0,88.0,54.5,18.0,75.0,84.0,66.0,CGMacros_dateshifted365/CGMacros/CGMacros-048/CGMacros-048.csv,dexcom,150.0,117.0,33.0
S048_2022-11-14T19:00:00,48,2022-11-14 19:00:00,22,F,21.1336719,127.0,65.0,4.8,79,19,Dinner,20.0,2.0,0.0,2.0,2.0,0.0,76.2,16.8,CGMacros_dateshifted365/CGMacros/CGMacros-048/CGMacros-048.csv,dexcom,93.0,79.0,2.8
S048_2022-11-14T19:30:00,48,2022-11-14 19:30:00,22,F,21.1336719,127.0,65.0,4.8,79,19,Dinner,723.0,97.0,36.0,21.0,10.0,0.0,53.6,39.4,CGMacros_dateshifted365/CGMacros/CGMacros-048/CGMacros-048.csv,dexcom,93.0,86.6,33.0
S048_2022-11-15T09:35:00,48,2022-11-15 09:35:00,22,F,21.1336719,127.0,65.0,4.8,79,9,Breakfast,448.0,66.0,22.0,10.5,0.0,100.0,90.4,53.6,CGMacros_dateshifted365/CGMacros/CGMacros-048/CGMacros-048.csv,dexcom,144.0,113.8,23.4
S048_2022-11-15T13:42:00,48,2022-11-15 13:42:00,22,F,21.1336719,127.0,65.0,4.8,79,13,Lunch,830.0,92.0,17.0,42.0,10.0,100.0,66.0,73.0,CGMacros_dateshifted365/CGMacros/CGMacros-048/CGMacros-048.csv,dexcom,139.0,118.0,52.0
S048_2022-11-15T19:30:00,48,2022-11-15 19:30:00,22,F,21.1336719,127.0,65.0,4.8,79,19,Dinner,336.0,45.0,11.0,12.0,6.0,0.0,77.4,35.6,CGMacros_dateshifted365/CGMacros/CGMacros-048/CGMacros-048.csv,dexcom,113.0,89.4,12.0
S048_2022-11-16T10:29:00,48,2022-11-16 10:29:00,22,F,21.1336719,127.0,65.0,4.8,79,10,Breakfast,608.0,66.0,66.0,10.5,0.0,100.0,82.6,46.4,CGMacros_dateshifted365/CGMacros/CGMacros-048/CGMacros-048.csv,dexcom,129.0,90.0,7.4
S048_2022-11-16T15:57:00,48,2022-11-16 15:57:00,22,F,21.1336719,127.0,65.0,4.8,79,15,Lunch,435.0,16.0,66.0,14.0,4.0,100.0,93.0,20.0,CGMacros_dateshifted365/CGMacros/CGMacros-048/CGMacros-048.csv,dexcom,113.0,104.0,11.0
S048_2022-11-16T21:11:00,48,2022-11-16 21:11:00,22,F,21.1336719,127.0,65.0,4.8,79,21,Dinner,1420.0,93.0,56.0,83.0,5.0,200.0,126.4,10.6,CGMacros_dateshifted365/CGMacros/CGMacros-048/CGMacros-048.csv,dexcom,137.0,104.2,-22.2
S048_2022-11-17T07:31:00,48,2022-11-17 07:31:00,22,F,21.1336719,127.0,65.0,4.8,79,7,Breakfast,712.0,66.0,22.0,42.0,0.0,100.0,94.0,47.0,CGMacros_dateshifted365/CGMacros/CGMacros-048/CGMacros-048.csv,dexcom,141.0,106.6,12.6
S048_2022-11-17T14:02:00,48,2022-11-17 14:02:00,22,F,21.1336719,127.0,65.0,4.8,79,14,Lunch,555.0,94.0,12.0,13.0,5.0,75.0,103.0,91.0,CGMacros_dateshifted365/CGMacros/CGMacros-048/CGMacros-048.csv,dexcom,194.0,135.0,32.0
S048_2022-11-17T18:58:00,48,2022-11-17 18:58:00,22,F,21.1336719,127.0,65.0,4.8,79,18,Dinner,329.0,13.0,7.0,5.0,1.0,300.0,94.2,28.0,CGMacros_dateshifted365/CGMacros/CGMacros-048/CGMacros-048.csv,dexcom,122.2,122.2,28.0
S048_2022-11-18T07:07:00,48,2022-11-18 07:07:00,22,F,21.1336719,127.0,65.0,4.8,79,7,Breakfast,902.0,73.0,66.0,42.0,7.0,100.0,110.0,68.0,CGMacros_dateshifted365/CGMacros/CGMacros-048/CGMacros-048.csv,dexcom,178.0,121.0,11.0
S048_2022-11-18T11:43:00,48,2022-11-18 11:43:00,22,F,21.1336719,127.0,65.0,4.8,79,11,Lunch,355.0,19.0,32.0,15.0,5.0,100.0,92.4,15.6,CGMacros_dateshifted365/CGMacros/CGMacros-048/CGMacros-048.csv,dexcom,108.0,100.0,7.6
S048_2022-11-18T19:07:00,48,2022-11-18 19:07:00,22,F,21.1336719,127.0,65.0,4.8,79,19,Dinner,780.0,95.0,52.0,21.0,3.0,200.0,100.0,81.0,CGMacros_dateshifted365/CGMacros/CGMacros-048/CGMacros-048.csv,dexcom,181.0,170.0,70.0
S048_2022-11-19T07:23:00,48,2022-11-19 07:23:00,22,F,21.1336719,127.0,65.0,4.8,79,7,Breakfast,268.0,24.0,22.0,10.5,0.0,100.0,108.4,72.6,CGMacros_dateshifted365/CGMacros/CGMacros-048/CGMacros-048.csv,dexcom,181.0,103.8,-4.6
S048_2022-11-19T10:57:00,48,2022-11-19 10:57:00,22,F,21.1336719,127.0,65.0,4.8,79,10,Lunch,1110.0,93.0,84.0,44.0,4.0,100.0,118.0,58.0,CGMacros_dateshifted365/CGMacros/CGMacros-048/CGMacros-048.csv,dexcom,176.0,111.0,-7.0
S048_2022-11-19T15:19:00,48,2022-11-19 15:19:00,22,F,21.1336719,127.0,65.0,4.8,79,15,Snack,31.0,8.0,0.0,0.0,0.0,100.0,101.4,31.6,CGMacros_dateshifted365/CGMacros/CGMacros-048/CGMacros-048.csv,dexcom,133.0,108.0,6.6
S048_2022-11-19T17:44:00,48,2022-11-19 17:44:00,22,F,21.1336719,127.0,65.0,4.8,79,17,Dinner,500.0,51.0,32.0,21.0,5.0,300.0,99.2,52.8,CGMacros_dateshifted365/CGMacros/CGMacros-048/CGMacros-048.csv,dexcom,152.0,120.2,21.0
S048_2022-11-19T18:46:00,48,2022-11-19 18:46:00,22,F,21.1336719,127.0,65.0,4.8,79,18,Snack,179.0,10.0,8.0,12.0,1.0,100.0,100.4,51.6,CGMacros_dateshifted365/CGMacros/CGMacros-048/CGMacros-048.csv,dexcom,152.0,133.2,32.8
S048_2022-11-20T07:04:00,48,2022-11-20 07:04:00,22,F,21.1336719,127.0,65.0,4.8,79,7,Breakfast,448.0,66.0,22.0,10.5,0.0,100.0,108.8,80.2,CGMacros_dateshifted365/CGMacros/CGMacros-048/CGMacros-048.csv,dexcom,189.0,138.6,29.8
S048_2022-11-20T11:14:00,48,2022-11-20 11:14:00,22,F,21.1336719,127.0,65.0,4.8,79,11,Lunch,575.0,76.0,22.0,18.5,11.0,75.0,112.6,77.4,CGMacros_dateshifted365/CGMacros/CGMacros-048/CGMacros-048.csv,dexcom,190.0,141.0,28.4
S048_2022-11-20T19:04:00,48,2022-11-20 19:04:00,22,F,21.1336719,127.0,65.0,4.8,79,19,Dinner,934.0,76.0,67.0,33.0,8.0,500.0,115.4,42.6,CGMacros_dateshifted365/CGMacros/CGMacros-048/CGMacros-048.csv,dexcom,158.0,140.2,24.8
S048_2022-11-21T09:33:00,48,2022-11-21 09:33:00,22,F,21.1336719,127.0,65.0,4.8,79,9,Breakfast,608.0,66.0,66.0,10.5,0.0,100.0,110.4,79.6,CGMacros_dateshifted365/CGMacros/CGMacros-048/CGMacros-048.csv,dexcom,190.0,110.4,0.0
S048_2022-11-21T12:33:00,48,2022-11-21 12:33:00,22,F,21.1336719,127.0,65.0,4.8,79,12,Lunch,585.0,40.0,76.0,17.0,13.0,100.0,118.0,22.0,CGMacros_dateshifted365/CGMacros/CGMacros-048/CGMacros-048.csv,dexcom,140.0,120.4,2.4
S048_2022-11-21T16:30:00,48,2022-11-21 16:30:00,22,F,21.1336719,127.0,65.0,4.8,79,16,Dinner,243.0,26.0,10.0,12.0,5.0,300.0,127.0,57.0,CGMacros_dateshifted365/CGMacros/CGMacros-048/CGMacros-048.csv,dexcom,184.0,131.0,4.0
S048_2022-11-21T19:49:00,48,2022-11-21 19:49:00,22,F,21.1336719,127.0,65.0,4.8,79,19,Dinner,772.0,55.0,61.0,33.0,7.0,200.0,118.6,58.4,CGMacros_dateshifted365/CGMacros/CGMacros-048/CGMacros-048.csv,dexcom,177.0,145.0,26.4
S048_2022-11-22T10:34:00,48,2022-11-22 10:34:00,22,F,21.1336719,127.0,65.0,4.8,79,10,Breakfast,712.0,66.0,22.0,42.0,0.0,100.0,108.8,85.2,CGMacros_dateshifted365/CGMacros/CGMacros-048/CGMacros-048.csv,dexcom,194.0,114.4,5.6
S048_2022-11-22T13:25:00,48,2022-11-22 13:25:00,22,F,21.1336719,127.0,65.0,4.8,79,13,Lunch,445.0,43.0,20.0,20.0,13.0,100.0,85.4,51.6,CGMacros_dateshifted365/CGMacros/CGMacros-048/CGMacros-048.csv,dexcom,137.0,107.4,22.0
S048_2022-11-22T16:35:00,48,2022-11-22 16:35:00,22,F,21.1336719,127.0,65.0,4.8,79,16,Snack,426.0,59.0,8.0,20.0,4.0,200.0,101.6,54.4,CGMacros_dateshifted365/CGMacros/CGMacros-048/CGMacros-048.csv,dexcom,156.0,134.4,32.8
S048_2022-11-22T21:36:00,48,2022-11-22 21:36:00,22,F,21.1336719,127.0,65.0,4.8,79,21,Dinner,270.0,31.0,13.0,11.0,4.0,200.0,109.6,65.4,CGMacros_dateshifted365/CGMacros/CGMacros-048/CGMacros-048.csv,dexcom,175.0,139.6,30.0
S048_2022-11-23T10:22:00,48,2022-11-23 10:22:00,22,F,21.1336719,127.0,65.0,4.8,79,10,Breakfast,268.0,24.0,22.0,10.5,0.0,100.0,113.0,44.0,CGMacros_dateshifted365/CGMacros/CGMacros-048/CGMacros-048.csv,dexcom,157.0,103.0,-10.0
S048_2022-11-23T13:22:00,48,2022-11-23 13:22:00,22,F,21.1336719,127.0,65.0,4.8,79,13,Lunch,725.0,94.0,44.0,20.0,4.0,100.0,97.0,30.0,CGMacros_dateshifted365/CGMacros/CGMacros-048/CGMacros-048.csv,dexcom,127.0,108.0,11.0
S048_2022-11-23T19:08:00,48,2022-11-23 19:08:00,22,F,21.1336719,127.0,65.0,4.8,79,19,Dinner,253.0,14.0,11.0,16.0,0.0,300.0,144.4,6.0,CGMacros_dateshifted365/CGMacros/CGMacros-048/CGMacros-048.csv,dexcom,150.4,150.4,6.0
S048_2022-11-23T22:36:00,48,2022-11-23 22:36:00,22,F,21.1336719,127.0,65.0,4.8,79,22,Snack,293.0,40.0,11.0,13.0,4.0,200.0,123.6,53.4,CGMacros_dateshifted365/CGMacros/CGMacros-048/CGMacros-048.csv,dexcom,177.0,136.8,13.2
S048_2022-11-24T11:24:00,48,2022-11-24 11:24:00,22,F,21.1336719,127.0,65.0,4.8,79,11,Breakfast,902.0,73.0,22.0,42.0,7.0,100.0,95.3333,16.6667,CGMacros_dateshifted365/CGMacros/CGMacros-048/CGMacros-048.csv,libre,112.0,87.6667,-7.6667
S049_2025-05-11T11:52:00,49,2025-05-11 11:52:00,58,F,36.09087565,184.8,60.0,7.2,148,11,Lunch,1180.0,81.0,88.0,54.5,18.0,75.0,152.2,81.0,CGMacros_dateshifted365/CGMacros/CGMacros-049/CGMacros-049.csv,dexcom,233.2,233.2,81.0
S049_2025-05-11T20:16:00,49,2025-05-11 20:16:00,58,F,36.09087565,184.8,60.0,7.2,148,20,Dinner,57.0,13.0,3.0,0.0,4.0,300.0,160.4,82.6,CGMacros_dateshifted365/CGMacros/CGMacros-049/CGMacros-049.csv,dexcom,243.0,215.0,54.6
S049_2025-05-12T07:05:00,49,2025-05-12 07:05:00,58,F,36.09087565,184.8,60.0,7.2,148,7,Breakfast,448.0,66.0,22.0,10.5,0.0,100.0,186.6,210.4,CGMacros_dateshifted365/CGMacros/CGMacros-049/CGMacros-049.csv,dexcom,397.0,373.8,187.2
S049_2025-05-12T13:34:00,49,2025-05-12 13:34:00,58,F,36.09087565,184.8,60.0,7.2,148,13,Lunch,830.0,92.0,17.0,42.0,10.0,100.0,140.0,101.0,CGMacros_dateshifted365/CGMacros/CGMacros-049/CGMacros-049.csv,dexcom,241.0,229.0,89.0
S049_2025-05-12T20:45:00,49,2025-05-12 20:45:00,58,F,36.09087565,184.8,60.0,7.2,148,20,Dinner,393.0,42.0,13.0,22.0,21.0,400.0,145.0,80.0,CGMacros_dateshifted365/CGMacros/CGMacros-049/CGMacros-049.csv,dexcom,225.0,192.4,47.4
S049_2025-05-13T07:08:00,49,2025-05-13 07:08:00,58,F,36.09087565,184.8,60.0,7.2,148,7,Breakfast,608.0,66.0,66.0,10.5,0.0,100.0,165.0,118.0,CGMacros_dateshifted365/CGMacros/CGMacros-049/CGMacros-049.csv,dexcom,283.0,257.0,92.0
S049_2025-05-13T13:26:00,49,2025-05-13 13:26:00,58,F,36.09087565,184.8,60.0,7.2,148,13,Lunch,435.0,16.0,66.0,14.0,4.0,100.0,92.4,118.6,CGMacros_dateshifted365/CGMacros/CGMacros-049/CGMacros-049.csv,dexcom,211.0,209.4,117.0
S049_2025-05-14T07:08:00,49,2025-05-14 07:08:00,58,F,36.09087565,184.8,60.0,7.2,148,7,Breakfast,712.0,66.0,22.0,42.0,0.0,100.0,162.0,158.0,CGMacros_dateshifted365/CGMacros/CGMacros-049/CGMacros-049.csv,dexcom,320.0,273.0,111.0
S049_2025-05-14T12:02:00,49,2025-05-14 12:02:00,58,F,36.09087565,184.8,60.0,7.2,148,12,Lunch,555.0,94.0,12.0,13.0,5.0,75.0,79.8,147.2,CGMacros_dateshifted365/CGMacros/CGMacros-049/CGMacros-049.csv,dexcom,227.0,226.2,146.4
S049_2025-05-14T19:33:00,49,2025-05-14 19:33:00,58,F,36.09087565,184.8,60.0,7.2,148,19,Dinner,388.0,32.0,8.0,29.0,16.0,700.0,104.0,122.0,CGMacros_dateshifted365/CGMacros/CGMacros-049/CGMacros-049.csv,dexcom,226.0,226.0,122.0
S049_2025-05-15T08:10:00,49,2025-05-15 08:10:00,58,F,36.09087565,184.8,60.0,7.2,148,8,Breakfast,902.0,73.0,66.0,42.0,7.0,100.0,134.2,90.8,CGMacros_dateshifted365/CGMacros/CGMacros-049/CGMacros-049.csv,dexcom,225.0,213.2,79.0
S049_2025-05-15T13:05:00,49,2025-05-15 13:05:00,58,F,36.09087565,184.8,60.0,7.2,148,13,Lunch,355.0,19.0,32.0,15.0,5.0,100.0,111.0,3.0,CGMacros_dateshifted365/CGMacros/CGMacros-049/CGMacros-049.csv,dexcom,114.0,108.0,-3.0
S049_2025-05-15T20:10:00,49,2025-05-15 20:10:00,58,F,36.09087565,184.8,60.0,7.2,148,20,Dinner,752.0,63.0,16.0,55.0,20.0,600.0,140.2,90.8,CGMacros_dateshifted365/CGMacros/CGMacros-049/CGMacros-049.csv,dexcom,231.0,226.8,86.6
S049_2025-05-16T07:09:00,49,2025-05-16 07:09:00,58,F,36.09087565,184.8,60.0,7.2,148,7,Breakfast,268.0,24.0,22.0,10.5,0.0,100.0,138.8,89.2,CGMacros_dateshifted365/CGMacros/CGMacros-049/CGMacros-049.csv,dexcom,228.0,147.0,8.2
S049_2025-05-16T12:08:00,49,2025-05-16 12:08:00,58,F,36.09087565,184.8,60.0,7.2,148,12,Lunch,1110.0,93.0,84.0,44.0,4.0,100.0,104.0,107.0,CGMacros_dateshifted365/CGMacros/CGMacros-049/CGMacros-049.csv,dexcom,211.0,205.0,101.0
S049_2025-05-16T19:30:00,49,2025-05-16 19:30:00,58,F,36.09087565,184.8,60.0,7.2,148,19,Dinner,575.0,63.0,19.0,30.0,5.0,400.0,120.6,78.0,CGMacros_dateshifted365/CGMacros/CGMacros-049/CGMacros-049.csv,dexcom,198.6,198.6,78.0
S049_2025-05-17T07:11:00,49,2025-05-17 07:11:00,58,F,36.09087565,184.8,60.0,7.2,148,7,Breakfast,448.0,66.0,22.0,10.5,0.0,100.0,153.0,110.0,CGMacros_dateshifted365/CGMacros/CGMacros-049/CGMacros-049.csv,dexcom,263.0,194.2,41.2
S049_2025-05-17T12:16:00,49,2025-05-17 12:16:00,58,F,36.09087565,184.8,60.0,7.2,148,12,Lunch,575.0,76.0,22.0,18.5,11.0,75.0,84.4,103.6,CGMacros_dateshifted365/CGMacros/CGMacros-049/CGMacros-049.csv,dexcom,188.0,178.8,94.4
S049_2025-05-17T19:17:00,49,2025-05-17 19:17:00,58,F,36.09087565,184.8,60.0,7.2,148,19,Dinner,412.0,124.0,56.0,36.0,8.0,400.0,181.8,81.2,CGMacros_dateshifted365/CGMacros/CGMacros-049/CGMacros-049.csv,dexcom,263.0,150.8,-31.0
S049_2025-05-18T08:59:00,49,2025-05-18 08:59:00,58,F,36.09087565,184.8,60.0,7.2,148,8,Breakfast,608.0,66.0,66.0,10.5,0.0,100.0,153.2,141.8,CGMacros_dateshifted365/CGMacros/CGMacros-049/CGMacros-049.csv,dexcom,295.0,241.8,88.6
S049_2025-05-18T13:01:00,49,2025-05-18 13:01:00,58,F,36.09087565,184.8,60.0,7.2,148,13,Lunch,585.0,40.0,76.0,17.0,13.0,100.0,157.4,31.6,CGMacros_dateshifted365/CGMacros/CGMacros-049/CGMacros-049.csv,dexcom,189.0,182.6,25.2
S049_2025-05-18T19:42:00,49,2025-05-18 19:42:00,58,F,36.09087565,184.8,60.0,7.2,148,19,Dinner,590.0,69.0,31.0,42.0,9.0,500.0,210.4,34.6,CGMacros_dateshifted365/CGMacros/CGMacros-049/CGMacros-049.csv,dexcom,245.0,198.4,-12.0
S049_2025-05-19T07:06:00,49,2025-05-19 07:06:00,58,F,36.09087565,184.8,60.0,7.2,148,7,Breakfast,712.0,66.0,22.0,42.0,0.0,100.0,164.8,166.2,CGMacros_dateshifted365/CGMacros/CGMacros-049/CGMacros-049.csv,dexcom,331.0,279.8,115.0
S049_2025-05-19T13:37:00,49,2025-05-19 13:37:00,58,F,36.09087565,184.8,60.0,7.2,148,13,Lunch,445.0,43.0,20.0,20.0,13.0,100.0,94.8,92.2,CGMacros_dateshifted365/CGMacros/CGMacros-049/CGMacros-049.csv,dexcom,187.0,182.8,88.0
S049_2025-05-19T20:21:00,49,2025-05-19 20:21:00,58,F,36.09087565,184.8,60.0,7.2,148,20,Dinner,370.0,38.0,26.0,12.0,2.0,200.0,106.0,130.0,CGMacros_dateshifted365/CGMacros/CGMacros-049/CGMacros-049.csv,dexcom,236.0,206.8,100.8
S049_2025-05-20T07:06:00,49,2025-05-20 07:06:00,58,F,36.09087565,184.8,60.0,7.2,148,7,Breakfast,268.0,24.0,22.0,10.5,0.0,100.0,152.6,102.4,CGMacros_dateshifted365/CGMacros/CGMacros-049/CGMacros-049.csv,dexcom,255.0,170.4,17.8
S049_2025-05-20T12:53:00,49,2025-05-20 12:53:00,58,F,36.09087565,184.8,60.0,7.2,148,12,Lunch,725.0,94.0,44.0,20.0,4.0,100.0,100.0,192.0,CGMacros_dateshifted365/CGMacros/CGMacros-049/CGMacros-049.csv,dexcom,292.0,283.0,183.0
S049_2025-05-21T08:02:00,49,2025-05-21 08:02:00,58,F,36.09087565,184.8,60.0,7.2,148,8,Breakfast,902.0,73.0,22.0,42.0,7.0,100.0,221.4,1.6,CGMacros_dateshifted365/CGMacros/CGMacros-049/CGMacros-049.csv,libre,223.0,135.8,-85.6
